policy_id,entry_alpha,exit_alpha,weight_power,volatility_window,entry_confirm,cooldown,trades,mean_net_bp,median_net_bp,win_rate,profit_factor,mean_bars,short_hold_fraction,sharpe,return,cagr,mdd,sum_trade_net_bp
e0.001_x0.05_p0_w120_c1_d0,0.001,0.05,0.0,120,1,0,65,-30.138700118805392,-82.94180726575506,0.3384615384615385,0.7286790628565882,463.61538461538464,0.015384615384615385,-1.008526600614167,-0.19265179099703122,-0.19975968465144334,0.3144536439194614,-1959.0155077223505
e0.001_x0.05_p0_w120_c1_d5,0.001,0.05,0.0,120,1,5,60,-20.18507014094934,-70.17245672747529,0.36666666666666664,0.8125352956561047,472.6,0.016666666666666666,-0.6802056787272047,-0.12935543396682048,-0.13432479131229247,0.2713152588190083,-1211.1042084569604
e0.001_x0.05_p0_w120_c3_d0,0.001,0.05,0.0,120,3,0,40,17.53225504916553,-28.724902894487478,0.45,1.2260309650916426,536.975,0.0,0.4804917098005429,0.06290189549208969,0.0655846140555123,0.14293830363631743,701.2902019666212
e0.001_x0.05_p0_w120_c3_d5,0.001,0.05,0.0,120,3,5,38,27.61716812627324,-24.89649161526941,0.47368421052631576,1.3810002089334679,539.7631578947369,0.0,0.7449487766829871,0.10115583532835393,0.10554919630085124,0.11902134476222803,1049.452388798383
e0.001_x0.05_p0_w240_c1_d0,0.001,0.05,0.0,240,1,0,52,20.646777625670016,-53.95795460600871,0.4230769230769231,1.2092757136157828,573.9807692307693,0.019230769230769232,0.5799649501417032,0.09330150844109664,0.09733889147507546,0.16846044421687345,1073.6324365348407
e0.001_x0.05_p0_w240_c1_d5,0.001,0.05,0.0,240,1,5,50,19.24067740564643,-53.95795460600871,0.42,1.1848087381785168,567.52,0.02,0.5267321548138506,0.08101492074776862,0.08450033876663543,0.1743629169389701,962.0338702823216
e0.001_x0.05_p0_w240_c3_d0,0.001,0.05,0.0,240,3,0,46,33.98070975112589,-31.37616855874381,0.43478260869565216,1.380071228919284,619.1739130434783,0.0,0.8897882466612737,0.15069334585238914,0.1573869827471781,0.18216509806410186,1563.112648551791
e0.001_x0.05_p0_w240_c3_d5,0.001,0.05,0.0,240,3,5,42,44.67837568825533,-15.816614197450285,0.5,1.4961150494827362,631.6666666666666,0.0,1.1140821204410085,0.18755785554629978,0.1960234228737059,0.16329647008304782,1876.4917789067238
e0.001_x0.05_p0_w480_c1_d0,0.001,0.05,0.0,480,1,0,53,-12.042523609085602,-94.6327801863811,0.4339622641509434,0.9020074595494324,585.3207547169811,0.0,-0.35802346853632666,-0.0820842783622111,-0.08532726361235399,0.21897040004485846,-638.2537512815369
e0.001_x0.05_p0_w480_c1_d5,0.001,0.05,0.0,480,1,5,52,-11.987876219213156,-106.37858008274547,0.4230769230769231,0.9038365885993421,586.0192307692307,0.0,-0.35794895174396213,-0.08082380841875303,-0.084019308285323,0.214175007725399,-623.3695633990841
e0.001_x0.05_p0_w480_c3_d0,0.001,0.05,0.0,480,3,0,48,17.26192300085144,-63.01601897312548,0.4583333333333333,1.172410181414842,613.5625,0.0,0.46809217984881163,0.06907416169944036,0.07202892652095749,0.17031189653553835,828.5723040408691
e0.001_x0.05_p0_w480_c3_d5,0.001,0.05,0.0,480,3,5,43,30.585780461570796,-23.08807874965013,0.4883720930232558,1.3193766402583667,621.6511627906976,0.0,0.7697584853319809,0.1234113610946157,0.12882648961539056,0.15927441962671574,1315.1885598475442
e0.001_x0.05_p1_w120_c1_d0,0.001,0.05,1.0,120,1,0,61,-32.38951256314644,-79.10414718670822,0.36065573770491804,0.6889681622142613,461.91803278688525,0.0,-1.0913854464763304,-0.19089586424572358,-0.19794721554570738,0.26026217383655614,-1975.7602663519326
e0.001_x0.05_p1_w120_c1_d5,0.001,0.05,1.0,120,1,5,58,-29.479348410750212,-70.00561291193308,0.3620689655172414,0.7186924518553137,464.3103448275862,0.0,-0.9919525352516798,-0.16899240355006195,-0.1753248918283219,0.2517855102143324,-1709.8022078235124
e0.001_x0.05_p1_w120_c3_d0,0.001,0.05,1.0,120,3,0,41,-7.614645873995493,-57.234763616716975,0.43902439024390244,0.9169398969342866,525.1219512195122,0.0,-0.18603681872833525,-0.03986915398830271,-0.04148199622798654,0.172199515796991,-312.2004808338152
e0.001_x0.05_p1_w120_c3_d5,0.001,0.05,1.0,120,3,5,38,4.476731487095964,-49.45788245371008,0.47368421052631576,1.0519213456047767,522.1052631578947,0.0,0.1316129986554471,0.008247242742559946,0.00858949743684767,0.16163960276235523,170.1157965096466
e0.001_x0.05_p1_w240_c1_d0,0.001,0.05,1.0,240,1,0,51,8.081929329882351,-78.33800214915199,0.4117647058823529,1.0787192570349693,609.0392156862745,0.0,0.2269768249839657,0.02478421485215665,0.025821468244179968,0.1896441940020811,412.1783958239999
e0.001_x0.05_p1_w240_c1_d5,0.001,0.05,1.0,240,1,5,49,9.574124221997007,-78.33800214915199,0.42857142857142855,1.0905427326107442,603.9183673469388,0.0,0.25824429958046297,0.030570769423336364,0.03185393805959835,0.19177153995133056,469.13208687785334
e0.001_x0.05_p1_w240_c3_d0,0.001,0.05,1.0,240,3,0,47,20.19060362247232,-47.9277798025568,0.44680851063829785,1.21544231270849,616.9574468085107,0.0,0.5360257980005624,0.08310021457874206,0.0866788897853823,0.20478685441129396,948.958370256199
e0.001_x0.05_p1_w240_c3_d5,0.001,0.05,1.0,240,3,5,43,31.32948497416067,-31.136286760629073,0.4883720930232558,1.338769347182605,628.8837209302326,0.0,0.7830331089981196,0.12742847200457486,0.13303007067023298,0.1811807132814237,1347.167853888909
e0.001_x0.05_p1_w480_c1_d0,0.001,0.05,1.0,480,1,0,49,4.53235251260331,-40.1241972715094,0.4489795918367347,1.039830332959887,646.7142857142857,0.0,0.11439356860173787,0.003115610751943221,0.0032445636362949948,0.19287520654056345,222.08527311756222
e0.001_x0.05_p1_w480_c1_d5,0.001,0.05,1.0,480,1,5,48,6.11742670081964,-69.52935097534363,0.4375,1.05362615672456,649.0208333333334,0.0,0.15283959992051765,0.010592273459268498,0.011032376475002437,0.19064604292530285,293.6364816393427
e0.001_x0.05_p1_w480_c3_d0,0.001,0.05,1.0,480,3,0,46,15.113509869464224,-36.80938659895661,0.45652173913043476,1.1475106745697046,666.6521739130435,0.0,0.393141797282577,0.054992144869481896,0.05732849804114437,0.17257394980471097,695.2214539953543
e0.001_x0.05_p1_w480_c3_d5,0.001,0.05,1.0,480,3,5,42,26.94162905162786,-29.906029826793354,0.47619047619047616,1.2729816742900466,677.0238095238095,0.0,0.6590896769438226,0.10278528046796831,0.10725279569918,0.14784391466234148,1131.54842016837
e0.001_x0.05_p2_w120_c1_d0,0.001,0.05,2.0,120,1,0,58,-26.39842176568214,-80.57722840220438,0.3448275862068966,0.7360463963434661,417.62068965517244,0.0,-0.901375883715071,-0.1532485383622395,-0.15904905319567708,0.2238017699648217,-1531.1084624095643
e0.001_x0.05_p2_w120_c1_d5,0.001,0.05,2.0,120,1,5,55,-20.369456420695986,-79.10414718670822,0.36363636363636365,0.7921439436134604,427.2,0.0,-0.6865975870075788,-0.11737591013585225,-0.12191793582353061,0.2090506834410225,-1120.3201031382791
e0.001_x0.05_p2_w120_c3_d0,0.001,0.05,2.0,120,3,0,43,-5.783164134629642,-69.83108821851714,0.37209302325581395,0.9331948082997951,450.8837209302326,0.0,-0.1629301088374892,-0.032727234065673794,-0.034056310140683554,0.17347458938981253,-248.6760577890746
e0.001_x0.05_p2_w120_c3_d5,0.001,0.05,2.0,120,3,5,42,-2.02860689802126,-63.16292737452767,0.38095238095238093,0.9760598125389834,455.57142857142856,0.0,-0.04736666095527932,-0.01662628698018076,-0.017307344329215213,0.15664823405851425,-85.20148971689292
e0.001_x0.05_p2_w240_c1_d0,0.001,0.05,2.0,240,1,0,51,23.145713906852517,-21.837577053547275,0.4117647058823529,1.2450614601875516,611.4901960784314,0.0,0.6276677586969581,0.10594654633762768,0.1105582238397731,0.18514410713902507,1180.4314092494783
e0.001_x0.05_p2_w240_c1_d5,0.001,0.05,2.0,240,1,5,48,29.32361021598129,-18.922720389421553,0.4375,1.3065179859640574,614.3125,0.0,0.7665314539983586,0.13144428373292638,0.13723291089561007,0.1728344357400763,1407.533290367102
e0.001_x0.05_p2_w240_c3_d0,0.001,0.05,2.0,240,3,0,48,37.324080758290584,-17.788449564620223,0.4375,1.4302963267519164,615.5,0.0,0.9858218860018525,0.17739529555719646,0.18536737407784054,0.1840162011751596,1791.555876397948
e0.001_x0.05_p2_w240_c3_d5,0.001,0.05,2.0,240,3,5,44,48.80857059824848,-17.788449564620223,0.45454545454545453,1.5731605757851401,627.2272727272727,0.0,1.2214325463275169,0.22046906040386416,0.2305584892123851,0.1589046795514084,2147.577106322933
e0.001_x0.05_p2_w480_c1_d0,0.001,0.05,2.0,480,1,0,49,30.04491526087446,-8.714551517912117,0.46938775510204084,1.319658134940197,619.5714285714286,0.0,0.8154783539593853,0.13962735884390587,0.1457990022459572,0.16262757295713193,1472.2008477828485
e0.001_x0.05_p2_w480_c1_d5,0.001,0.05,2.0,480,1,5,47,36.4752742465847,-8.714551517912117,0.46808510638297873,1.4012341214907127,629.6170212765958,0.0,0.9713332565198551,0.16817177323504118,0.17569925088195437,0.13943103303863347,1714.3378895894812
e0.001_x0.05_p2_w480_c3_d0,0.001,0.05,2.0,480,3,0,46,12.056547010595102,-55.67426020430311,0.41304347826086957,1.1207084167288932,624.0434782608696,0.0,0.32205438895674904,0.04125811199694418,0.04299914271109717,0.19989420461052965,554.6011624873747
e0.001_x0.05_p2_w480_c3_d5,0.001,0.05,2.0,480,3,5,43,23.683455067793442,-35.76270080041577,0.4418604651162791,1.2471668441030075,631.8604651162791,0.0,0.604918401343038,0.09114161591497272,0.09508153367275751,0.17481530768796327,1018.3885679151181
e0.001_x0.15_p0_w120_c1_d0,0.001,0.15,0.0,120,1,0,67,-23.32324029371183,-87.775331719524,0.34328358208955223,0.774179616543634,334.8059701492537,0.014925373134328358,-0.9531778140719044,-0.15911686057693863,-0.16511713610829937,0.2870014812956151,-1562.6570996786927
e0.001_x0.15_p0_w120_c1_d5,0.001,0.15,0.0,120,1,5,63,-15.98511087048287,-70.65836042334573,0.36507936507936506,0.8414561822385611,340.1904761904762,0.015873015873015872,-0.6454513256648416,-0.1105482528056565,-0.11484360351532197,0.24388831354912066,-1007.0619848404208
e0.001_x0.15_p0_w120_c3_d0,0.001,0.15,0.0,120,3,0,41,0.31403007717312625,-25.05856981120269,0.43902439024390244,1.003876299434873,350.5121951219512,0.0,0.016202066294500873,-0.0063310002325233095,-0.0065917477105055244,0.130486473640942,12.875233164098177
e0.001_x0.15_p0_w120_c3_d5,0.001,0.15,0.0,120,3,5,41,-0.2713934058110237,-25.05856981120269,0.43902439024390244,0.9966378504526062,350.0975609756098,0.0,-0.0025279786336559248,-0.008623383072600355,-0.008978116879951537,0.13053517073971488,-11.127129638251972
e0.001_x0.15_p0_w240_c1_d0,0.001,0.15,0.0,240,1,0,56,15.89723805025208,-56.19567338619069,0.4107142857142857,1.1813166519834726,395.69642857142856,0.017857142857142856,0.5110551002049718,0.07563063856799102,0.07887606794710145,0.14693718015390178,890.2453308141164
e0.001_x0.15_p0_w240_c1_d5,0.001,0.15,0.0,240,1,5,54,21.50541773136844,-48.78063311469893,0.42592592592592593,1.2523038260069383,392.7037037037037,0.018518518518518517,0.6838308521871663,0.1056207525085433,0.11021755486700258,0.15141446112434798,1161.2925574938956
e0.001_x0.15_p0_w240_c3_d0,0.001,0.15,0.0,240,3,0,48,36.98292287199909,-38.690889601858956,0.4583333333333333,1.5043810100490276,432.2708333333333,0.0,1.0956286673150746,0.17825955918519698,0.18627345851195298,0.12196782557075891,1775.1802978559563
e0.001_x0.15_p0_w240_c3_d5,0.001,0.15,0.0,240,3,5,45,48.24928936646043,-28.617202308552912,0.4888888888888889,1.7084421784551764,434.6222222222222,0.0,1.3993306368650316,0.22657184606347847,0.23696665254980243,0.11562214345221711,2171.2180214907194
e0.001_x0.15_p0_w480_c1_d0,0.001,0.15,0.0,480,1,0,54,6.873893937629348,-57.639645432622785,0.46296296296296297,1.063578176774643,467.7037037037037,0.018518518518518517,0.17785456015213935,0.015338467573566827,0.01597732570750643,0.1823280911016768,371.1902726319848
e0.001_x0.15_p0_w480_c1_d5,0.001,0.15,0.0,480,1,5,53,9.537662181347768,-53.68874252534184,0.4528301886792453,1.0877904343548888,466.60377358490564,0.018867924528301886,0.2503736858796566,0.028830683400474344,0.03003975486308552,0.17873240043874083,505.4960956114317
e0.001_x0.15_p0_w480_c3_d0,0.001,0.15,0.0,480,3,0,48,43.731084304670766,-32.474212603862405,0.4791666666666667,1.542497573297242,497.3333333333333,0.020833333333333332,1.2291838457284936,0.21433292451371155,0.2241166416791509,0.14332365466393426,2099.092046624197
e0.001_x0.15_p0_w480_c3_d5,0.001,0.15,0.0,480,3,5,45,55.193059028903946,3.9080935506374814,0.5111111111111111,1.7127375095673558,491.26666666666665,0.022222222222222223,1.4895712739379268,0.2623188626817614,0.2745286783436567,0.13411396135597176,2483.6876563006776
e0.001_x0.15_p1_w120_c1_d0,0.001,0.15,1.0,120,1,0,62,-36.42053826243747,-76.9591670841463,0.3709677419354839,0.6310427688797978,311.4032258064516,0.016129032258064516,-1.4539336836080368,-0.2119322751772169,-0.21965022841507365,0.2785109653253487,-2258.073372271123
e0.001_x0.15_p1_w120_c1_d5,0.001,0.15,1.0,120,1,5,60,-35.39430563786707,-73.31830975240538,0.38333333333333336,0.6436240173195286,313.48333333333335,0.016666666666666666,-1.384135593920042,-0.20118117491782983,-0.20856139858386857,0.2672464234394364,-2123.658338272024
e0.001_x0.15_p1_w120_c3_d0,0.001,0.15,1.0,120,3,0,42,-21.88677839387746,-48.803344421770035,0.40476190476190477,0.7734137104931555,326.76190476190476,0.0,-0.6924812722225346,-0.09609800332792484,-0.09986390260081157,0.18617132015598536,-919.2446925428533
e0.001_x0.15_p1_w120_c3_d5,0.001,0.15,1.0,120,3,5,42,-21.46923881621989,-48.803344421770035,0.40476190476190477,0.7764859688627711,326.54761904761904,0.0,-0.6802499421862376,-0.09444995873139339,-0.09815484257155571,0.1851346402363132,-901.7080302812353
e0.001_x0.15_p1_w240_c1_d0,0.001,0.15,1.0,240,1,0,57,-9.758207272955236,-67.72493736627916,0.43859649122807015,0.8972909439954342,392.0175438596491,0.017543859649122806,-0.33279490195063033,-0.06653203685585873,-0.06918396502087032,0.19822129378933206,-556.2178145584485
e0.001_x0.15_p1_w240_c1_d5,0.001,0.15,1.0,240,1,5,55,-4.794693119597356,-56.82262738121224,0.45454545454545453,0.9482235835962223,389.0,0.01818181818181818,-0.1633711915670121,-0.03843242298278393,-0.03998836318862509,0.19022584578353163,-263.70812157785457
e0.001_x0.15_p1_w240_c3_d0,0.001,0.15,1.0,240,3,0,52,4.216105094042704,-54.439868249180904,0.4423076923076923,1.0503334313343249,403.4807692307692,0.0,0.1488716587312508,0.010731969686840204,0.011177909039821854,0.17353957017004507,219.23746489022062
e0.001_x0.15_p1_w240_c3_d5,0.001,0.15,1.0,240,3,5,49,12.016121530884806,-51.90788077139352,0.46938775510204084,1.1499164238029091,403.7959183673469,0.0,0.40368320208601693,0.04928973946501691,0.05137797160640889,0.16360368637278477,588.7899550133556
e0.001_x0.15_p1_w480_c1_d0,0.001,0.15,1.0,480,1,0,53,-5.042687714731294,-43.82093435412848,0.4339622641509434,0.9460889078361208,426.39622641509436,0.0,-0.15319232806935182,-0.03977428391304105,-0.0413833716498202,0.1763562802838462,-267.26244888075854
e0.001_x0.15_p1_w480_c1_d5,0.001,0.15,1.0,480,1,5,53,-3.4947462234884203,-43.82093435412848,0.4339622641509434,0.9623016051881766,426.0943396226415,0.0,-0.10589907677276264,-0.03174501022115739,-0.033034882500246776,0.16960862043045088,-185.22154984488628
e0.001_x0.15_p1_w480_c3_d0,0.001,0.15,1.0,480,3,0,49,9.483388452265066,-41.6419081235464,0.42857142857142855,1.1195193227319453,444.6734693877551,0.0,0.31196038423604827,0.036560806392930356,0.03810001224416726,0.15357817886166902,464.68603416098824
e0.001_x0.15_p1_w480_c3_d5,0.001,0.15,1.0,480,3,5,47,11.547657466825363,-41.6419081235464,0.425531914893617,1.1443531343108486,441.0851063829787,0.0,0.3698298171824035,0.04482647479435964,0.04672143477988455,0.14577729085360025,542.739900940792
e0.001_x0.15_p2_w120_c1_d0,0.001,0.15,2.0,120,1,0,59,-18.34852145448254,-45.77221555849498,0.3898305084745763,0.7890259232195048,270.3220338983051,0.0,-0.718639463128354,-0.11165026414299295,-0.1159855815087758,0.193131100809669,-1082.56276581447
e0.001_x0.15_p2_w120_c1_d5,0.001,0.15,2.0,120,1,5,57,-16.162246656661818,-62.707960566426024,0.40350877192982454,0.8146361637288354,271.3157894736842,0.0,-0.6183423611447428,-0.09710241110463258,-0.10090543335791125,0.17795711332246167,-921.2480594297236
e0.001_x0.15_p2_w120_c3_d0,0.001,0.15,2.0,120,3,0,43,0.7713515381621492,-27.421630918162965,0.4418604651162791,1.01004969582912,282.8837209302326,0.0,0.03336018698870746,-0.004134569082141271,-0.004305050766947538,0.13255684190046302,33.168116140972415
e0.001_x0.15_p2_w120_c3_d5,0.001,0.15,2.0,120,3,5,43,1.013989792977208,-27.421630918162965,0.4418604651162791,1.0132528487631731,282.86046511627904,0.0,0.04162748408007815,-0.003081268223994349,-0.0032083888884936185,0.13255684190046302,43.60156109801994
e0.001_x0.15_p2_w240_c1_d0,0.001,0.15,2.0,240,1,0,57,1.445869856052151,-50.141136435040146,0.43859649122807015,1.0170744411921322,332.2280701754386,0.0,0.058211344265859354,-0.003958379448621985,-0.004121611307723927,0.15400765747124456,82.4145817949726
e0.001_x0.15_p2_w240_c1_d5,0.001,0.15,2.0,240,1,5,55,5.923777566189638,-41.343172706019836,0.45454545454545453,1.0719206741131606,335.54545454545456,0.0,0.21453597547137915,0.02106306403509417,0.021942920142391964,0.15467269391942418,325.8077661404301
e0.001_x0.15_p2_w240_c3_d0,0.001,0.15,2.0,240,3,0,54,11.968931320199871,-41.933274486768426,0.4444444444444444,1.1543636704308722,327.98148148148147,0.0,0.4299763388472799,0.0553264823217281,0.05767742438405876,0.14503927292640306,646.322291290793
e0.001_x0.15_p2_w240_c3_d5,0.001,0.15,2.0,240,3,5,51,19.690438688330527,-31.101532701175437,0.47058823529411764,1.2660058163726344,333.0,0.0,0.6855090741592594,0.09428591605938785,0.09836778170195082,0.14265963814530047,1004.2123731048569
e0.001_x0.15_p2_w480_c1_d0,0.001,0.15,2.0,480,1,0,52,22.111085065184405,-27.73778072486521,0.46153846153846156,1.2934515843272616,375.0192307692308,0.0,0.7309455531644338,0.10849503679728612,0.11322321666401325,0.14438693717446716,1149.7764233895891
e0.001_x0.15_p2_w480_c1_d5,0.001,0.15,2.0,480,1,5,51,22.44797768362488,-41.343172706019836,0.45098039215686275,1.2940967298601112,372.4901960784314,0.0,0.7353899626577238,0.10802795035534674,0.11273475874290728,0.14507311862821803,1144.846861864869
e0.001_x0.15_p2_w480_c3_d0,0.001,0.15,2.0,480,3,0,49,4.417715889116971,-44.21556457595233,0.3877551020408163,1.0525167679233332,364.1020408163265,0.0,0.14736364871274882,0.010551337993696785,0.01098973093331157,0.1821744367778343,216.4680785667316
e0.001_x0.15_p2_w480_c3_d5,0.001,0.15,2.0,480,3,5,49,5.749392950022061,-44.21556457595233,0.3877551020408163,1.0694468210358914,363.9591836734694,0.0,0.19178618130388142,0.017298990232479383,0.01802022769585432,0.17980796023382872,281.720254551081
e0.001_x0.3_p0_w120_c1_d0,0.001,0.3,0.0,120,1,0,67,-16.867271707205138,-63.67319999537546,0.373134328358209,0.8198417870424333,282.3731343283582,0.014925373134328358,-0.6924681575213425,-0.12013290966997914,-0.12477390252590226,0.2649717694596,-1130.1072043827442
e0.001_x0.3_p0_w120_c1_d5,0.001,0.3,0.0,120,1,5,63,-8.736163876997749,-53.89391772840257,0.3968253968253968,0.9033258964311984,284.968253968254,0.015873015873015872,-0.35669497969912206,-0.06705231035076376,-0.06972419205443825,0.2195697148828062,-550.3783242508582
e0.001_x0.3_p0_w120_c3_d0,0.001,0.3,0.0,120,3,0,41,17.84035142723376,0.467776036350287,0.5121951219512195,1.2575546992955495,290.9024390243902,0.0,0.5941399740595996,0.0678512439728205,0.07075198556145179,0.09446531071172293,731.4544085165842
e0.001_x0.3_p0_w120_c3_d5,0.001,0.3,0.0,120,3,5,41,18.02352567682989,0.467776036350287,0.5121951219512195,1.2608890199077274,290.8292682926829,0.0,0.6003016499695216,0.06866151448186386,0.07159804357757471,0.0949561680245169,738.9645527500255
e0.001_x0.3_p0_w240_c1_d0,0.001,0.3,0.0,240,1,0,58,1.950973562211658,-52.551737338603076,0.39655172413793105,1.0231132402978664,297.0,0.017241379310344827,0.07211773402829934,-0.001289455199908307,-0.0013427026851319246,0.163728213728355,113.15646660827616
e0.001_x0.3_p0_w240_c1_d5,0.001,0.3,0.0,240,1,5,56,7.03730538149103,-50.62779862503142,0.4107142857142857,1.0858384978333355,298.94642857142856,0.017857142857142856,0.2582935172923556,0.027541113759688374,0.02869535393912459,0.16500547952359335,394.08910136349766
e0.001_x0.3_p0_w240_c3_d0,0.001,0.3,0.0,240,3,0,50,17.74408269651373,-43.80424606505228,0.44,1.2401392751043236,317.02,0.0,0.6141293751530721,0.08141629558910268,0.08491965015375458,0.1426694950174051,887.2041348256864
e0.001_x0.3_p0_w240_c3_d5,0.001,0.3,0.0,240,3,5,47,27.320975751451975,-28.617202308552912,0.46808510638297873,1.3964522197339237,321.8723404255319,0.0,0.9325924702611517,0.1258577400118157,0.1313863531081194,0.14543607485860366,1284.0858603182428
e0.001_x0.3_p0_w480_c1_d0,0.001,0.3,0.0,480,1,0,57,1.6418876018409023,-49.762901264147615,0.40350877192982454,1.0191773828279769,316.29824561403507,0.017543859649122806,0.05851029217419922,-0.003902363277044074,-0.00406328990984528,0.17071618115186316,93.58759330493143
e0.001_x0.3_p0_w480_c1_d5,0.001,0.3,0.0,480,1,5,56,0.9601583463529438,-51.059505761033016,0.39285714285714285,1.011060680561585,312.9642857142857,0.017857142857142856,0.03263967301396853,-0.0078141712329175,-0.008135753848913185,0.1719163577669619,53.76886739576486
e0.001_x0.3_p0_w480_c3_d0,0.001,0.3,0.0,480,3,0,51,13.770199769641426,-34.37752588495879,0.43137254901960786,1.1728737058056393,335.6666666666667,0.0196078431372549,0.4617938173466432,0.06015189040698665,0.06271389828025109,0.1658809839349097,702.2801882517127
e0.001_x0.3_p0_w480_c3_d5,0.001,0.3,0.0,480,3,5,48,21.391612217055027,-31.497364096755852,0.4375,1.2782816812289888,335.7083333333333,0.020833333333333332,0.6938244403998693,0.0955190502264498,0.09965669169060942,0.1490535334706815,1026.7973864186413
e0.001_x0.3_p1_w120_c1_d0,0.001,0.3,1.0,120,1,0,64,-16.014727648677855,-63.969767829553106,0.359375,0.8003123871797052,226.296875,0.015625,-0.709037644959774,-0.10620922808830136,-0.11034664769013236,0.19625590776619206,-1024.9425695153827
e0.001_x0.3_p1_w120_c1_d5,0.001,0.3,1.0,120,1,5,63,-13.948290806825685,-61.26377288839247,0.36507936507936506,0.8237767761557612,225.77777777777777,0.015873015873015872,-0.6152679127904745,-0.0929470015280901,-0.09659612943170937,0.1847420682982358,-878.7423208300182
e0.001_x0.3_p1_w120_c3_d0,0.001,0.3,1.0,120,3,0,42,6.337624829622451,-38.48532304810859,0.40476190476190477,1.087877404990034,243.1904761904762,0.0,0.22530769539678883,0.019832480749103487,0.020660414036760777,0.11151800967418168,266.1802428441429
e0.001_x0.3_p1_w120_c3_d5,0.001,0.3,1.0,120,3,5,42,6.337624829622451,-38.48532304810859,0.40476190476190477,1.087877404990034,243.1904761904762,0.0,0.22530769539678883,0.019832480749103487,0.020660414036760777,0.11151800967418168,266.1802428441429
e0.001_x0.3_p1_w240_c1_d0,0.001,0.3,1.0,240,1,0,60,-5.470405446004209,-61.745385570581846,0.4166666666666667,0.9357624780059107,264.06666666666666,0.016666666666666666,-0.2188795820642631,-0.04432495781691337,-0.04611368514903835,0.18474484633796417,-328.22432676025255
e0.001_x0.3_p1_w240_c1_d5,0.001,0.3,1.0,240,1,5,59,-1.1718818773624122,-53.61077869129094,0.423728813559322,0.9857454660002037,264.8135593220339,0.01694915254237288,-0.05364105842900991,-0.018878855690032115,-0.019651258840263086,0.18622777487503506,-69.14103076438232
e0.001_x0.3_p1_w240_c3_d0,0.001,0.3,1.0,240,3,0,54,10.208539590934492,-46.18799385625927,0.42592592592592593,1.1410796494981112,268.75925925925924,0.0,0.3925546710220512,0.04592006666426318,0.047862306422261414,0.18499137514626474,551.2611379104626
e0.001_x0.3_p1_w240_c3_d5,0.001,0.3,1.0,240,3,5,52,18.066011473927475,-42.875989182358246,0.4423076923076923,1.2669392617189812,270.13461538461536,0.0,0.6978286569615355,0.08775844356447315,0.09154606671215326,0.18354798066537792,939.4325966442286
e0.001_x0.3_p1_w480_c1_d0,0.001,0.3,1.0,480,1,0,55,-1.7434298493487104,-63.15504061038979,0.4,0.9802882847175145,299.56363636363636,0.0,-0.06714583243625583,-0.02232691491198302,-0.023238712334828326,0.17851936676467162,-95.88864171417907
e0.001_x0.3_p1_w480_c1_d5,0.001,0.3,1.0,480,1,5,55,-0.7268651248241047,-63.15504061038979,0.4,0.9917512083984268,299.3818181818182,0.0,-0.03149309576120494,-0.016812783411971566,-0.017501411965112346,0.17977640281781448,-39.97758186532576
e0.001_x0.3_p1_w480_c3_d0,0.001,0.3,1.0,480,3,0,51,4.392364111206214,-62.051406158581955,0.4117647058823529,1.0539139699958733,307.6470588235294,0.0,0.15112830170840125,0.011137114935818149,0.011599985461417939,0.16726148157633636,224.01056967151692
e0.001_x0.3_p1_w480_c3_d5,0.001,0.3,1.0,480,3,5,50,4.517557776747072,-65.85788063470821,0.4,1.0549962022942345,303.74,0.0,0.15313396126890125,0.011424223447174642,0.011899096576777568,0.16632226517193494,225.87788883735362
e0.001_x0.3_p2_w120_c1_d0,0.001,0.3,2.0,120,1,0,61,-3.2044952534864586,-46.816867524075434,0.3770491803278688,0.9550918175220838,191.98360655737704,0.01639344262295082,-0.14697270686813102,-0.02780814058769543,-0.028940450080956803,0.13710981768642105,-195.47421046267397
e0.001_x0.3_p2_w120_c1_d5,0.001,0.3,2.0,120,1,5,61,-3.6413262214284705,-46.816867524075434,0.3770491803278688,0.9492805103821194,191.9344262295082,0.01639344262295082,-0.16669479491853936,-0.030412828314990148,-0.03164946040600869,0.13710981768642083,-222.1208995071367
e0.001_x0.3_p2_w120_c3_d0,0.001,0.3,2.0,120,3,0,43,19.200964725603278,-2.286349977262958,0.4883720930232558,1.3155533757426188,198.7906976744186,0.0,0.7414367656522829,0.07931083995096189,0.08272017806798782,0.10780484961982895,825.6414832009409
e0.001_x0.3_p2_w120_c3_d5,0.001,0.3,2.0,120,3,5,43,19.200964725603278,-2.286349977262958,0.4883720930232558,1.3155533757426188,198.7906976744186,0.0,0.7414367656522829,0.07931083995096189,0.08272017806798782,0.10780484961982895,825.6414832009409
e0.001_x0.3_p2_w240_c1_d0,0.001,0.3,2.0,240,1,0,59,-8.046179798003967,-54.15766168356373,0.4067796610169492,0.8966904885972231,232.88135593220338,0.0,-0.33157625868257457,-0.05532133263172967,-0.057540296119486745,0.18035675673820928,-474.7246080822341
e0.001_x0.3_p2_w240_c1_d5,0.001,0.3,2.0,240,1,5,58,-5.1417299550645925,-56.13649780893903,0.41379310344827586,0.9325089382593944,233.31034482758622,0.0,-0.2145160627856246,-0.03828994096705107,-0.03984023311410467,0.18522884685564955,-298.2203373937464
e0.001_x0.3_p2_w240_c3_d0,0.001,0.3,2.0,240,3,0,56,-0.9529443180470858,-52.75184619448869,0.39285714285714285,0.986821160573402,225.21428571428572,0.0,-0.03399461494395987,-0.013543715383668609,-0.014099409318915956,0.15867763882743158,-53.3648818106368
e0.001_x0.3_p2_w240_c3_d5,0.001,0.3,2.0,240,3,5,54,4.824923108440902,-45.70015873369193,0.4074074074074074,1.0697509278910569,225.12962962962962,0.0,0.20623750232886767,0.018155621200749872,0.018912904588770374,0.15668915627877456,260.5458478558087
e0.001_x0.3_p2_w480_c1_d0,0.001,0.3,2.0,480,1,0,56,-7.95384202068126,-54.052300091944616,0.4107142857142857,0.9036668908042852,253.44642857142858,0.0,-0.2976850678090722,-0.05385783208857231,-0.05601985138518217,0.15965448412205474,-445.4151531581506
e0.001_x0.3_p2_w480_c1_d5,0.001,0.3,2.0,480,1,5,55,-6.11064118715551,-46.66039913808318,0.41818181818181815,0.9255520824873752,255.54545454545453,0.0,-0.22745500148088418,-0.04335929556892093,-0.04510998066222793,0.15965448412205452,-336.08526529355305
e0.001_x0.3_p2_w480_c3_d0,0.001,0.3,2.0,480,3,0,53,-23.259672122941616,-72.56511210169236,0.3018867924528302,0.7355529882332719,243.22641509433961,0.0,-0.8877957717451294,-0.1245960670893157,-0.12939648823548688,0.18836164663294563,-1232.7626225159056
e0.001_x0.3_p2_w480_c3_d5,0.001,0.3,2.0,480,3,5,53,-22.56630025951423,-72.56511210169236,0.3018867924528302,0.7413975565589859,243.1320754716981,0.0,-0.868366480423755,-0.12130819270457216,-0.12599126198811927,0.1876770144887654,-1196.0139137542542
e0.01_x0.05_p0_w120_c1_d0,0.01,0.05,0.0,120,1,0,95,-0.5235257028343918,-44.3147637077379,0.42105263157894735,0.9946249143606224,504.4947368421053,0.010526315789473684,-0.01678389209443302,-0.03417173192495937,-0.03555838480295548,0.21631385787097046,-49.73494176926722
e0.01_x0.05_p0_w120_c1_d5,0.01,0.05,0.0,120,1,5,80,3.8240728245093765,-40.208101825261465,0.425,1.0391019799331185,503.7,0.0125,0.1323314569533992,0.003736305857518829,0.0038909986515345274,0.18709587533192495,305.9258259607501
e0.01_x0.05_p0_w120_c3_d0,0.01,0.05,0.0,120,3,0,81,-14.261478638379623,-80.76270379682393,0.37037037037037035,0.8687127056289751,485.320987654321,0.012345679012345678,-0.5355176030736655,-0.13276307626749007,-0.13785270618154355,0.26765809549524333,-1155.1797697087495
e0.01_x0.05_p0_w120_c3_d5,0.01,0.05,0.0,120,3,5,69,-7.007577852002744,-70.65836042334573,0.391304347826087,0.9316738415790972,481.0289855072464,0.014492753623188406,-0.2524485727417964,-0.06876995976388012,-0.07150762836046431,0.2123619536357263,-483.5228717881894
e0.01_x0.05_p0_w240_c1_d0,0.01,0.05,0.0,240,1,0,82,-2.5087300214281396,-65.80695340375641,0.4024390243902439,0.9770088579322832,539.1951219512196,0.012195121951219513,-0.09288273579699505,-0.05033521170608379,-0.052359769109348364,0.22890692802317925,-205.71586175710746
e0.01_x0.05_p0_w240_c1_d5,0.01,0.05,0.0,240,1,5,77,0.13638764321161465,-63.97391763247606,0.4025974025974026,1.0012881332933927,542.6493506493506,0.012987012987012988,-0.004261991947494777,-0.026906694329834946,-0.028002829317840372,0.2172878792513181,10.501848527294328
e0.01_x0.05_p0_w240_c3_d0,0.01,0.05,0.0,240,3,0,69,12.392964100143415,-66.18492506651808,0.391304347826087,1.1216908734829407,567.231884057971,0.014492753623188406,0.38276752188934837,0.061125698774129544,0.06373041654063583,0.17228757109598059,855.1145229098956
e0.01_x0.05_p0_w240_c3_d5,0.01,0.05,0.0,240,3,5,61,6.177447598371538,-55.61782930966319,0.39344262295081966,1.0601562445045065,577.983606557377,0.01639344262295082,0.1793029779165626,0.015047539875492344,0.015674187380542826,0.18600830297101623,376.8243035006638
e0.01_x0.05_p0_w480_c1_d0,0.01,0.05,0.0,480,1,0,76,6.713592038856648,-67.33782175568692,0.42105263157894735,1.0605942439478597,608.7236842105264,0.0,0.2030220709814299,0.019215112836518333,0.020017021192151763,0.1940655046373203,510.2329949531052
e0.01_x0.05_p0_w480_c1_d5,0.01,0.05,0.0,480,1,5,70,1.0083636877662627,-77.10359994700545,0.4142857142857143,1.0086830730670415,589.2428571428571,0.0,0.00021392321027892237,-0.02303012666450721,-0.02397028861994699,0.23423530811033766,70.58545814363839
e0.01_x0.05_p0_w480_c3_d0,0.01,0.05,0.0,480,3,0,68,3.2142769744683344,-76.54557832221576,0.38235294117647056,1.0283639156420816,591.0294117647059,0.0,0.07635889201563034,-0.007537949868708815,-0.007848209952008744,0.2337634548756563,218.57083426384673
e0.01_x0.05_p0_w480_c3_d5,0.01,0.05,0.0,480,3,5,63,-1.7239255741870134,-87.5907127653075,0.36507936507936506,0.9848453188234365,598.2857142857143,0.0,-0.08489927415336958,-0.03696462080890317,-0.03846233316581826,0.23689809109899096,-108.60731117378185
e0.01_x0.05_p1_w120_c1_d0,0.01,0.05,1.0,120,1,0,93,-13.647889227957803,-75.36407362071174,0.3763440860215054,0.8657525835068534,482.18279569892474,0.0,-0.5546444446388245,-0.14322297043680732,-0.1486781950042827,0.25312310808740957,-1269.2536982000756
e0.01_x0.05_p1_w120_c1_d5,0.01,0.05,1.0,120,1,5,81,-5.979369395060639,-56.93985260284862,0.38271604938271603,0.9395543231298176,495.38271604938274,0.0,-0.22482095634289045,-0.07110186798206242,-0.0739286323348689,0.21665394069734467,-484.32892099991176
e0.01_x0.05_p1_w120_c3_d0,0.01,0.05,1.0,120,3,0,79,-22.579521204015023,-82.10252253512907,0.3670886075949367,0.7955911828162343,496.72151898734177,0.0,-0.8390536746260712,-0.18403883886148165,-0.19086783439771127,0.3058991309736334,-1783.7821751171869
e0.01_x0.05_p1_w120_c3_d5,0.01,0.05,1.0,120,3,5,71,-18.112724169773934,-75.96714998949983,0.36619718309859156,0.8294540990982698,506.1830985915493,0.0,-0.6143012821975176,-0.140097396347187,-0.14544394482883272,0.26293237779533263,-1286.0034160539492
e0.01_x0.05_p1_w240_c1_d0,0.01,0.05,1.0,240,1,0,75,2.394458527740953,-57.24886965784437,0.4,1.0221185434204954,609.5466666666666,0.0,0.06922570656909476,-0.012474102364523842,-0.012986199921142139,0.21575149002193605,179.58438958057147
e0.01_x0.05_p1_w240_c1_d5,0.01,0.05,1.0,240,1,5,69,9.153029363652594,-48.69182637433411,0.42028985507246375,1.0870679449476979,635.463768115942,0.0,0.27249466662035027,0.035744480026323355,0.037248704972600466,0.1939229999318719,631.5590260920291
e0.01_x0.05_p1_w240_c3_d0,0.01,0.05,1.0,240,3,0,70,15.681581152005888,-37.9507848587346,0.4142857142857143,1.1574397992188763,616.2285714285714,0.0,0.4758149007051444,0.08616162994831122,0.08987752975958063,0.1863392947767747,1097.7106806404122
e0.01_x0.05_p1_w240_c3_d5,0.01,0.05,1.0,240,3,5,63,16.877543438125777,-45.77221555849498,0.42857142857142855,1.1684672009611732,631.6666666666666,0.0,0.4852279638949363,0.08472163702766689,0.08837294425824194,0.20497235990589013,1063.285236601924
e0.01_x0.05_p1_w480_c1_d0,0.01,0.05,1.0,480,1,0,70,8.126810496054919,-74.87842580718996,0.44285714285714284,1.07075062989932,631.9142857142857,0.0,0.22466863136919557,0.024532339850287688,0.025558921043335125,0.22079547392492427,568.8767347238443
e0.01_x0.05_p1_w480_c1_d5,0.01,0.05,1.0,480,1,5,65,15.359125871915865,-53.06843027534036,0.4307692307692308,1.1358581539625707,646.0769230769231,0.0,0.4306568538322105,0.07098069538668139,0.07401980302711753,0.22932940629220688,998.3431816745313
e0.01_x0.05_p1_w480_c3_d0,0.01,0.05,1.0,480,3,0,65,7.989378246737986,-68.81679767796078,0.4307692307692308,1.0685339799235478,644.876923076923,0.0,0.20950800505800388,0.021233478619827384,0.022120530179865927,0.22662720263588454,519.3095860379691
e0.01_x0.05_p1_w480_c3_d5,0.01,0.05,1.0,480,3,5,61,10.418102821200652,-36.33773845803656,0.4262295081967213,1.0942066065551943,655.0655737704918,0.0,0.27833786597533167,0.03590438526948647,0.03741546023113895,0.22105741782119492,635.5042720932397
e0.01_x0.05_p2_w120_c1_d0,0.01,0.05,2.0,120,1,0,98,-8.93843968024556,-70.89413149569069,0.3673469387755102,0.9084497743822771,454.6224489795918,0.0,-0.37601866768125825,-0.10821247482329177,-0.11242292063786352,0.23940931561985157,-875.9670886640649
e0.01_x0.05_p2_w120_c1_d5,0.01,0.05,2.0,120,1,5,88,-13.856269695418431,-41.04014647540066,0.38636363636363635,0.8602263595492322,445.35227272727275,0.0,-0.5644454689541296,-0.13596089556881652,-0.14116287143985895,0.2577111918940055,-1219.351733196822
e0.01_x0.05_p2_w120_c3_d0,0.01,0.05,2.0,120,3,0,85,-3.7010686328974103,-77.76165649735267,0.3764705882352941,0.9586168100718283,454.4235294117647,0.0,-0.1473440449059545,-0.05075248048785164,-0.05279335014648523,0.19576547736840055,-314.59083379627987
e0.01_x0.05_p2_w120_c3_d5,0.01,0.05,2.0,120,3,5,77,-1.2293869652520573,-53.44115760155699,0.38961038961038963,0.9860075206202896,457.46753246753246,0.0,-0.04263379614076979,-0.028000066526895684,-0.029140073257120203,0.1682767947121524,-94.6627963244084
e0.01_x0.05_p2_w240_c1_d0,0.01,0.05,2.0,240,1,0,78,4.179911836427577,-33.65963745026623,0.41025641025641024,1.0395913634863503,562.1666666666666,0.0,0.12665461575547055,0.0009350487768808868,0.0009737059613195154,0.2223392874836524,326.033123241351
e0.01_x0.05_p2_w240_c1_d5,0.01,0.05,2.0,240,1,5,75,17.211312439755165,-40.46423662500409,0.4266666666666667,1.1794178799967447,565.7466666666667,0.0,0.562488549101065,0.10528806308906802,0.10986967974468986,0.18822978675216595,1290.8484329816374
e0.01_x0.05_p2_w240_c3_d0,0.01,0.05,2.0,240,3,0,71,21.261588794871987,-19.757049523261294,0.4084507042253521,1.22940064346556,587.112676056338,0.0,0.6642558902845199,0.13149597827045634,0.13728701702739188,0.172416714864563,1509.572804435911
e0.01_x0.05_p2_w240_c3_d5,0.01,0.05,2.0,240,3,5,66,29.941465724549612,-20.966089980465895,0.42424242424242425,1.341926023882377,594.8333333333334,0.0,0.9188581763461628,0.1878330531684942,0.19631203650511453,0.1701682694325516,1976.1367378202744
e0.01_x0.05_p2_w480_c1_d0,0.01,0.05,2.0,480,1,0,75,12.162316393725952,-27.81817789307084,0.44,1.1190038122881354,605.6666666666666,0.0,0.3839867630854523,0.0637215775314961,0.0664403352159697,0.18567007830861793,912.1737295294464
e0.01_x0.05_p2_w480_c1_d5,0.01,0.05,2.0,480,1,5,72,13.862518609737107,-27.782593485394802,0.4166666666666667,1.1405615442506103,613.5833333333334,0.0,0.4315423341212001,0.07501695756997617,0.07823510765477515,0.19976620054258254,998.1013399010717
e0.01_x0.05_p2_w480_c3_d0,0.01,0.05,2.0,480,3,0,70,3.15143390257314,-30.02022381031477,0.4142857142857143,1.0299513229555517,590.6571428571428,0.0,0.09616263026304368,-0.00500358182230165,-0.0052098018943608215,0.20935079732820194,220.60037318011982
e0.01_x0.05_p2_w480_c3_d5,0.01,0.05,2.0,480,3,5,63,18.36195132095482,-10.861129224889465,0.4603174603174603,1.1855764173502108,596.4444444444445,0.0,0.5513286343879006,0.09472173762246894,0.09882330903132175,0.20955802850857497,1156.8029332201536
e0.01_x0.15_p0_w120_c1_d0,0.01,0.15,0.0,120,1,0,108,-9.820429866517614,-48.06261858695038,0.4074074074074074,0.8841930627385896,333.5925925925926,0.009259259259259259,-0.5320979499966033,-0.1221887627810958,-0.12690331335852267,0.25150582560976287,-1060.6064255839024
e0.01_x0.15_p0_w120_c1_d5,0.01,0.15,0.0,120,1,5,97,-8.088363576194249,-40.121221310759346,0.4329896907216495,0.9042811866955011,328.5154639175258,0.010309278350515464,-0.41850975855976397,-0.09552148165492702,-0.09926605103996022,0.26020750634053835,-784.5712668908421
e0.01_x0.15_p0_w120_c3_d0,0.01,0.15,0.0,120,3,0,89,-14.57517809248347,-79.51961897109561,0.3595505617977528,0.8350290717374026,323.2696629213483,0.011235955056179775,-0.6977241695503025,-0.13828154913534318,-0.14356473746635423,0.283412485094391,-1297.190850231029
e0.01_x0.15_p0_w120_c3_d5,0.01,0.15,0.0,120,3,5,79,-8.070011991084037,-79.51961897109561,0.3924050632911392,0.9067686764700735,325.8607594936709,0.012658227848101266,-0.36861661217999137,-0.07835955320643839,-0.08146200376752943,0.21912461723771248,-637.530947295639
e0.01_x0.15_p0_w240_c1_d0,0.01,0.15,0.0,240,1,0,91,-7.081556716819205,-59.87527857002739,0.4065934065934066,0.9317120249174085,399.5164835164835,0.01098901098901099,-0.3060811702815105,-0.09123815507329736,-0.09482375941498444,0.30587078354214037,-644.4216612305477
e0.01_x0.15_p0_w240_c1_d5,0.01,0.15,0.0,240,1,5,86,-3.7239250619694055,-60.83829482877889,0.3953488372093023,0.9623919711169218,392.1860465116279,0.011627906976744186,-0.1702411040334941,-0.05856263544820872,-0.06090736996384827,0.2839465651605395,-320.25755532936887
e0.01_x0.15_p0_w240_c3_d0,0.01,0.15,0.0,240,3,0,75,9.8060123494874,-46.3889714238408,0.4266666666666667,1.1049096015989703,408.9866666666667,0.013333333333333334,0.3414157584812128,0.049745916114312116,0.05185394817472244,0.2126268949593636,735.450926211555
e0.01_x0.15_p0_w240_c3_d5,0.01,0.15,0.0,240,3,5,69,6.2296671009019065,-55.61782930966319,0.42028985507246375,1.0677208021863218,406.30434782608694,0.014492753623188406,0.20509668646772644,0.020564032223701956,0.02142282464646228,0.2301728231503396,429.84702996223155
e0.01_x0.15_p0_w480_c1_d0,0.01,0.15,0.0,480,1,0,85,0.8366434481873409,-59.87527857002739,0.38823529411764707,1.008003012309584,430.8941176470588,0.011764705882352941,0.01430592024410107,-0.023338644804695385,-0.02429124418637485,0.19121208239321497,71.11469309592398
e0.01_x0.15_p0_w480_c1_d5,0.01,0.15,0.0,480,1,5,82,4.259478636658346,-60.855970842511596,0.3780487804878049,1.0421052359227478,428.2560975609756,0.012195121951219513,0.14147456205088063,0.005751440001042107,0.005989813200135696,0.17203144125794656,349.2772482059844
e0.01_x0.15_p0_w480_c3_d0,0.01,0.15,0.0,480,3,0,73,10.510547774797061,-54.203466372879646,0.3972602739726027,1.104249002011848,439.16438356164383,0.0136986301369863,0.3457289482914651,0.05064312118722447,0.05279012052451271,0.17545391293601742,767.2699875601854
e0.01_x0.15_p0_w480_c3_d5,0.01,0.15,0.0,480,3,5,71,14.58918384910762,-53.271728547332756,0.39436619718309857,1.1502509496822544,438.3943661971831,0.014084507042253521,0.4877356527832181,0.080797997500208,0.0842737243811682,0.1789422589983387,1035.832053286641
e0.01_x0.15_p1_w120_c1_d0,0.01,0.15,1.0,120,1,0,104,-16.64755066043403,-57.073410120508925,0.38461538461538464,0.810509048601787,316.7019230769231,0.009615384615384616,-0.8951676301717636,-0.17822688935473707,-0.18486549221923776,0.28424033240820357,-1731.3452686851392
e0.01_x0.15_p1_w120_c1_d5,0.01,0.15,1.0,120,1,5,100,-18.514851617458604,-58.215678373187416,0.38,0.7918518013311021,313.87,0.01,-0.9698744405434835,-0.1875003087828948,-0.19444185948803627,0.29454094869547653,-1851.4851617458603
e0.01_x0.15_p1_w120_c3_d0,0.01,0.15,1.0,120,3,0,87,-19.20899365791063,-70.77060652600275,0.3563218390804598,0.7835126540674107,309.2183908045977,0.011494252873563218,-0.9417503075718029,-0.16899633033024197,-0.17532894971220037,0.29994137464883397,-1671.1824482382247
e0.01_x0.15_p1_w120_c3_d5,0.01,0.15,1.0,120,3,5,82,-18.369281009648052,-66.8327674207947,0.36585365853658536,0.7926746849420817,311.0121951219512,0.012195121951219513,-0.8719812426726802,-0.15457290507818366,-0.1604186543066779,0.2852866023586651,-1506.2810427911404
e0.01_x0.15_p1_w240_c1_d0,0.01,0.15,1.0,240,1,0,87,-12.717939745443308,-64.46010751244846,0.41379310344827586,0.8732615675927954,387.02298850574715,0.011494252873563218,-0.5464015620133282,-0.1272858081234609,-0.13218183946058037,0.27977330112430576,-1106.4607578535679
e0.01_x0.15_p1_w240_c1_d5,0.01,0.15,1.0,240,1,5,84,-12.681905148909626,-64.6495732319735,0.40476190476190477,0.8714660548320238,386.5238095238095,0.011904761904761904,-0.5525464069377722,-0.12233082839076881,-0.12705045442041085,0.2975352950792046,-1065.2800325084086
e0.01_x0.15_p1_w240_c3_d0,0.01,0.15,1.0,240,3,0,79,-6.454204671362225,-54.7906928277353,0.4177215189873418,0.9340576824856089,401.45569620253167,0.012658227848101266,-0.26087819519504596,-0.0715391563758887,-0.07438260036351918,0.27780721745512815,-509.88216903761577
e0.01_x0.15_p1_w240_c3_d5,0.01,0.15,1.0,240,3,5,73,-2.0741984038736314,-54.66636447834183,0.4246575342465753,0.9773157606575861,403.5068493150685,0.0136986301369863,-0.08450946485014027,-0.034899239760246226,-0.0363148555157049,0.2599731591728417,-151.4164834827751
e0.01_x0.15_p1_w480_c1_d0,0.01,0.15,1.0,480,1,0,83,-10.547838401382466,-45.77221555849498,0.43373493975903615,0.8924680690458541,402.7951807228916,0.0,-0.4295299004845469,-0.10596705548914798,-0.1100956339112047,0.2492457826501523,-875.4705873147446
e0.01_x0.15_p1_w480_c1_d5,0.01,0.15,1.0,480,1,5,82,-14.217750400795012,-60.84282798607677,0.4024390243902439,0.8566033773865941,396.1341463414634,0.0,-0.5739703285251518,-0.13084627685614658,-0.13586832376875246,0.25756597697637984,-1165.855532865191
e0.01_x0.15_p1_w480_c3_d0,0.01,0.15,1.0,480,3,0,76,-5.69496007997692,-49.4856389153725,0.39473684210526316,0.9395037324842644,405.4605263157895,0.0,-0.22584503739134618,-0.06294055681521882,-0.06545440543274161,0.2266836620469148,-432.8169660782459
e0.01_x0.15_p1_w480_c3_d5,0.01,0.15,1.0,480,3,5,75,-2.211537846639692,-51.37554111429132,0.4,0.9754579755388108,405.05333333333334,0.0,-0.0884227334790656,-0.03622660433241265,-0.03769500318556229,0.2041692131666153,-165.8653384979769
e0.01_x0.15_p2_w120_c1_d0,0.01,0.15,2.0,120,1,0,112,-14.286809340992784,-55.51192993981768,0.38392857142857145,0.8287323238046301,283.45535714285717,0.0,-0.8177036085405093,-0.16544434627274163,-0.1716580519441947,0.27970376309278067,-1600.1226461911917
e0.01_x0.15_p2_w120_c1_d5,0.01,0.15,2.0,120,1,5,106,-14.21552438457906,-60.91132553582234,0.39622641509433965,0.8313135549993299,287.4433962264151,0.0,-0.7661450762820239,-0.15712122627219682,-0.16305376513412861,0.2711693857903785,-1506.8455847653804
e0.01_x0.15_p2_w120_c3_d0,0.01,0.15,2.0,120,3,0,95,-12.688845219069812,-64.5854140912483,0.4105263157894737,0.8395458227833895,281.34736842105264,0.0,-0.6934968829534339,-0.12710364611373126,-0.13199321346176585,0.2555512962343267,-1205.440295811632
e0.01_x0.15_p2_w120_c3_d5,0.01,0.15,2.0,120,3,5,91,-9.311530333124596,-46.61893401659345,0.42857142857142855,0.8803997615727356,285.2197802197802,0.0,-0.492625577647127,-0.09495318296935229,-0.09867671128503575,0.22338620252182173,-847.3492603143382
e0.01_x0.15_p2_w240_c1_d0,0.01,0.15,2.0,240,1,0,91,-11.196836257960953,-67.48092589999533,0.4065934065934066,0.8815203227026036,320.25274725274727,0.0,-0.5005608078760523,-0.11841102143039128,-0.12299024747380927,0.3042024762718958,-1018.9120994744467
e0.01_x0.15_p2_w240_c1_d5,0.01,0.15,2.0,240,1,5,87,-3.949035281389485,-45.13669057900627,0.42528735632183906,0.9558069186997016,328.7586206896552,0.0,-0.18984889667058288,-0.05540614353803952,-0.05762840400028646,0.27800512380888964,-343.5660694808852
e0.01_x0.15_p2_w240_c3_d0,0.01,0.15,2.0,240,3,0,81,-0.05133369271422374,-51.55345206456552,0.4074074074074074,0.9993974005979102,334.41975308641975,0.0,-0.005908130468678921,-0.020236189258927673,-0.02106352744764206,0.21857325531739036,-4.158029109852123
e0.01_x0.15_p2_w240_c3_d5,0.01,0.15,2.0,240,3,5,76,5.258091656763498,-51.46449658942842,0.42105263157894735,1.065206915327974,341.94736842105266,0.0,0.21218256097739635,0.02174463476938282,0.02265327633400216,0.20122691109079227,399.61496591402584
e0.01_x0.15_p2_w480_c1_d0,0.01,0.15,2.0,480,1,0,87,8.483879462350794,-41.8316988464984,0.40229885057471265,1.1061694496429897,341.51724137931035,0.0,0.37037023938291513,0.05484520030195483,0.05717514295940984,0.21930848329694685,738.097513224519
e0.01_x0.15_p2_w480_c1_d5,0.01,0.15,2.0,480,1,5,85,7.608694560471481,-43.82093435412848,0.4,1.0943367459188822,343.5882352941176,0.0,0.32726466869072873,0.04570727439572675,0.047640310541193776,0.21605398748734606,646.7390376400758
e0.01_x0.15_p2_w480_c3_d0,0.01,0.15,2.0,480,3,0,81,4.610887197046439,-47.9277798025568,0.3950617283950617,1.0577874073747306,326.55555555555554,0.0,0.1991987898403902,0.01936199437712416,0.02017009301401207,0.17708656271789114,373.48186296076153
e0.01_x0.15_p2_w480_c3_d5,0.01,0.15,2.0,480,3,5,80,3.474976677394409,-52.32363483081204,0.4,1.0431626003653334,329.3375,0.0,0.1510720405492327,0.010035620083567398,0.01045247506021596,0.18297970048386591,277.9981341915527
e0.01_x0.3_p0_w120_c1_d0,0.01,0.3,0.0,120,1,0,115,-10.354058400690676,-42.836839287463405,0.40869565217391307,0.8687336231304466,260.09565217391304,0.008695652173913044,-0.6218372432941129,-0.13121418462439682,-0.13624921735899043,0.27653741654474595,-1190.7167160794277
e0.01_x0.3_p0_w120_c1_d5,0.01,0.3,0.0,120,1,5,104,-5.5731148420864125,-26.73493678752581,0.4326923076923077,0.928176265460851,263.00961538461536,0.009615384615384616,-0.3258363236553819,-0.07523940859896505,-0.07822363843852309,0.24867134416060732,-579.6039435769869
e0.01_x0.3_p0_w120_c3_d0,0.01,0.3,0.0,120,3,0,93,-12.003969310347363,-61.26377288839247,0.3763440860215054,0.846106738858495,249.41935483870967,0.010752688172043012,-0.6295672474902739,-0.11945374473808867,-0.12407039210073079,0.26808713493717484,-1116.3691458623048
e0.01_x0.3_p0_w120_c3_d5,0.01,0.3,0.0,120,3,5,85,-1.7701280444194214,-56.403734336165634,0.4117647058823529,0.9762589726496875,254.57647058823528,0.011764705882352941,-0.09134266088508944,-0.02951544144115137,-0.03071616543011102,0.20615693533339308,-150.4608837756508
e0.01_x0.3_p0_w240_c1_d0,0.01,0.3,0.0,240,1,0,98,-14.683187385802976,-53.31908842020783,0.3979591836734694,0.8440058468658205,287.1530612244898,0.01020408163265306,-0.7446608303498118,-0.15627383055038702,-0.16217754565669762,0.332100488258503,-1438.9523638086916
e0.01_x0.3_p0_w240_c1_d5,0.01,0.3,0.0,240,1,5,93,-14.812818911603928,-54.57494297018361,0.40860215053763443,0.8422062960267916,293.23655913978496,0.010752688172043012,-0.7326390976411062,-0.15015809756753062,-0.1558527128130226,0.32497291079035295,-1377.5921587791654
e0.01_x0.3_p0_w240_c3_d0,0.01,0.3,0.0,240,3,0,80,-3.0127460464141613,-47.55548865532644,0.425,0.9663233116225075,308.75,0.0125,-0.15542355054685594,-0.044803975361789594,-0.04661155802969641,0.2560537862213196,-241.0196837131329
e0.01_x0.3_p0_w240_c3_d5,0.01,0.3,0.0,240,3,5,75,-11.535010794501126,-48.722005886812084,0.41333333333333333,0.872397958678667,303.76,0.013333333333333334,-0.5045405872359289,-0.1008774067405882,-0.1048195245580974,0.28071568790721724,-865.1258095875845
e0.01_x0.3_p0_w480_c1_d0,0.01,0.3,0.0,480,1,0,92,3.323577301383573,-45.58012159384894,0.40217391304347827,1.0418085725911304,300.1304347826087,0.010869565217391304,0.15218615272089886,0.010128993383475837,0.010549747075534688,0.15564755675411734,305.7691117272887
e0.01_x0.3_p0_w480_c1_d5,0.01,0.3,0.0,480,1,5,90,-0.4509294753189928,-44.57246450136676,0.3888888888888889,0.9944277917796237,296.02222222222224,0.011111111111111112,-0.025955612989996917,-0.023753950998914752,-0.02472328618429742,0.15383420506406043,-40.58365277870935
e0.01_x0.3_p0_w480_c3_d0,0.01,0.3,0.0,480,3,0,77,15.612685624211661,-34.37752588495879,0.4025974025974026,1.2108969421728546,311.94805194805195,0.012987012987012988,0.6679153171277163,0.1079031766201457,0.11260427744163337,0.10369227475071141,1202.176793064298
e0.01_x0.3_p0_w480_c3_d5,0.01,0.3,0.0,480,3,5,75,14.289267269970557,-39.816165785360184,0.4,1.1904600450893734,312.49333333333334,0.013333333333333334,0.602709246502363,0.09400159678039266,0.09807061090568414,0.11411759330939508,1071.6950452477918
e0.01_x0.3_p1_w120_c1_d0,0.01,0.3,1.0,120,1,0,113,-16.863887750111516,-69.24096548383662,0.34513274336283184,0.7951707002916268,229.71681415929203,0.008849557522123894,-1.0864558443222807,-0.1898580993302743,-0.19687595726328222,0.29948403525917944,-1905.6193157626012
e0.01_x0.3_p1_w120_c1_d5,0.01,0.3,1.0,120,1,5,111,-19.51777282436356,-68.89662956870657,0.34234234234234234,0.7668776244890823,229.86486486486487,0.009009009009009009,-1.2323577123380733,-0.21050598773011464,-0.218179494080894,0.32311231741727264,-2166.4727835043554
e0.01_x0.3_p1_w120_c3_d0,0.01,0.3,1.0,120,3,0,93,-18.698197597058506,-76.96728143954168,0.3333333333333333,0.7598151935544398,222.79569892473117,0.010752688172043012,-1.1050023233555828,-0.17057734331065555,-0.17696268366832668,0.2779475281665017,-1738.932376526441
e0.01_x0.3_p1_w120_c3_d5,0.01,0.3,1.0,120,3,5,89,-17.4774008259555,-61.91406107823316,0.33707865168539325,0.7700404692236938,221.2808988764045,0.011235955056179775,-1.0261099886498688,-0.1546215428592801,-0.16046895164816477,0.25613854759548227,-1555.4886735100395
e0.01_x0.3_p1_w240_c1_d0,0.01,0.3,1.0,240,1,0,92,0.8760639471075699,-40.07471512241622,0.42391304347826086,1.0109199599479246,272.75,0.010869565217391304,0.038716101694619844,-0.01125132251870209,-0.011713519731492372,0.17284358307754488,80.59788313389643
e0.01_x0.3_p1_w240_c1_d5,0.01,0.3,1.0,240,1,5,91,1.3724750668803265,-39.915015278221276,0.42857142857142855,1.0172448262482554,272.31868131868134,0.01098901098901099,0.0633679310000566,-0.006547018444539532,-0.006816632257312105,0.17584450372023464,124.8952310861097
e0.01_x0.3_p1_w240_c3_d0,0.01,0.3,1.0,240,3,0,84,5.9725790683356,-39.58227023433069,0.42857142857142855,1.076859117592697,279.0238095238095,0.011904761904761904,0.27252239786389154,0.03321491612803773,0.0346109213294159,0.17169560743882217,501.6966417401904
e0.01_x0.3_p1_w240_c3_d5,0.01,0.3,1.0,240,3,5,81,6.996167989443028,-39.398478424587104,0.43209876543209874,1.0932645673735633,281.18518518518516,0.012345679012345678,0.3185003187230609,0.04115946543089022,0.042896248284781224,0.1631430458223173,566.6896071448853
e0.01_x0.3_p1_w480_c1_d0,0.01,0.3,1.0,480,1,0,88,1.936425003469496,-44.64826665462773,0.42045454545454547,1.0251501786698134,285.7386363636364,0.0,0.09615345655241024,0.0001494850958705385,0.0001556626466929778,0.1351045498466339,170.40540030531565
e0.01_x0.3_p1_w480_c1_d5,0.01,0.3,1.0,480,1,5,87,-2.630483074751238,-50.441101418767786,0.40229885057471265,0.9667316525684048,278.60919540229884,0.0,-0.11849289034143677,-0.03853841785430001,-0.04009855916184335,0.14100752614763234,-228.8520275033577
e0.01_x0.3_p1_w480_c3_d0,0.01,0.3,1.0,480,3,0,81,4.865290253984143,-47.93286598127055,0.3950617283950617,1.0663327118838715,284.1975308641975,0.0,0.2298246471226492,0.024719015834977043,0.0257535064227854,0.12017069751277709,394.08851057271556
e0.01_x0.3_p1_w480_c3_d5,0.01,0.3,1.0,480,3,5,80,4.117925053559569,-49.65420354778094,0.4,1.0556227797795674,286.5625,0.0,0.19523260981229096,0.01851605643305465,0.019288515748151047,0.12187833757417021,329.4340042847655
e0.01_x0.3_p2_w120_c1_d0,0.01,0.3,2.0,120,1,0,120,-11.134393170827467,-64.00095070134005,0.35833333333333334,0.8524208711791323,199.38333333333333,0.008333333333333333,-0.7552639088491537,-0.1403481493268517,-0.145703434426239,0.25014635935059115,-1336.127180499296
e0.01_x0.3_p2_w120_c1_d5,0.01,0.3,2.0,120,1,5,118,-14.395502202415315,-69.52272687480554,0.3559322033898305,0.8115894391556915,199.1864406779661,0.00847457627118644,-0.961658092895377,-0.17046289492847977,-0.1768444231705084,0.27557494099120783,-1698.6692598850072
e0.01_x0.3_p2_w120_c3_d0,0.01,0.3,2.0,120,3,0,100,-13.786630958459675,-64.6872787726649,0.37,0.8105367703893598,190.31,0.01,-0.9253055533268905,-0.1401866728259753,-0.14553633219532902,0.25272621487911695,-1378.6630958459675
e0.01_x0.3_p2_w120_c3_d5,0.01,0.3,2.0,120,3,5,98,-11.634169329119809,-64.6872787726649,0.37755102040816324,0.8373811583207426,193.30612244897958,0.01020408163265306,-0.7757072774303425,-0.11921946283626816,-0.12382770687678624,0.23181189910251687,-1140.1485942537413
e0.01_x0.3_p2_w240_c1_d0,0.01,0.3,2.0,240,1,0,101,-8.876365448619827,-40.902084232332655,0.39603960396039606,0.8825287823065076,228.74257425742573,0.009900990099009901,-0.4940642877260118,-0.0995385704590438,-0.10343143434250934,0.2217332123628033,-896.5129103106026
e0.01_x0.3_p2_w240_c1_d5,0.01,0.3,2.0,240,1,5,99,-7.441503661350418,-40.902084232332655,0.40404040404040403,0.9002440030745885,232.16161616161617,0.010101010101010102,-0.4127397014612608,-0.08464030343373996,-0.08797935326397299,0.20503385875022684,-736.7088624736914
e0.01_x0.3_p2_w240_c3_d0,0.01,0.3,2.0,240,3,0,90,-4.777630148005324,-36.738225850718734,0.3888888888888889,0.9324090911688973,232.45555555555555,0.011111111111111112,-0.24389655645025873,-0.05419358185911172,-0.05636867363393605,0.1720262393514309,-429.9867133204791
e0.01_x0.3_p2_w240_c3_d5,0.01,0.3,2.0,240,3,5,88,-0.6890487831763284,-45.115008523567425,0.3977272727272727,0.9899475923130334,234.6818181818182,0.011363636363636364,-0.029357256473015687,-0.018328145633271897,-0.019078236996091902,0.14308804749198167,-60.636292919516904
e0.01_x0.3_p2_w480_c1_d0,0.01,0.3,2.0,480,1,0,99,-9.652642585744854,-50.141136435040146,0.3838383838383838,0.8720162639059705,233.54545454545453,0.0,-0.5257673401165797,-0.10519403412172523,-0.10929437246851303,0.22419506789610755,-955.6116159887406
e0.01_x0.3_p2_w480_c1_d5,0.01,0.3,2.0,480,1,5,98,-11.125611364361808,-54.21674714056634,0.37755102040816324,0.854645258168766,231.6530612244898,0.0,-0.5984798008148979,-0.11697133215862898,-0.12149880378893885,0.2307805798842606,-1090.309913707457
e0.01_x0.3_p2_w480_c3_d0,0.01,0.3,2.0,480,3,0,90,-11.284833529575744,-51.873026244535495,0.34444444444444444,0.8490243311654381,229.76666666666668,0.0,-0.5725107352915488,-0.10900418060784223,-0.11324343409867721,0.18330208404817283,-1015.635017661817
e0.01_x0.3_p2_w480_c3_d5,0.01,0.3,2.0,480,3,5,89,-11.516807104885128,-53.02389163438504,0.34831460674157305,0.8469952694796489,231.43820224719101,0.0,-0.5831936643582895,-0.10969170600366718,-0.11395595193501296,0.17528569093445656,-1024.9958323347764
e0.05_x0.05_p0_w120_c1_d0,0.05,0.05,0.0,120,1,0,115,-6.523450477583121,-54.72323650700606,0.4,0.9380122147535525,505.03478260869565,0.008695652173913044,-0.28276367523956186,-0.1079784689247486,-0.11218039423827986,0.3129182024071995,-750.196804922059
e0.05_x0.05_p0_w120_c1_d5,0.05,0.05,0.0,120,1,5,101,-8.685091058055308,-60.71189586033032,0.38613861386138615,0.913873169590668,477.64356435643566,0.009900990099009901,-0.3923364495659567,-0.1136627234736759,-0.11807087561483576,0.3420363300277899,-877.1941968635862
e0.05_x0.05_p0_w120_c3_d0,0.05,0.05,0.0,120,3,0,102,5.767571181495857,-68.32982910243146,0.39215686274509803,1.0592626660367306,505.5686274509804,0.00980392156862745,0.2254709489737096,0.02433336641410122,0.02535151878677766,0.23867141855772644,588.2922605125774
e0.05_x0.05_p0_w120_c3_d5,0.05,0.05,0.0,120,3,5,87,16.616279855908758,-56.84445264940719,0.4482758620689655,1.178425070141707,495.4022988505747,0.011494252873563218,0.6221360067927733,0.12054875152099354,0.1258313795194579,0.18215175111084014,1445.6163474640618
e0.05_x0.05_p0_w240_c1_d0,0.05,0.05,0.0,240,1,0,109,-9.33623676005471,-64.67245772872499,0.3669724770642202,0.9138602018492815,532.8348623853211,0.009174311926605505,-0.38378716785979566,-0.1332718057436636,-0.13837934215422065,0.33651861409140593,-1017.6498068459634
e0.05_x0.05_p0_w240_c1_d5,0.05,0.05,0.0,240,1,5,88,9.43066841949066,-33.616869009667205,0.38636363636363635,1.0928664847025382,549.8636363636364,0.011363636363636364,0.32287908598012593,0.04860862223087303,0.05066730703436284,0.1900103616824078,829.898820915178
e0.05_x0.05_p0_w240_c3_d0,0.05,0.05,0.0,240,3,0,91,13.748756164449267,-55.050895750818896,0.37362637362637363,1.1433827131896406,545.3076923076923,0.01098901098901099,0.4989116416911569,0.09613142858121093,0.10029679077896025,0.1732864488457122,1251.1368109648834
e0.05_x0.05_p0_w240_c3_d5,0.05,0.05,0.0,240,3,5,80,11.78772054569813,-42.355081545805696,0.4125,1.1248983640008183,540.9,0.0125,0.4169122914726715,0.06905973838455881,0.07201386569432122,0.18204537927081754,943.0176436558504
e0.05_x0.05_p0_w480_c1_d0,0.05,0.05,0.0,480,1,0,97,5.054023120145989,-64.67245772872499,0.38144329896907214,1.0471103800719064,598.7525773195877,0.0,0.17507791980413423,0.009981381031038516,0.010395971477040078,0.22422122421988044,490.2402426541609
e0.05_x0.05_p0_w480_c1_d5,0.05,0.05,0.0,480,1,5,83,5.253733055393323,-62.01358309350758,0.39759036144578314,1.051078116476414,599.0,0.0,0.17825214482511909,0.013253004492981058,0.013804412332594662,0.16251322705877358,436.05984359764585
e0.05_x0.05_p0_w480_c3_d0,0.05,0.05,0.0,480,3,0,89,9.608689221874867,-48.69182637433411,0.4044943820224719,1.0905410338110353,603.9662921348314,0.0,0.3192953331582738,0.048862721803854425,0.05093242739301562,0.23930004520400994,855.1733407468631
e0.05_x0.05_p0_w480_c3_d5,0.05,0.05,0.0,480,3,5,77,1.9430735174216283,-55.83741563132571,0.4155844155844156,1.0181667037293716,602.9480519480519,0.0,0.061947377635518774,-0.014729802871063291,-0.015333782248210914,0.235053912991793,149.61666084146538
e0.05_x0.05_p1_w120_c1_d0,0.05,0.05,1.0,120,1,0,117,-15.255947979842862,-82.94180726575506,0.37606837606837606,0.8612153792902014,496.4017094017094,0.0,-0.6770336842139265,-0.19593909105300866,-0.20315240042405003,0.34643213227620473,-1784.9459136416149
e0.05_x0.05_p1_w120_c1_d5,0.05,0.05,1.0,120,1,5,101,-12.934649630586858,-72.18030269753095,0.39603960396039606,0.880414303656024,500.66336633663366,0.0,-0.555671832461419,-0.15274206009957292,-0.15852525251245253,0.34169675848672443,-1306.3996126892725
e0.05_x0.05_p1_w120_c3_d0,0.05,0.05,1.0,120,3,0,107,-6.942365309982047,-76.62465863541912,0.38317757009345793,0.9340078185995925,513.3551401869158,0.0,-0.30723302686365805,-0.10484503580536231,-0.10893261514557862,0.3120622586827152,-742.833088168079
e0.05_x0.05_p1_w120_c3_d5,0.05,0.05,1.0,120,3,5,93,-5.207074044712013,-67.1947454214339,0.3978494623655914,0.9506681874079315,490.3225806451613,0.0,-0.23783598346733717,-0.0781171776079207,-0.08121046088745998,0.265110005324945,-484.2578861582172
e0.05_x0.05_p1_w240_c1_d0,0.05,0.05,1.0,240,1,0,107,-17.13330165735644,-82.94180726575506,0.34579439252336447,0.8496511036144386,542.7943925233645,0.0,-0.6507694045575365,-0.20042847273909414,-0.20778481941287075,0.37936507202342085,-1833.263277337139
e0.05_x0.05_p1_w240_c1_d5,0.05,0.05,1.0,240,1,5,88,-0.6325990961279021,-56.451582752949925,0.3977272727272727,0.9940872226522804,588.3068181818181,0.0,-0.022383573352950804,-0.037912249061647696,-0.039447564923745904,0.24060948104022317,-55.66872045925538
e0.05_x0.05_p1_w240_c3_d0,0.05,0.05,1.0,240,3,0,95,-5.0952150335148305,-52.61150093498257,0.3473684210526316,0.9538939247457943,581.7684210526315,0.0,-0.18353111349724405,-0.08240791742465703,-0.08566308308173376,0.29043010176016226,-484.04542818390894
e0.05_x0.05_p1_w240_c3_d5,0.05,0.05,1.0,240,3,5,80,7.174541500256443,-64.6164321554632,0.4,1.0700814055724706,594.225,0.0,0.23895572013506422,0.027944102891538147,0.029115470302918167,0.18066561887264954,573.9633200205154
e0.05_x0.05_p1_w480_c1_d0,0.05,0.05,1.0,480,1,0,93,7.7427003315277645,-63.8956478452879,0.41935483870967744,1.0714330123905145,624.505376344086,0.0,0.25744020465962386,0.032116942725224584,0.03346605746678222,0.2586501894504414,720.0711308320821
e0.05_x0.05_p1_w480_c1_d5,0.05,0.05,1.0,480,1,5,81,-0.4774103746824417,-65.26526010810608,0.41975308641975306,0.9957036579768439,617.6543209876543,0.0,-0.028046628482494184,-0.03682498391724853,-0.038317151856705034,0.21882605797490562,-38.670240349277776
e0.05_x0.05_p1_w480_c3_d0,0.05,0.05,1.0,480,3,0,90,6.528486687123378,-60.71165273616841,0.4222222222222222,1.0586059132145982,636.9111111111112,0.0,0.20777922030235696,0.018680474798257185,0.019459858682510767,0.2602711671882231,587.563801841104
e0.05_x0.05_p1_w480_c3_d5,0.05,0.05,1.0,480,3,5,76,6.603100617680356,-56.272322117855154,0.4342105263157895,1.0612507204003627,626.1315789473684,0.0,0.20117217375541938,0.018668500499310126,0.01944738004084523,0.2066762570247369,501.83564694370705
e0.05_x0.05_p2_w120_c1_d0,0.05,0.05,2.0,120,1,0,125,-1.4549020055233863,-53.04192391739626,0.408,0.9847797174695352,464.632,0.0,-0.06615906133414488,-0.05251512597377839,-0.05462481565105759,0.2171600350966908,-181.8627506904233
e0.05_x0.05_p2_w120_c1_d5,0.05,0.05,2.0,120,1,5,108,-3.704354541321724,-49.816294678498025,0.4074074074074074,0.9614218769811351,465.35185185185185,0.0,-0.18593456924582666,-0.06952994678918634,-0.07229667993446365,0.2648360417063038,-400.0702904627462
e0.05_x0.05_p2_w120_c3_d0,0.05,0.05,2.0,120,3,0,113,3.4597498042605808,-53.44115760155699,0.40707964601769914,1.0383130520958108,480.76106194690266,0.0,0.1627410073437451,0.008803910914374935,0.00916937181154398,0.21437012003678446,390.9517278814456
e0.05_x0.05_p2_w120_c3_d5,0.05,0.05,2.0,120,3,5,99,-2.3342204714402817,-50.07724242398703,0.42424242424242425,0.9750910003072207,463.2929292929293,0.0,-0.11341321447243466,-0.0501004798337199,-0.05211585742242164,0.24262251563085957,-231.08782667258788
e0.05_x0.05_p2_w240_c1_d0,0.05,0.05,2.0,240,1,0,109,-5.584371600756515,-48.75161706514808,0.4036697247706422,0.9483215096592742,532.8348623853211,0.0,-0.21850405194653824,-0.09968639514044486,-0.10358470148005883,0.3688619562540981,-608.6965044824601
e0.05_x0.05_p2_w240_c1_d5,0.05,0.05,2.0,240,1,5,92,0.6643547261620325,-53.28213121016057,0.41304347826086957,1.0063944441098431,551.75,0.0,0.019960190529386322,-0.028283135524553082,-0.02943449183375224,0.2538755300668486,61.12063480690699
e0.05_x0.05_p2_w240_c3_d0,0.05,0.05,2.0,240,3,0,104,-7.249047066678179,-54.4908629907026,0.40384615384615385,0.9319992091367115,524.9326923076923,0.0,-0.27810232600947454,-0.1092404743668074,-0.11348832000571396,0.3366505117021883,-753.9008949345307
e0.05_x0.05_p2_w240_c3_d5,0.05,0.05,2.0,240,3,5,86,0.521516691951985,-50.508998255324734,0.4069767441860465,1.0051697447430503,555.9186046511628,0.0,0.012338571391967456,-0.026654569469039435,-0.027740580410839488,0.25034791264836687,44.85043550787071
e0.05_x0.05_p2_w480_c1_d0,0.05,0.05,2.0,480,1,0,97,6.913066932429894,-31.370656649988284,0.44329896907216493,1.065651341882946,598.7525773195877,0.0,0.2470133361437693,0.028895029523968052,0.030106838747651965,0.28242793733151694,670.5674924456997
e0.05_x0.05_p2_w480_c1_d5,0.05,0.05,2.0,480,1,5,87,1.8341928958050489,-44.543485015201554,0.41379310344827586,1.0176094929421249,584.4022988505748,0.0,0.06149578674148153,-0.016457595522888835,-0.01713180318716634,0.23176830756162503,159.57478193503925
e0.05_x0.05_p2_w480_c3_d0,0.05,0.05,2.0,480,3,0,95,6.983883804866671,-29.154698861552085,0.43157894736842106,1.0656610802663484,588.6,0.0,0.24476550122092358,0.028574619523137557,0.029772797848132804,0.271024844747874,663.4689614623337
e0.05_x0.05_p2_w480_c3_d5,0.05,0.05,2.0,480,3,5,80,6.662901988617797,-27.782593485394802,0.45,1.0676055362652417,602.6125,0.0,0.22887254200777912,0.02549100642169355,0.02655822152633025,0.193506669274931,533.0321590894238
e0.05_x0.15_p0_w120_c1_d0,0.05,0.15,0.0,120,1,0,137,-5.034951043366082,-53.78966528589713,0.3795620437956204,0.9401114104854561,344.3211678832117,0.0072992700729927005,-0.30548649438037945,-0.0951522919738732,-0.09888319397481182,0.30675651811653726,-689.7882929411533
e0.05_x0.15_p0_w120_c1_d5,0.05,0.15,0.0,120,1,5,127,-6.2911708482556845,-56.180696719810854,0.3779527559055118,0.9253523341051274,334.2834645669291,0.007874015748031496,-0.37828293696925896,-0.10254667901748549,-0.10655008740980809,0.3215221228701769,-798.978697728472
e0.05_x0.15_p0_w120_c3_d0,0.05,0.15,0.0,120,3,0,121,0.7256330683861834,-56.84445264940719,0.38016528925619836,1.0091424499666501,343.56198347107437,0.008264462809917356,0.023464660094458505,-0.018574342202560712,-0.01933440975858547,0.2461088061366471,87.80160127472818
e0.05_x0.15_p0_w120_c3_d5,0.05,0.15,0.0,120,3,5,110,1.140842942281578,-55.36918518890488,0.4090909090909091,1.0142343555963202,338.4909090909091,0.00909090909090909,0.04334006760534863,-0.012777026136850056,-0.01330147562916495,0.23718328410994727,125.49272365097359
e0.05_x0.15_p0_w240_c1_d0,0.05,0.15,0.0,240,1,0,124,-10.760796652851198,-55.56387878687063,0.3790322580645161,0.8932364828863198,390.39516129032256,0.008064516129032258,-0.5255792357768091,-0.15938315103754253,-0.16539244982188062,0.36535239829314103,-1334.3387849535486
e0.05_x0.15_p0_w240_c1_d5,0.05,0.15,0.0,240,1,5,109,-1.3786648136904824,-62.02337062897634,0.3669724770642202,0.9857095321727803,394.26605504587155,0.009174311926605505,-0.09319650772650266,-0.04923680948704379,-0.05121838951167679,0.2751567134256774,-150.2744646922626
e0.05_x0.15_p0_w240_c3_d0,0.05,0.15,0.0,240,3,0,102,10.243954415425316,-35.77906210020187,0.43137254901960786,1.1128624636359328,413.2647058823529,0.00980392156862745,0.42651587814808184,0.07407486901000793,0.07725117088016042,0.24343189654080577,1044.8833503733822
e0.05_x0.15_p0_w240_c3_d5,0.05,0.15,0.0,240,3,5,94,9.388382892776324,-44.19219370681571,0.425531914893617,1.107439260770716,406.5744680851064,0.010638297872340425,0.3911174350504569,0.06188614968144157,0.06452424658413647,0.17557586198808772,882.5079919209745
e0.05_x0.15_p0_w480_c1_d0,0.05,0.15,0.0,480,1,0,115,-8.48981592539688,-57.859130920033806,0.3652173913043478,0.917809534369941,411.704347826087,0.008695652173913044,-0.3849660912909117,-0.1265029954272645,-0.13137123726143995,0.3180200357104992,-976.3288314206411
e0.05_x0.15_p0_w480_c1_d5,0.05,0.15,0.0,480,1,5,105,-5.253964512248283,-74.24016982003789,0.34285714285714286,0.9490512044532112,415.95238095238096,0.009523809523809525,-0.24566106908601582,-0.08677633209148394,-0.09019542685629345,0.27865955981203927,-551.6662737860697
e0.05_x0.15_p0_w480_c3_d0,0.05,0.15,0.0,480,3,0,103,-3.207991843719905,-50.54863837308909,0.36893203883495146,0.9680295806421174,421.99029126213594,0.009708737864077669,-0.14685302600819528,-0.06511755297974575,-0.06771516995539961,0.28122477839297877,-330.4231599031502
e0.05_x0.15_p0_w480_c3_d5,0.05,0.15,0.0,480,3,5,94,-6.674004851901101,-75.79440317414421,0.35106382978723405,0.9337437652943872,413.8191489361702,0.010638297872340425,-0.2756272119661791,-0.08884374009956164,-0.09234010436376394,0.2423498403304234,-627.3564560787034
e0.05_x0.15_p1_w120_c1_d0,0.05,0.15,1.0,120,1,0,139,-9.170402504664818,-56.45949562127939,0.37410071942446044,0.8901707345375007,320.48201438848923,0.007194244604316547,-0.5484507391104682,-0.1460123755948981,-0.15156417603592887,0.3144618139497005,-1274.6859481484096
e0.05_x0.15_p1_w120_c1_d5,0.05,0.15,1.0,120,1,5,131,-9.332303745137505,-57.88069614310665,0.37404580152671757,0.8876430445203692,323.25954198473283,0.007633587786259542,-0.5489548641721526,-0.1398589373496465,-0.1451971746540659,0.31556960309979853,-1222.531790613013
e0.05_x0.15_p1_w120_c3_d0,0.05,0.15,1.0,120,3,0,128,-5.505471043286876,-54.63563052334752,0.375,0.931973579963013,322.8359375,0.0078125,-0.32940094213403875,-0.09362771264877678,-0.09730210645781523,0.2946481650804179,-704.7002935407202
e0.05_x0.15_p1_w120_c3_d5,0.05,0.15,1.0,120,3,5,122,-9.742908520598048,-54.63563052334752,0.3770491803278688,0.8815924484343275,313.4016393442623,0.00819672131147541,-0.5586557093593678,-0.13522227445436752,-0.1403983459411674,0.3182787779913462,-1188.634839512962
e0.05_x0.15_p1_w240_c1_d0,0.05,0.15,1.0,240,1,0,127,-22.46959845353805,-83.74552787800194,0.3464566929133858,0.7841035688218577,363.59842519685037,0.007874015748031496,-1.0715190477847805,-0.2751291709601962,-0.28470322270995774,0.4479363408369832,-2853.6390035993327
e0.05_x0.15_p1_w240_c1_d5,0.05,0.15,1.0,240,1,5,116,-18.75032502542595,-81.45210927402391,0.33620689655172414,0.8189702712177257,370.6465517241379,0.008620689655172414,-0.8710207808002893,-0.22203508989041665,-0.23006471362777847,0.40865847311456405,-2175.0377029494102
e0.05_x0.15_p1_w240_c3_d0,0.05,0.15,1.0,240,3,0,113,-11.277038434952635,-58.0733930493671,0.36283185840707965,0.8860652651860471,380.3805309734513,0.008849557522123894,-0.5203689429194386,-0.14844638939182364,-0.15408214302545364,0.35407531383716107,-1274.3053431496478
e0.05_x0.15_p1_w240_c3_d5,0.05,0.15,1.0,240,3,5,102,-9.432648060973408,-75.94571563153907,0.37254901960784315,0.8991518644051345,383.9313725490196,0.00980392156862745,-0.45232676916603465,-0.11563016971279627,-0.12010933839591476,0.28880916607273366,-962.1301022192876
e0.05_x0.15_p1_w480_c1_d0,0.05,0.15,1.0,480,1,0,117,-10.88957613480701,-50.871096882907366,0.38461538461538464,0.88481228482449,373.8290598290598,0.0,-0.5105048556433105,-0.1476632200307677,-0.1532719932580574,0.344597929197351,-1274.0804077724201
e0.05_x0.15_p1_w480_c1_d5,0.05,0.15,1.0,480,1,5,112,-12.096947837171475,-62.64381334742053,0.375,0.8735602826727652,376.9642857142857,0.0,-0.5728034142967926,-0.15294946874051107,-0.15873975644754312,0.33020463564513036,-1354.8581577632053
e0.05_x0.15_p1_w480_c3_d0,0.05,0.15,1.0,480,3,0,111,-9.21944379324434,-48.69182637433411,0.3783783783783784,0.9030663510218339,385.6936936936937,0.0,-0.4215911783633143,-0.12526349810376824,-0.1300876769472331,0.3132538976614726,-1023.3582610501217
e0.05_x0.15_p1_w480_c3_d5,0.05,0.15,1.0,480,3,5,100,-9.200514159915215,-51.45434210432897,0.37,0.8998764791807855,375.59,0.0,-0.41928189017987233,-0.11085865975775178,-0.11516527391743459,0.2532132015386497,-920.0514159915215
e0.05_x0.15_p2_w120_c1_d0,0.05,0.15,2.0,120,1,0,154,-4.723440525759217,-61.30239983485664,0.37012987012987014,0.9391376979297483,279.1363636363636,0.0,-0.3136225115863215,-0.09744590347165327,-0.10126161024288372,0.22099829282441708,-727.4098409669194
e0.05_x0.15_p2_w120_c1_d5,0.05,0.15,2.0,120,1,5,145,-8.349316664491809,-67.54883015970935,0.36551724137931035,0.8939419489430265,283.70344827586206,0.0,-0.5437392168411813,-0.13847916834682872,-0.14376926012395064,0.25515617796966905,-1210.6509163513124
e0.05_x0.15_p2_w120_c3_d0,0.05,0.15,2.0,120,3,0,138,-1.6253170706263653,-58.20625046992545,0.39855072463768115,0.978206142250559,283.3550724637681,0.0,-0.10713184943126759,-0.04683540040640277,-0.04872283036509695,0.2253329844748837,-224.29375574643842
e0.05_x0.15_p2_w120_c3_d5,0.05,0.15,2.0,120,3,5,129,-3.1527834048467143,-64.66146434833232,0.40310077519379844,0.9581952078643632,290.0232558139535,0.0,-0.19559985845644642,-0.06266679519412455,-0.06517009440001098,0.2377808331349872,-406.70905922522616
e0.05_x0.15_p2_w240_c1_d0,0.05,0.15,2.0,240,1,0,139,-15.703889910863495,-77.91032177922874,0.35251798561151076,0.8287667568883184,312.46043165467626,0.0,-0.8529812079011682,-0.2227973517138646,-0.230850265313149,0.3999375178133494,-2182.840697610026
e0.05_x0.15_p2_w240_c1_d5,0.05,0.15,2.0,240,1,5,126,-11.210662344256807,-76.20308991481639,0.3492063492063492,0.8762563187599756,314.53968253968253,0.0,-0.5859119086109407,-0.1583594156093654,-0.16433400542113963,0.33801740710022654,-1412.5434553763578
e0.05_x0.15_p2_w240_c3_d0,0.05,0.15,2.0,240,3,0,130,-15.751830610177418,-73.55671240470984,0.3384615384615385,0.8263145733423645,312.83846153846156,0.0,-0.8454953070426889,-0.21014231308836684,-0.21780446880107307,0.37578812475011725,-2047.7379793230643
e0.05_x0.15_p2_w240_c3_d5,0.05,0.15,2.0,240,3,5,118,-14.25336986561977,-77.72348273506257,0.3813559322033898,0.8421817931367716,309.9830508474576,0.0,-0.7463006974608003,-0.17861256912767332,-0.1852638608913616,0.3372139301531747,-1681.897644143133
e0.05_x0.15_p2_w480_c1_d0,0.05,0.15,2.0,480,1,0,126,0.8160949244389261,-42.58205353007416,0.38095238095238093,1.0099338605020804,347.0238095238095,0.0,0.049901415509508724,-0.018234631390285472,-0.018980932743162593,0.28584279707314664,102.82796047930468
e0.05_x0.15_p2_w480_c1_d5,0.05,0.15,2.0,480,1,5,119,0.2208564916441788,-61.32124772858849,0.36134453781512604,1.002636742378718,336.672268907563,0.0,0.011096012027676289,-0.024203582962531778,-0.025191028632089663,0.2448146890203593,26.281922505657278
e0.05_x0.15_p2_w480_c3_d0,0.05,0.15,2.0,480,3,0,119,5.24482621749262,-50.84757789634686,0.3697478991596639,1.0665825243513982,338.20168067226894,0.0,0.2740128903037732,0.03611845800212676,0.03763870506937894,0.22595176383002713,624.1343198816218
e0.05_x0.15_p2_w480_c3_d5,0.05,0.15,2.0,480,3,5,111,-8.102471222510609,-72.79795761504838,0.34234234234234234,0.9038669355854148,318.9189189189189,0.0,-0.41983892270337014,-0.10735086135967553,-0.1115299215736879,0.27141665616169663,-899.3743056986776
e0.05_x0.3_p0_w120_c1_d0,0.05,0.3,0.0,120,1,0,156,-8.040265550384403,-54.229820571788935,0.34615384615384615,0.8937124516673457,252.37179487179486,0.01282051282051282,-0.5664608410806913,-0.14245479316994047,-0.14788335336390634,0.29805564500092363,-1254.2814258599667
e0.05_x0.3_p0_w120_c1_d5,0.05,0.3,0.0,120,1,5,145,-3.942812125444589,-53.383222664971086,0.3586206896551724,0.9461098369009127,254.6,0.013793103448275862,-0.2872928606757519,-0.07999541837634072,-0.08315967013432057,0.26255032364224884,-571.7077581894654
e0.05_x0.3_p0_w120_c3_d0,0.05,0.3,0.0,120,3,0,136,-4.836513117031992,-45.5933419315302,0.3602941176470588,0.9325006363218097,255.97058823529412,0.007352941176470588,-0.33719330346663406,-0.08593257426246192,-0.0893200758501077,0.26332395784659257,-657.765783916351
e0.05_x0.3_p0_w120_c3_d5,0.05,0.3,0.0,120,3,5,125,-2.3110128733240125,-46.355835728586484,0.376,0.9674863966709196,259.496,0.008,-0.16371435986316416,-0.05038888210437986,-0.05241553808149868,0.2592265610084785,-288.8766091655016
e0.05_x0.3_p0_w240_c1_d0,0.05,0.3,0.0,240,1,0,138,-10.7363088732305,-76.0091226818127,0.37681159420289856,0.8785060642238154,292.7173913043478,0.014492753623188406,-0.625666964077873,-0.16621638675417816,-0.17245599389040323,0.3630107506305874,-1481.610624505809
e0.05_x0.3_p0_w240_c1_d5,0.05,0.3,0.0,240,1,5,126,-2.012542672972576,-60.90727244235428,0.3888888888888889,0.9764465715060981,300.6746031746032,0.007936507936507936,-0.13150439785577686,-0.0557245245915754,-0.057959159014288164,0.2818335374119275,-253.58037679454458
e0.05_x0.3_p0_w240_c3_d0,0.05,0.3,0.0,240,3,0,115,4.2977512530234865,-46.000148568481336,0.40869565217391307,1.0530674954591501,302.24347826086955,0.008695652173913044,0.2051031222270491,0.020300209478112397,0.021147870425809456,0.2310939877882734,494.24139409770095
e0.05_x0.3_p0_w240_c3_d5,0.05,0.3,0.0,240,3,5,109,4.494758875897322,-38.151078998416295,0.4036697247706422,1.0563666898762916,308.651376146789,0.009174311926605505,0.20972134077990276,0.021478582016990044,0.02237598477947156,0.19957852485394445,489.92871747280805
e0.05_x0.3_p0_w480_c1_d0,0.05,0.3,0.0,480,1,0,130,-1.6777250510855783,-50.718245402480704,0.3769230769230769,0.9786706284712431,297.9307692307692,0.015384615384615385,-0.08881096159854321,-0.04741358466757839,-0.04932370679114095,0.22904499918270027,-218.10425664112518
e0.05_x0.3_p0_w480_c1_d5,0.05,0.3,0.0,480,1,5,125,-4.964612262718138,-63.87369186140246,0.376,0.9397074584050557,300.456,0.008,-0.2785538716039428,-0.08488470975328799,-0.08823292923290349,0.24400398724911,-620.5765328397672
e0.05_x0.3_p0_w480_c3_d0,0.05,0.3,0.0,480,3,0,115,3.435821406759849,-45.10976090820628,0.3826086956521739,1.0451462559206066,304.9217391304348,0.008695652173913044,0.18363015770177088,0.015585835839787565,0.016235079177764566,0.19487681935663148,395.11946177738264
e0.05_x0.3_p0_w480_c3_d5,0.05,0.3,0.0,480,3,5,108,-5.383352662513528,-59.06795618154048,0.35185185185185186,0.9334343641270739,297.35185185185185,0.009259259259259259,-0.28167337999753794,-0.07751794100420983,-0.080588547852954,0.20206880885159562,-581.402087551461
e0.05_x0.3_p1_w120_c1_d0,0.05,0.3,1.0,120,1,0,158,-9.464408533256393,-59.865416567923546,0.3291139240506329,0.8738437136280575,231.22151898734177,0.006329113924050633,-0.7028679550986221,-0.1617467262455532,-0.16783595670271068,0.3178726799345456,-1495.37654825451
e0.05_x0.3_p1_w120_c1_d5,0.05,0.3,1.0,120,1,5,151,-7.670620950594276,-58.145253406525214,0.32450331125827814,0.8956793604040411,233.86754966887418,0.006622516556291391,-0.5740716895688813,-0.13173626259660176,-0.13678971136678386,0.2994353455863987,-1158.2637635397357
e0.05_x0.3_p1_w120_c3_d0,0.05,0.3,1.0,120,3,0,143,-6.476458939810478,-55.050895750818896,0.3356643356643357,0.9113400906734241,231.67132867132867,0.006993006993006993,-0.48293165259304377,-0.11016806205389995,-0.11444961081314309,0.2752475368400584,-926.1336283928985
e0.05_x0.3_p1_w120_c3_d5,0.05,0.3,1.0,120,3,5,139,-10.889786528994918,-63.823213015354874,0.3381294964028777,0.8536790631875009,231.84892086330936,0.007194244604316547,-0.7891978498852638,-0.16006279744619667,-0.1660951097114053,0.31079315594536017,-1513.6803275302937
e0.05_x0.3_p1_w240_c1_d0,0.05,0.3,1.0,240,1,0,139,-9.848246749567233,-68.27957341147383,0.3597122302158273,0.881594102732219,263.75539568345323,0.007194244604316547,-0.5878291960299941,-0.15252104065940708,-0.15829666977477597,0.3331241291265594,-1368.9062981898453
e0.05_x0.3_p1_w240_c1_d5,0.05,0.3,1.0,240,1,5,129,-6.655431699757171,-68.96122168166596,0.35658914728682173,0.9200587264822617,266.4651162790698,0.007751937984496124,-0.3797155795223592,-0.10701479912119671,-0.11118160809193023,0.3055140591860174,-858.5506892686751
e0.05_x0.3_p1_w240_c3_d0,0.05,0.3,1.0,240,3,0,124,-1.7383303901081129,-59.293397187215604,0.3709677419354839,0.9785514864334804,272.0967741935484,0.008064516129032258,-0.1056423591152512,-0.04703913842334295,-0.04893456626593673,0.23659665110029082,-215.552968373406
e0.05_x0.3_p1_w240_c3_d5,0.05,0.3,1.0,240,3,5,116,-6.83469238798478,-60.85387576614198,0.3706896551724138,0.9160815314597006,266.4741379310345,0.008620689655172414,-0.37817875104467724,-0.09771764038523656,-0.10154337791411638,0.2316103424860919,-792.8243170062344
e0.05_x0.3_p1_w480_c1_d0,0.05,0.3,1.0,480,1,0,128,-1.1582110895154583,-52.724382242601564,0.3828125,0.9845902265295878,284.3203125,0.0,-0.06098743862436889,-0.03779058142840974,-0.0393210715542347,0.251847810664244,-148.25101945797866
e0.05_x0.3_p1_w480_c1_d5,0.05,0.3,1.0,480,1,5,124,-4.128759945861555,-71.03581489192933,0.3709677419354839,0.9476590063320699,284.4516129032258,0.0,-0.24002723815586677,-0.07185395639843983,-0.07470940243744828,0.258842515778533,-511.96623328683285
e0.05_x0.3_p1_w480_c3_d0,0.05,0.3,1.0,480,3,0,122,-2.0110804430236273,-58.98181599105989,0.3770491803278688,0.9740128107445334,287.07377049180326,0.0,-0.11263115566429695,-0.0467579944374612,-0.04864238527833109,0.23533082756831347,-245.35181404888252
e0.05_x0.3_p1_w480_c3_d5,0.05,0.3,1.0,480,3,5,114,-8.653531002065685,-72.29887818846925,0.3508771929824561,0.8916257543843011,274.57894736842104,0.0,-0.48675853235510624,-0.11247241822415943,-0.11683751453751079,0.23147738243521598,-986.5025342354882
e0.05_x0.3_p2_w120_c1_d0,0.05,0.3,2.0,120,1,0,177,-7.1522229008631175,-56.81106465848629,0.3333333333333333,0.896970587674926,191.7909604519774,0.005649717514124294,-0.5971972702249746,-0.14240286827561088,-0.1478296250310146,0.2690437789316408,-1265.9434534527718
e0.05_x0.3_p2_w120_c1_d5,0.05,0.3,2.0,120,1,5,173,-11.586135045677736,-64.36756143505029,0.3236994219653179,0.839494207626834,191.8612716763006,0.005780346820809248,-0.9408137288348268,-0.20304001993216303,-0.21047907972430713,0.3172628330622258,-2004.4013629022484
e0.05_x0.3_p2_w120_c3_d0,0.05,0.3,2.0,120,3,0,160,-5.14826507015001,-54.88781290110656,0.35,0.9228952285443588,190.4875,0.00625,-0.4119718754369507,-0.09939513112831566,-0.10328271301702185,0.2626654369186071,-823.7224112240016
e0.05_x0.3_p2_w120_c3_d5,0.05,0.3,2.0,120,3,5,156,-7.5806516724037785,-54.88781290110656,0.3525641025641026,0.8877476573621855,191.80128205128204,0.00641025641025641,-0.6001412909356528,-0.1303691307361623,-0.13537432618251422,0.2864264444936859,-1182.5816608949895
e0.05_x0.3_p2_w240_c1_d0,0.05,0.3,2.0,240,1,0,157,-11.577765554972363,-62.94185953185094,0.34394904458598724,0.8465145162391015,222.21656050955414,0.006369426751592357,-0.817478229408838,-0.18606945494527327,-0.1929645553089876,0.34257786885551833,-1817.709192130661
e0.05_x0.3_p2_w240_c1_d5,0.05,0.3,2.0,240,1,5,149,-11.150959350389826,-64.33860933658497,0.3422818791946309,0.8529356341022754,223.1744966442953,0.006711409395973154,-0.7623710733998719,-0.17226272884753957,-0.1787041289145277,0.32076066041329965,-1661.492943208084
e0.05_x0.3_p2_w240_c3_d0,0.05,0.3,2.0,240,3,0,146,-13.197199932512888,-65.3426549721714,0.3424657534246575,0.8258335278293829,223.52739726027397,0.00684931506849315,-0.9185057183212281,-0.19359192600534714,-0.20073002588747313,0.3299542090557741,-1926.7911901468815
e0.05_x0.3_p2_w240_c3_d5,0.05,0.3,2.0,240,3,5,135,-11.686120399994651,-64.4338412148282,0.35555555555555557,0.8431434207727333,221.47407407407408,0.007407407407407408,-0.7764673589737823,-0.16349260209571814,-0.16964069202872745,0.2882734094836966,-1577.6262539992779
e0.05_x0.3_p2_w480_c1_d0,0.05,0.3,2.0,480,1,0,149,-10.166288812476608,-48.814089828856936,0.3624161073825503,0.8649470203343556,235.55704697986576,0.0,-0.6836347406791587,-0.16132205575911795,-0.16739694561609486,0.34143713336128656,-1514.7770330590147
e0.05_x0.3_p2_w480_c1_d5,0.05,0.3,2.0,480,1,5,142,-8.759028178970642,-54.88482881822021,0.34507042253521125,0.8828623142365757,239.16901408450704,0.0,-0.5828976492465562,-0.13708216570001552,-0.14232341432121154,0.3048518879975932,-1243.782001413831
e0.05_x0.3_p2_w480_c3_d0,0.05,0.3,2.0,480,3,0,137,-6.277776717491427,-51.44841397860978,0.3722627737226277,0.913984056545625,235.5912408759124,0.0,-0.4225962041511546,-0.10309524967835038,-0.10711877088299926,0.2807536771830622,-860.0554102963256
e0.05_x0.3_p2_w480_c3_d5,0.05,0.3,2.0,480,3,5,131,-11.361003389709367,-56.38860326082629,0.3511450381679389,0.8478735904851507,233.61068702290078,0.0,-0.7564081204719044,-0.1563359102093551,-0.16224173816014087,0.30934692654031903,-1488.291444051927
