timestamp,nav,return
2021-01-04,1.0164867430495708,0.016486743049570762
2021-01-05,1.0024510007609138,-0.013808091826705282
2021-01-06,1.014627070694658,0.01214629934480782
2021-01-07,1.0310470198796915,0.016183235850184552
2021-01-08,1.0281064347484834,-0.0028520378552194803
2021-01-11,1.0281064347484834,0.0
2021-01-12,1.0281064347484834,0.0
2021-01-13,1.0212595643292877,-0.006659690269199325
2021-01-14,1.0203569440625002,-0.0008838304171773226
2021-01-15,1.0083108598171926,-0.011805755148141306
2021-01-18,1.018709694526818,0.010313123783582512
2021-01-19,1.0127785231534996,-0.005822239059061207
2021-01-20,1.0215596583599564,0.00867034105256792
2021-01-21,1.0330468043633805,0.011244713815212526
2021-01-22,1.023649792327438,-0.009096404922072754
2021-01-25,1.0335833035962427,0.009704013367910935
2021-01-26,1.0524172777470024,0.018222018569019838
2021-01-27,1.0518195197783506,-0.000567985704236551
2021-01-28,1.073030731389057,0.020166208376867
2021-01-29,1.087861259862588,0.013821159114737247
2021-02-01,1.0833772493514509,-0.004121858803670997
2021-02-02,1.0956501036222417,0.01132832933139194
2021-02-03,1.0944169408854387,-0.0011255077991834117
2021-02-04,1.1146585397307436,0.018495326679545343
2021-02-05,1.1144264386721883,-0.00020822615202986672
2021-02-08,1.106771507260344,-0.00686894275495209
2021-02-09,1.1166012674681363,0.008881472050292105
2021-02-10,1.125406800871215,0.007886014157090449
2021-02-18,1.1434802831581912,0.016059510457005377
2021-02-19,1.165419130371701,0.019186030171781
2021-02-22,1.1845149536684576,0.016385369691559903
2021-02-23,1.1931267680852973,0.007270329842750112
2021-02-24,1.2022889952102478,0.007679173219501179
2021-02-25,1.2092317009602835,0.00577457314979557
2021-02-26,1.2223701237850617,0.010865099562263003
2021-03-01,1.2297593459604996,0.006044995727282121
2021-03-02,1.2243765845315568,-0.004377085196891617
2021-03-03,1.2408353763366224,0.013442589488398937
2021-03-04,1.218227020999651,-0.018220269802203037
2021-03-05,1.1915919238107955,-0.021863820724481564
2021-03-08,1.1480156603440153,-0.03656978752207407
2021-03-09,1.1713080362244392,0.020289249254181962
2021-03-10,1.1801946729193409,0.007586933940576968
2021-03-11,1.1720488034851662,-0.006902140486725772
2021-03-12,1.1720488034851662,0.0
2021-03-15,1.1720488034851662,0.0
2021-03-16,1.1598550778966155,-0.010403769495171078
2021-03-17,1.1598550778966155,0.0
2021-03-18,1.1598550778966155,0.0
2021-03-19,1.152626392154296,-0.006232404271944492
2021-03-22,1.1576107362860957,0.004324336286004815
2021-03-23,1.1449190852214373,-0.010963660466191238
2021-03-24,1.1280788006547193,-0.014708711544851982
2021-03-25,1.1069639813756207,-0.01871750383647308
2021-03-26,1.0868605210331148,-0.018160898349667498
2021-03-29,1.0820965431951328,-0.0043832467421427435
2021-03-30,1.0766848489678666,-0.0050011195963041155
2021-03-31,1.07831830392456,0.0015171152062363191
2021-04-01,1.0709289469715773,-0.006852667645619204
2021-04-02,1.0665963667726714,-0.0040456280607202855
2021-04-06,1.0768244832194558,0.00958949117531005
2021-04-07,1.067351043545403,-0.008797570840634483
2021-04-08,1.070311242085676,0.0027734067045459554
2021-04-09,1.0711225309268377,0.000757993384784772
2021-04-12,1.0938805238947222,0.0212468623437434
2021-04-13,1.099368457088863,0.0050169402181157174
2021-04-14,1.1059918254545191,0.006024702930985226
2021-04-15,1.0939578505498158,-0.010880708724730348
2021-04-16,1.0908015358957333,-0.002885225104875988
2021-04-19,1.1049954690144828,0.013012388277482412
2021-04-20,1.1018172435431013,-0.002876233939869466
2021-04-21,1.0917404515819897,-0.009145611053161362
2021-04-22,1.0883252868044768,-0.0031281837844922
2021-04-23,1.0874411869670675,-0.0008123488888190922
2021-04-26,1.085515525814691,-0.001770818666292473
2021-04-27,1.0906846075752503,0.00476186810564494
2021-04-28,1.088159601805836,-0.002315065007681638
2021-04-29,1.0830399885187612,-0.00470483675241995
2021-04-30,1.075910757464076,-0.006582611104171243
2021-05-06,1.0594500217547314,-0.015299350429530678
2021-05-07,1.0721836676447019,0.012019109564866737
2021-05-10,1.0695795135298152,-0.0024288321054239947
2021-05-11,1.0700191054281172,0.0004109950618362834
2021-05-12,1.0700191054281172,0.0
2021-05-13,1.0700191054281172,0.0
2021-05-14,1.0700191054281172,0.0
2021-05-17,1.0700191054281172,0.0
2021-05-18,1.0700191054281172,0.0
2021-05-19,1.0700191054281172,0.0
2021-05-20,1.0661007148368813,-0.003661981894863553
2021-05-21,1.0664683426253674,0.00034483401368157196
2021-05-24,1.0654094000295806,-0.0009929433002952015
2021-05-25,1.0783550322921895,0.01215085230358337
2021-05-26,1.0813168677839688,0.002746623702848172
2021-05-27,1.084786698171123,0.003208893239837307
2021-05-28,1.0823666129767755,-0.0022309318490238983
2021-05-31,1.0928320037611106,0.00966898891638257
2021-06-01,1.078560665429912,-0.013059041355013457
2021-06-02,1.093805112717884,0.014134065682708474
2021-06-03,1.0893793030015861,-0.004046250712159027
2021-06-04,1.0790126553304527,-0.009516104852157592
2021-06-07,1.0809384672092046,0.0017847908170847138
2021-06-08,1.0850776782700258,0.0038292753809638924
2021-06-09,1.0826680230409098,-0.002220721407667048
2021-06-10,1.0708829335684897,-0.01088522910219425
2021-06-11,1.077059152563196,0.0057674081835681346
2021-06-15,1.0837538650637097,0.006215733355574349
2021-06-16,1.1062334740814412,0.020742356491074698
2021-06-17,1.1001498794600384,-0.0054993767264676086
2021-06-18,1.1001498794600384,0.0
2021-06-21,1.1083968647979525,0.00749623800528143
2021-06-22,1.1135658219207765,0.0046634533956086965
2021-06-23,1.1208189076465238,0.0065133875186977885
2021-06-24,1.1150196218962183,-0.005174150534703936
2021-06-25,1.1150196218962183,0.0
2021-06-28,1.1181698888078442,0.0028253017702670746
2021-06-29,1.1161109074988738,-0.0018413850431669987
2021-06-30,1.1161020681228782,-7.91980074399401e-06
2021-07-01,1.1199625253856924,0.0034588747508612627
2021-07-02,1.1298061291950143,0.008789226055516464
2021-07-05,1.128206214833604,-0.0014160963727026799
2021-07-06,1.122852807000001,-0.004745061464133671
2021-07-07,1.122852807000001,0.0
2021-07-08,1.1187888974739382,-0.003619271823277259
2021-07-09,1.111437631541626,-0.0065707355059657635
2021-07-12,1.121595240046865,0.009139161943931828
2021-07-13,1.1288446602000235,0.006463490477059741
2021-07-14,1.1226880877614143,-0.005453870364695135
2021-07-15,1.1231514664656788,0.00041274037670469
2021-07-16,1.124809469337747,0.0014762059451212117
2021-07-19,1.128699695203779,0.003458564292068589
2021-07-20,1.121270241294214,-0.00658231232021711
2021-07-21,1.1285218370206973,0.006467304187180778
2021-07-22,1.1080330238782825,-0.018155442340845984
2021-07-23,1.1182922356764198,0.009258940462106846
2021-07-26,1.1370998719953904,0.01681817660800844
2021-07-27,1.1375383053823573,0.000385571573583654
2021-07-28,1.1611341537511544,0.020742904442998755
2021-07-29,1.1575743091154793,-0.0030658340590314914
2021-07-30,1.1661317065233328,0.007392525335494282
2021-08-02,1.1887040907519308,0.01935663364809348
2021-08-03,1.1735037887496929,-0.012787288376052253
2021-08-04,1.2010310474158334,0.0234573240666478
2021-08-05,1.1919172074900999,-0.007588346650440947
2021-08-06,1.1919172074900999,0.0
2021-08-09,1.1749785690193082,-0.014211254241777826
2021-08-10,1.142567734749239,-0.027584191852214723
2021-08-11,1.1334904938282084,-0.007944597632999595
2021-08-12,1.1274927921869342,-0.005291355925727936
2021-08-13,1.1274927921869342,0.0
2021-08-16,1.1262267062683222,-0.0011229215187763542
2021-08-17,1.157396480838956,0.0276762879064667
2021-08-18,1.1470564443192186,-0.008933875893801235
2021-08-19,1.1470564443192186,0.0
2021-08-20,1.132981552342016,-0.012270444097941646
2021-08-23,1.1431252806848191,0.008953127543722905
2021-08-24,1.152546474634192,0.00824161105397736
2021-08-25,1.1604888383933198,0.0068911440310019945
2021-08-26,1.1461404705472469,-0.012364072252463942
2021-08-27,1.131639035733357,-0.012652406215937773
2021-08-30,1.1265311586221283,-0.004513698228798324
2021-08-31,1.1265311586221283,0.0
2021-09-01,1.1327532639354034,0.005523242979701859
2021-09-02,1.1202015856182512,-0.011080681660139535
2021-09-03,1.1172794270139341,-0.002608600667802441
2021-09-06,1.1139381132531097,-0.002990580225534556
2021-09-07,1.1262682019728054,0.01106891718040548
2021-09-08,1.1283839280922363,0.0018785277926918198
2021-09-09,1.1293088434971494,0.0008196814770986549
2021-09-10,1.1062543752218634,-0.020414670803332147
2021-09-13,1.1082484102442214,0.0018025104054011365
2021-09-14,1.1026954523491137,-0.0050105714962261905
2021-09-15,1.0951098638129826,-0.006879132873878535
2021-09-16,1.1259770511126814,0.02818638414252317
2021-09-17,1.133058828090857,0.006289450545352793
2021-09-22,1.133058828090857,0.0
2021-09-23,1.1311415450626228,-0.0016921301707384373
2021-09-24,1.1293266118820298,-0.0016045146502796648
2021-09-27,1.1625060696600498,0.02937986002359949
2021-09-28,1.1622372276975004,-0.000231260695806923
2021-09-29,1.2011626374750948,0.03349179397282698
2021-09-30,1.2048884837602634,0.0031018666156654717
2021-10-08,1.208005754218253,0.0025871858682400273
2021-10-11,1.1896852227254724,-0.015165930649590709
2021-10-12,1.2188346583984895,0.024501805281096134
2021-10-13,1.2220851180740078,0.002666858587521137
2021-10-14,1.2311252930153316,0.007397336574698654
2021-10-15,1.2148453738212717,-0.013223608747560012
2021-10-18,1.2016813627444443,-0.010835956048809936
2021-10-19,1.201798619935652,9.757760654616199e-05
2021-10-20,1.2050578010713124,0.0027119195192908396
2021-10-21,1.1960382328791257,-0.0074847598050219455
2021-10-22,1.2063021726531913,0.008581615112217555
2021-10-25,1.1915336372967842,-0.012242815847644972
2021-10-26,1.1742411185750743,-0.014512824632413435
2021-10-27,1.1716086354711261,-0.0022418590716212217
2021-10-28,1.1977932203231643,0.02234925900960838
2021-10-29,1.1794331496753254,-0.015328247260312011
2021-11-01,1.166847715478936,-0.010670748231770388
2021-11-02,1.1720274922095013,0.0044391197427500195
2021-11-03,1.1691175964965217,-0.002482787931445074
2021-11-04,1.163115847999044,-0.0051335712638856945
2021-11-05,1.163115847999044,0.0
2021-11-08,1.163115847999044,0.0
2021-11-09,1.1747379051209934,0.009992175020178129
2021-11-10,1.1545661087767893,-0.017171316475164233
2021-11-11,1.1455351925105295,-0.007821913528908042
2021-11-12,1.1489629325388009,0.0029922607796615264
2021-11-15,1.1455794683958898,-0.002944798345613231
2021-11-16,1.1336590690124022,-0.010405563046777755
2021-11-17,1.1336590690124022,0.0
2021-11-18,1.1336590690124022,0.0
2021-11-19,1.134485036789916,0.0007285856921988021
2021-11-22,1.1554029052327308,0.01843820567435861
2021-11-23,1.1546875656015452,-0.0006191256988760108
2021-11-24,1.1541932252060108,-0.00042811615042970264
2021-11-25,1.1523888827623094,-0.0015632932201445904
2021-11-26,1.1548155125274484,0.0021057386108431775
2021-11-29,1.1203130601774254,-0.029877025356639386
2021-11-30,1.099794346440748,-0.01831516070465855
2021-12-01,1.0971719981303523,-0.0023843987913581
2021-12-02,1.0971719981303523,0.0
2021-12-03,1.0971719981303523,0.0
2021-12-06,1.099515600391637,0.002136039076168883
2021-12-07,1.1169140589582909,0.01582374871303016
2021-12-08,1.1261442892934042,0.008264047050962953
2021-12-09,1.1275716293449995,0.0012674575231306218
2021-12-10,1.1311826290771232,0.0032024570662718688
2021-12-13,1.1351675236634,0.003522768546691646
2021-12-14,1.1346628366929652,-0.0004445925027929398
2021-12-15,1.128078145909205,-0.005803213581006661
2021-12-16,1.1245993733005826,-0.003083804629349207
2021-12-17,1.129354177390389,0.004227998167784408
2021-12-20,1.1495291648274548,0.017864180999165757
2021-12-21,1.1423061123990834,-0.006283487752531736
2021-12-22,1.1513467803749495,0.007914400420110601
2021-12-23,1.1402326269375722,-0.009653176286086307
2021-12-24,1.1625794020502853,0.019598435077877063
2021-12-27,1.1629480026658205,0.00031705414261185005
2021-12-28,1.1592227983020167,-0.0032032424108942026
2021-12-29,1.1592227983020167,0.0
2021-12-30,1.1592227983020167,0.0
2021-12-31,1.164394399865123,0.004461266264501829
2022-01-04,0.9861443512570248,-0.01385564874297518
2022-01-05,1.0111690666070048,0.025376320736493874
2022-01-06,1.0129492799093873,0.001760549606562023
2022-01-07,1.0032515055247717,-0.009573800561350043
2022-01-10,1.0005198928602559,-0.002722759596644697
2022-01-11,0.9968745012633042,-0.0036434973686833017
2022-01-12,1.0041670910034146,0.007315454182917458
2022-01-13,1.0110234067973483,0.006827863465513895
2022-01-14,1.0044014334511955,-0.0065497725390250006
2022-01-17,1.0155717632623653,0.011121379798102904
2022-01-18,1.010132169101044,-0.0053561888564599425
2022-01-19,1.0171102742900011,0.006908111039733766
2022-01-20,1.0397713745933619,0.022279885353807316
2022-01-21,1.0535717976556962,0.013272555293928345
2022-01-24,1.0486935207392343,-0.004630227315610136
2022-01-25,1.0868212437809541,0.03635735540240903
2022-01-26,1.0818775744125289,-0.004548741935910927
2022-01-27,1.1095817406112993,0.025607487255491224
2022-01-28,1.0961130729690298,-0.01213850872748612
2022-02-07,1.1093579041693087,0.012083453365265173
2022-02-08,1.0981006189511415,-0.010147568404983431
2022-02-09,1.0981006189511415,0.0
2022-02-10,1.0981006189511415,0.0
2022-02-11,1.0981006189511415,0.0
2022-02-14,1.0941408259024243,-0.0036060384452741845
2022-02-15,1.0979997031278832,0.0035268560811412275
2022-02-16,1.1070071533240693,0.00820350877192988
2022-02-17,1.1128985959416942,0.005321955327871386
2022-02-18,1.1174970957510046,0.004132002525728318
2022-02-21,1.130235433359503,0.0113989894532458
2022-02-22,1.1208515732783288,-0.008302571131823089
2022-02-23,1.1324674469311722,0.010363436096064493
2022-02-24,1.1407726081945517,0.007333686531904693
2022-02-25,1.1225920242351395,-0.015937079685131805
2022-02-28,1.0973057062954954,-0.022524939954809087
2022-03-01,1.0957068520883666,-0.0014570727172525944
2022-03-02,1.0979073763600693,0.002008314785572951
2022-03-03,1.1088580769515894,0.00997415704394422
2022-03-04,1.1242861801556232,0.01391350572694372
2022-03-07,1.1482201266583276,0.02128812656879897
2022-03-08,1.1615302812947343,0.011591988615583082
2022-03-09,1.1264695970330036,-0.03018490763981574
2022-03-10,1.1266607226373775,0.00016966778764127
2022-03-11,1.0861149087266402,-0.03598759865864887
2022-03-14,1.1161029349889025,0.02761036242235204
2022-03-15,1.1693500222858144,0.04770804343189128
2022-03-16,1.1517856234686625,-0.015020651201440471
2022-03-17,1.1491420088583388,-0.0022952314705598775
2022-03-18,1.1588626337633359,0.008459028414298686
2022-03-21,1.1490549040127471,-0.008463237544158897
2022-03-22,1.1540051251366943,0.004308080585757823
2022-03-23,1.1466219445162023,-0.006397875069764081
2022-03-24,1.157636860934032,0.009606406427601799
2022-03-25,1.1707795631347029,0.011353043984852818
2022-03-28,1.1804237269047912,0.008237386501918964
2022-03-29,1.1872876063992022,0.005814759003877956
2022-03-30,1.1846177938997753,-0.002248665348679846
2022-03-31,1.1689555432945906,-0.013221353491259302
2022-04-01,1.149162210414461,-0.016932494134331177
2022-04-06,1.1506494774144074,0.0012942185067241763
2022-04-07,1.174633814498229,0.020844173273094402
2022-04-08,1.1773275411525141,0.002293248007197768
2022-04-11,1.1914320882143623,0.011980138550093722
2022-04-12,1.2029479086129478,0.009665528159346959
2022-04-13,1.1871939354517898,-0.013096139116549943
2022-04-14,1.1871939354517898,0.0
2022-04-15,1.1820548805148692,-0.004328740893512761
2022-04-18,1.1564359036187957,-0.02167325503949069
2022-04-19,1.1488786544749712,-0.0065349485606386315
2022-04-20,1.1502913704161215,0.0012296476530813116
2022-04-21,1.1970707260682305,0.04066739684849274
2022-04-22,1.2134234527766876,0.01366061866884638
2022-04-25,1.2982917317676155,0.06994118895322399
2022-04-26,1.2925454980032984,-0.004425995809503869
2022-04-27,1.2932541383085634,0.0005482517299078005
2022-04-28,1.2728317014431172,-0.015791510933927166
2022-04-29,1.2850192247032466,0.009575125483055835
2022-05-05,1.3080858501196058,0.01795041270428155
2022-05-06,1.2540062904228466,-0.04134251562450153
2022-05-09,1.2372914899987968,-0.013329120078347967
2022-05-10,1.2213811176497513,-0.012859033200867565
2022-05-11,1.2361009931846823,0.012051828313226043
2022-05-12,1.2300281831717292,-0.004912875279961648
2022-05-13,1.2225609812874865,-0.006070756740701677
2022-05-16,1.1995098989974449,-0.01885475051376695
2022-05-17,1.1859686110244305,-0.01128901727641618
2022-05-18,1.1859686110244305,0.0
2022-05-19,1.1594794405680822,-0.022335473477217205
2022-05-20,1.1565976773810822,-0.002485393950226511
2022-05-23,1.171658033638869,0.01302125756632
2022-05-24,1.1912884058080009,0.016754352896096503
2022-05-25,1.172018122333011,-0.016176001865744305
2022-05-26,1.1773059404631316,0.004511720449846601
2022-05-27,1.1668289515947772,-0.008899121722118375
2022-05-30,1.1668289515947772,0.0
2022-05-31,1.1668289515947772,0.0
2022-06-01,1.1586846042955266,-0.006979898200262569
2022-06-02,1.1459012820419943,-0.011032615956181213
2022-06-06,1.155693020109277,0.008545010133712339
2022-06-07,1.1470353808830405,-0.0074912966294612415
2022-06-08,1.1206950639693987,-0.0229638225225135
2022-06-09,1.1406964148943604,0.01784727315039536
2022-06-10,1.129031989073616,-0.01022570569034753
2022-06-13,1.129031989073616,0.0
2022-06-14,1.129031989073616,0.0
2022-06-15,1.1201856612923726,-0.007835320758716402
2022-06-16,1.126977112890654,0.0060627910470181234
2022-06-17,1.119806845026236,-0.006362389956639514
2022-06-20,1.1241595290271642,0.0038869953512619126
2022-06-21,1.1099434069861709,-0.012646000566570614
2022-06-22,1.1099434069861709,0.0
2022-06-23,1.1099434069861709,0.0
2022-06-24,1.1158321892384446,0.005305479734560192
2022-06-27,1.1270620175779105,0.010064083513427136
2022-06-28,1.1392448359370098,0.010809359351209968
2022-06-29,1.143150751008727,0.003428512422007035
2022-06-30,1.1281543391038154,-0.013118490183100295
2022-07-01,1.1282483097056395,8.329587412547745e-05
2022-07-04,1.1217097788483497,-0.0057952941750878395
2022-07-05,1.1117858001720042,-0.008847189231544594
2022-07-06,1.1249668827169677,0.011855775224799858
2022-07-07,1.1105717319371078,-0.012796066267385053
2022-07-08,1.117267599659107,0.006029207775998469
2022-07-11,1.1342291781249203,0.015181303450479078
2022-07-12,1.1320307565510763,-0.0019382516481178946
2022-07-13,1.1320307565510763,0.0
2022-07-14,1.1320307565510763,0.0
2022-07-15,1.1320307565510763,0.0
2022-07-18,1.1320307565510763,0.0
2022-07-19,1.1320307565510763,0.0
2022-07-20,1.1382572920299037,0.00550032359350161
2022-07-21,1.1330725579338539,-0.0045549755159517424
2022-07-22,1.1290182041128758,-0.0035781943465043042
2022-07-25,1.1290182041128758,0.0
2022-07-26,1.1290182041128758,0.0
2022-07-27,1.1290182041128758,0.0
2022-07-28,1.1301119849913184,0.0009687894087606619
2022-07-29,1.1251720088679467,-0.004371227089861929
2022-08-01,1.1166853081443304,-0.007542580740303784
2022-08-02,1.1330442377713426,0.014649543168251178
2022-08-03,1.139959027518244,0.0061028418100450565
2022-08-04,1.1335925540515475,-0.00558482657096615
2022-08-05,1.136375289142443,0.0024547930214871005
2022-08-08,1.150258999612104,0.012217539929206156
2022-08-09,1.1553603814498012,0.004434985372353095
2022-08-10,1.1557948486019118,0.0003760447035283665
2022-08-11,1.1690998039353664,0.011511519842425821
2022-08-12,1.1590685826410627,-0.008580295078775224
2022-08-15,1.1672817753357594,0.007086028227925922
2022-08-16,1.1739911665962133,0.005747876307349964
2022-08-17,1.1746083985281783,0.0005257551756157053
2022-08-18,1.1785747148909893,0.003376713777784035
2022-08-19,1.1821835453486464,0.003062029425933366
2022-08-22,1.1738039336429513,-0.007088249315146622
2022-08-23,1.1713505811450968,-0.002090087132559204
2022-08-24,1.2135360415695908,0.0360143761428402
2022-08-25,1.2176399479730697,0.0033817754585772075
2022-08-26,1.1918545406342378,-0.021176545153397175
2022-08-29,1.1473834468222706,-0.03731251784156664
2022-08-30,1.154806027084383,0.006469136610493642
2022-08-31,1.1740746593819031,0.016685600737787132
2022-09-01,1.1740746593819031,0.0
2022-09-02,1.1719773616982714,-0.0017863409851089918
2022-09-05,1.1741269665485512,0.0018341692600314374
2022-09-06,1.1963476203870427,0.018925256357760878
2022-09-07,1.2040346626714302,0.006425425314007471
2022-09-08,1.1928491082292665,-0.009290060152708501
2022-09-09,1.186012588664864,-0.005731252609603721
2022-09-13,1.186012588664864,0.0
2022-09-14,1.1843967826147002,-0.001362385244142117
2022-09-15,1.2207406645704153,0.030685562886688666
2022-09-16,1.244859233064634,0.019757323725024145
2022-09-19,1.2591551307600104,0.011483947193115407
2022-09-20,1.2486454759259988,-0.008346592550250831
2022-09-21,1.230491015196939,-0.014539323674397142
2022-09-22,1.2102530181512996,-0.01644709046689008
2022-09-23,1.178003724077083,-0.02664673716201782
2022-09-26,1.1687955734367241,-0.00781674153668166
2022-09-27,1.1458901369594465,-0.019597470248733484
2022-09-28,1.1820048207696807,0.0315167070955531
2022-09-29,1.1790859373275373,-0.0024694344649480726
2022-09-30,1.1983557670747151,0.016343023979112026
2022-10-10,1.2244140433005675,0.021745025093393267
2022-10-11,1.2188728457434197,-0.004525591312405042
2022-10-12,1.256921653354369,0.03121638794713033
2022-10-13,1.2693156686560476,0.009860610857170382
2022-10-14,1.3004661634617742,0.024541172519132903
2022-10-17,1.3139929978524516,0.010401527368208985
2022-10-18,1.3211918804502818,0.0054786308675889295
2022-10-19,1.3116517498876747,-0.007220851644467952
2022-10-20,1.2854347000273731,-0.019987812971352104
2022-10-21,1.2861024645446704,0.0005194853673102795
2022-10-24,1.2675633494399492,-0.014414959628651913
2022-10-25,1.245539893279478,-0.017374639437312545
2022-10-26,1.2718961292120665,0.021160491185226782
2022-10-27,1.266459469598964,-0.004274452518752914
2022-10-28,1.287947568004279,0.016967063629852674
2022-10-31,1.2781756815241399,-0.007587177244552712
2022-11-01,1.2562143317023853,-0.0171817928780863
2022-11-02,1.2562143317023853,0.0
2022-11-03,1.2562143317023853,0.0
2022-11-04,1.2562143317023853,0.0
2022-11-07,1.2465189709706552,-0.007717919217329117
2022-11-08,1.2503927764504048,0.003107698775521195
2022-11-09,1.2333803778639227,-0.01360564368803907
2022-11-10,1.2270761949346032,-0.005111304705720743
2022-11-11,1.1744924922532847,-0.042852842307906536
2022-11-14,1.166297721551902,-0.006977286577337649
2022-11-15,1.1928808013211922,0.022792704879778247
2022-11-16,1.1843502517901219,-0.0071512170550671605
2022-11-17,1.1765209971984867,-0.006610590557819762
2022-11-18,1.1613252604132542,-0.012915822855194548
2022-11-21,1.1441449383747087,-0.014793721125494153
2022-11-22,1.1627822156969685,0.016289262572567687
2022-11-23,1.1707200817934842,0.0068266146397482075
2022-11-24,1.1744036491618526,0.0031464117047734774
2022-11-25,1.169915538811117,-0.0038216079743438325
2022-11-28,1.17366932997899,0.0032086001453468516
2022-11-29,1.166121372464338,-0.006431076728218743
2022-11-30,1.166121372464338,0.0
2022-12-01,1.1658059035914765,-0.00027052833462337667
2022-12-02,1.1700097600294597,0.003605965988877191
2022-12-05,1.1754742481356428,0.004670463694290472
2022-12-06,1.1736901041496766,-0.0015178078029323139
2022-12-07,1.174556788421564,0.0007384268375640879
2022-12-08,1.1664597878237413,-0.006893664638134567
2022-12-09,1.1638703647416777,-0.002219899141911008
2022-12-12,1.1638703647416777,0.0
2022-12-13,1.1692948896533346,0.004660763841049409
2022-12-14,1.1647048799066912,-0.003925450959598509
2022-12-15,1.1647048799066912,0.0
2022-12-16,1.1695849035991275,0.004189922938098389
2022-12-19,1.1922471349782517,0.019376302916860988
2022-12-20,1.200977331465745,0.007322472188329154
2022-12-21,1.2105362652853162,0.007959295791124532
2022-12-22,1.228521288116446,0.01485707066106845
2022-12-23,1.23371067767654,0.00422409412868241
2022-12-26,1.243409211890179,0.007861271195207742
2022-12-27,1.2536533883713623,0.008238781234064296
2022-12-28,1.248449909485227,-0.004150651954042184
2022-12-29,1.2429992343347158,-0.004365954219788248
2022-12-30,1.2429992343347158,0.0
2023-01-03,1.0181118487829008,0.01811184878290084
2023-01-04,1.0126031997684368,-0.0054106521017797116
2023-01-05,1.0113618350714,-0.001225914254784799
2023-01-06,1.0140208216696365,0.002629115026916873
2023-01-09,1.0141857966497583,0.0001626938782679499
2023-01-10,1.0040801300244637,-0.009964314880643532
2023-01-11,1.00046446215987,-0.003600975416678809
2023-01-12,0.991788524820497,-0.008671909565525993
2023-01-13,0.9876615393111433,-0.00416115472812173
2023-01-16,0.9965916532738316,0.009041674305670266
2023-01-17,0.996670261348052,7.887691409225184e-05
2023-01-18,0.9997087657554218,0.0030486556338702453
2023-01-19,0.997015028198437,-0.0026945222941495706
2023-01-20,0.9996920410448062,0.0026850275779759514
2023-01-30,1.0072941038757641,0.007604404675476628
2023-01-31,1.009861766643737,0.002549069589599773
2023-02-01,1.0116897712580695,0.0018101533048506813
2023-02-02,1.010327410786601,-0.0013466188056585615
2023-02-03,1.0040690558004188,-0.006194383047877117
2023-02-06,1.0040690558004188,0.0
2023-02-07,1.0040690558004188,0.0
2023-02-08,1.0040690558004188,0.0
2023-02-09,1.0142006177692307,0.010090503148446395
2023-02-10,1.009926382788812,-0.004214388066356989
2023-02-13,1.0097467638745503,-0.00017785347261234374
2023-02-14,1.007423097948864,-0.0023012363186686313
2023-02-15,1.007423097948864,0.0
2023-02-16,1.0254879784583049,0.017931771215312864
2023-02-17,1.033917382036077,0.008219895069315752
2023-02-20,1.0209927723844008,-0.012500621303245696
2023-02-21,1.0054760409348413,-0.015197689806679127
2023-02-22,1.0041138414435384,-0.0013547806569675913
2023-02-23,1.0087421247897876,0.004609321329138716
2023-02-24,1.0117235699450593,0.0029556068711742434
2023-02-27,1.0191241761366148,0.0073148500355264545
2023-02-28,1.0165710275853912,-0.002505237939602445
2023-03-01,1.0233122108938844,0.006631295920861646
2023-03-02,1.0190353890463886,-0.0041793910030252235
2023-03-03,1.0087663062740573,-0.010077258241189324
2023-03-06,1.0034081127432337,-0.005311630154078428
2023-03-07,1.0034081127432337,0.0
2023-03-08,1.0034081127432337,0.0
2023-03-09,1.0034081127432337,0.0
2023-03-10,1.0112936640386647,0.007858767728987637
2023-03-13,1.006619039645861,-0.004622420330545052
2023-03-14,1.0156199601266822,0.008941734783784572
2023-03-15,1.0032635030633654,-0.012166418097745435
2023-03-16,1.0076263276690858,0.00434863282916087
2023-03-17,1.0003618733141493,-0.007209472554911445
2023-03-20,1.0003618733141493,0.0
2023-03-21,1.0003618733141493,0.0
2023-03-22,1.0004601653586236,9.825648807337828e-05
2023-03-23,0.995815343750776,-0.004642685204945263
2023-03-24,0.995815343750776,0.0
2023-03-27,0.995815343750776,0.0
2023-03-28,0.9968399841483968,0.0010289461836985314
2023-03-29,0.9995876248963584,0.002756350860372958
2023-03-30,0.9995686856971411,-1.894701249360864e-05
2023-03-31,0.989708647212409,-0.009864293095431687
2023-04-03,0.9940912401841955,0.004428164777715571
2023-04-04,0.9843259385321058,-0.009823345440887588
2023-04-06,0.9796434972453172,-0.00475700284173286
2023-04-07,0.971410335470406,-0.008404242765926773
2023-04-10,0.9819768686271823,0.010877517739873888
2023-04-11,0.9799032364450111,-0.0021116914750447524
2023-04-12,0.9805293907663805,0.0006389960743888867
2023-04-13,0.9740097340622232,-0.006649119103978585
2023-04-14,0.9645204084669374,-0.009742536715428352
2023-04-17,0.9645204084669374,0.0
2023-04-18,0.959744888592026,-0.004951185929286783
2023-04-19,0.9641946321368452,0.00463638160276858
2023-04-20,0.9645366006046641,0.00035466746694190476
2023-04-21,0.9906895737103378,0.027114547119599708
2023-04-24,0.9974486427787286,0.0068225902924128334
2023-04-25,1.0142673996494391,0.01686177728795757
2023-04-26,1.0117365560900335,-0.0024952429312825597
2023-04-27,1.0056429969794702,-0.006022871343220548
2023-04-28,1.0121955395058428,0.006515774033184485
2023-05-04,1.0139057768468134,0.0016896313747889469
2023-05-05,1.014274198668565,0.00036336889498489455
2023-05-08,1.0082650720323134,-0.0059245583138561875
2023-05-09,1.0163397083602035,0.00800844594528538
2023-05-10,1.011826636476286,-0.004440515161214131
2023-05-11,1.0111716415885317,-0.0006473390442016669
2023-05-12,1.0111547465597208,-1.670836890199645e-05
2023-05-15,1.0140022088059102,0.0028160499229987757
2023-05-16,1.0140022088059102,0.0
2023-05-17,1.0140022088059102,0.0
2023-05-18,1.0091444738172586,-0.00479065523375144
2023-05-19,1.0034573320677267,-0.005635607088070649
2023-05-22,1.0034573320677267,0.0
2023-05-23,1.0090075739126751,0.005531118930101053
2023-05-24,1.004592963159017,-0.004375200808988455
2023-05-25,1.0016092128312297,-0.002970108727821996
2023-05-26,1.0018686342738716,0.0002590046490373865
2023-05-29,0.9999798409467301,-0.0018852704461702618
2023-05-30,0.9890881422164695,-0.010891918301021875
2023-05-31,0.9887475751476732,-0.0003443242864413776
2023-06-01,0.9756401080142842,-0.013256636438710112
2023-06-02,0.9756401080142842,0.0
2023-06-05,0.9756401080142842,0.0
2023-06-06,0.9912790474148073,0.016029414199005165
2023-06-07,0.9918953242343521,0.0006216986237648214
2023-06-08,0.9949643851602967,0.0030941379104831856
2023-06-09,0.9949643851602967,0.0
2023-06-12,0.9949643851602967,0.0
2023-06-13,0.9949643851602967,0.0
2023-06-14,0.9949643851602967,0.0
2023-06-15,0.9949643851602967,0.0
2023-06-16,0.9949643851602967,0.0
2023-06-19,0.9949643851602967,0.0
2023-06-20,0.9949643851602967,0.0
2023-06-21,1.0121499402240834,0.017272532886710268
2023-06-26,1.0196514459201826,0.007411456937337135
2023-06-27,1.0196514459201826,0.0
2023-06-28,1.019752913594571,9.951211739500643e-05
2023-06-29,1.0125628536763158,-0.007050786344812376
2023-06-30,0.9986688668866094,-0.01372160428289615
2023-07-03,0.9892399528942882,-0.009441481861466428
2023-07-04,0.9892399528942882,0.0
2023-07-05,0.9892399528942882,0.0
2023-07-06,0.9892399528942882,0.0
2023-07-07,0.9895212081535628,0.0002843144966513389
2023-07-10,0.988701038991225,-0.0008288545567085581
2023-07-11,0.9809268662288085,-0.007863016681309953
2023-07-12,0.9953336454334196,0.01468690449880139
2023-07-13,0.9934107912942003,-0.001931868924597624
2023-07-14,0.9930936413345569,-0.0003192535881658687
2023-07-17,0.986216469959804,-0.006924997893966056
2023-07-18,0.9783114480298057,-0.008015503868355145
2023-07-19,0.9755057228169822,-0.002867926383232966
2023-07-20,0.9632458908479332,-0.012567667910390212
2023-07-21,0.9620075847015128,-0.0012855555971594823
2023-07-24,0.9608699660694252,-0.0011825464270539543
2023-07-25,0.9764344524267973,0.016198327460520856
2023-07-26,0.9705672349761227,-0.006008818550075068
2023-07-27,0.9705672349761227,0.0
2023-07-28,0.9637822506321131,-0.006990741186700511
2023-07-31,0.9715607843929638,0.008070841474564494
2023-08-01,0.9703172925094006,-0.0012798909790704416
2023-08-02,0.968361103838855,-0.0020160298962482726
2023-08-03,0.969213954387294,0.0008807154119037097
2023-08-04,0.9745532162998122,0.005508857861929561
2023-08-07,0.9695578417162293,-0.005125809960947358
2023-08-08,0.9743194834865879,0.0049111477061853925
2023-08-09,0.9819854735372716,0.00786804552368281
2023-08-10,0.9810948067313051,-0.0009070060911982036
2023-08-11,0.9988679287975201,0.018115601004381254
2023-08-14,0.9971238304199505,-0.0017460750588611518
2023-08-15,1.006137528926677,0.009039698211736003
2023-08-16,1.006137528926677,0.0
2023-08-17,0.9943965184817288,-0.01166938923098626
2023-08-18,0.9943965184817288,0.0
2023-08-21,0.9943965184817288,0.0
2023-08-22,0.9943965184817288,0.0
2023-08-23,0.9943965184817288,0.0
2023-08-24,0.9943965184817288,0.0
2023-08-25,1.0030147763758488,0.008666822272546337
2023-08-28,0.9160998815074319,-0.08665365348102128
2023-08-29,0.9443913650698011,0.030882531625062493
2023-08-30,0.9494420905779027,0.005348127582391005
2023-08-31,0.943987863582928,-0.005744665260895343
2023-09-01,0.9443125199516764,0.00034392006642569584
2023-09-04,0.9580470303324464,0.014544454394687989
2023-09-05,0.9535080251008006,-0.004737768698130362
2023-09-06,0.9366802560865247,-0.01764827203472874
2023-09-07,0.9537847070391524,0.01826071473321167
2023-09-08,0.9508443969440096,-0.003082781757185571
2023-09-11,0.9508513527459458,7.315394567886102e-06
2023-09-12,0.9510297246384211,0.00018759177442428943
2023-09-13,0.954342977098818,0.003483857943195945
2023-09-14,0.9596966050596982,0.005609752562076853
2023-09-15,0.950787121248181,-0.009283646273775314
2023-09-18,0.9520265496475387,0.0013035813923631956
2023-09-19,0.9460407849655604,-0.006287392598656405
2023-09-20,0.9460407849655604,0.0
2023-09-21,0.9460407849655604,0.0
2023-09-22,0.9541171730245739,0.00853704003819189
2023-09-25,0.9504020850943228,-0.003893743908281344
2023-09-26,0.9457349347168109,-0.004910711424889858
2023-09-27,0.94488354375622,-0.0009002426888733428
2023-09-28,0.9521138447763828,0.007652055184938611
2023-10-09,0.9441332650903583,-0.008381959499705438
2023-10-10,0.946610017366813,0.0026233079248803026
2023-10-11,0.9356669666310637,-0.011560252411219607
2023-10-12,0.932686726055882,-0.0031851510008014117
2023-10-13,0.9272326716637377,-0.005847680941282629
2023-10-16,0.9306264177222758,0.003660080325306847
2023-10-17,0.9325332568895817,0.0020489845667317486
2023-10-18,0.9483198618607113,0.016928731339604042
2023-10-19,0.9583721538697086,0.010600107003214676
2023-10-20,0.9688628349477172,0.010946354227477695
2023-10-23,0.989635732371617,0.02144049361230871
2023-10-24,0.9853624294292611,-0.004318056434881368
2023-10-25,0.9959618543377255,0.010756879491136795
2023-10-26,0.9741786280454934,-0.02187154678400527
2023-10-27,0.9562766547134494,-0.01837647923765373
2023-10-30,0.9420005861076596,-0.014928805942740153
2023-10-31,0.9420005861076596,0.0
2023-11-01,0.9420005861076596,0.0
2023-11-02,0.9420005861076596,0.0
2023-11-03,0.944422177137032,0.0025706895145134467
2023-11-06,0.963649835589811,0.020359177196650258
2023-11-07,0.9671845757279688,0.003668075277566185
2023-11-08,0.967944189802827,0.0007853868784937212
2023-11-09,0.9706220170909811,0.0027665100078750893
2023-11-10,0.9725684188526582,0.0020053138373170576
2023-11-13,0.964191459849112,-0.008613233620549332
2023-11-14,0.9625508164511123,-0.0017015742892563246
2023-11-15,0.9663008567476997,0.0038959400714173587
2023-11-16,0.9649548353471307,-0.0013929630623524814
2023-11-17,0.9571380622202469,-0.00810066216629901
2023-11-20,0.9516940041278563,-0.005687850381544846
2023-11-21,0.9492398195970833,-0.00257875380125161
2023-11-22,0.9610197630841787,0.012409870765952125
2023-11-23,0.9589358641182959,-0.002168424673385516
2023-11-24,0.9589358641182959,0.0
2023-11-27,0.9589358641182959,0.0
2023-11-28,0.947436293514811,-0.01199201222290125
2023-11-29,0.9518577292060821,0.004666736667716664
2023-11-30,0.9574271590929084,0.005851115892573144
2023-12-01,0.9527311510181177,-0.004904820205058558
2023-12-04,0.9504434424548337,-0.0024012110455706726
2023-12-05,0.957022722270162,0.006922326486187513
2023-12-06,0.9422051885670043,-0.015482948689043652
2023-12-07,0.9418532564455996,-0.00037351961725018423
2023-12-08,0.9390331070460759,-0.002994255612776109
2023-12-11,0.9137804462675246,-0.0268921943103676
2023-12-12,0.9132238341337154,-0.0006091311497009588
2023-12-13,0.9220311266891833,0.009644177283023359
2023-12-14,0.9033154536343754,-0.020298309366205358
2023-12-15,0.8980466138150934,-0.005832779454932879
2023-12-18,0.8980466138150934,0.0
2023-12-19,0.8980466138150934,0.0
2023-12-20,0.8980466138150934,0.0
2023-12-21,0.8941068885755576,-0.004386994148108836
2023-12-22,0.8868015538555036,-0.008170538459548737
2023-12-25,0.8868015538555036,0.0
2023-12-26,0.8868015538555036,0.0
2023-12-27,0.8868015538555036,0.0
2023-12-28,0.8965616561313058,0.011005959826489553
2023-12-29,0.9090788288309581,0.013961307194046535
2024-01-02,0.9936649647105701,-0.006335035289429913
2024-01-03,0.9928263445219903,-0.0008439667477097013
2024-01-04,0.9996566802795999,0.006879688271062223
2024-01-05,1.0177318949352543,0.018081422364525146
2024-01-08,1.0401385833711747,0.022016297757226022
2024-01-09,1.0389501829328316,-0.0011425404819532803
2024-01-10,1.0350552905162238,-0.003748873122687124
2024-01-11,1.0372850068015933,0.002154200172492571
2024-01-12,1.0308734537871742,-0.006181090994642591
2024-01-15,1.0176516807722464,-0.012825796383013066
2024-01-16,1.0202078647656125,0.0025118456950086188
2024-01-17,0.9977403532834174,-0.02202248410166585
2024-01-18,1.016792511296217,0.01909530665979564
2024-01-19,1.004597252035096,-0.011993852359882484
2024-01-22,1.0442545199758404,0.039475787794966966
2024-01-23,1.0345875319122186,-0.009257310242569372
2024-01-24,1.0345875319122186,0.0
2024-01-25,1.0345875319122186,0.0
2024-01-26,1.0345875319122186,0.0
2024-01-29,1.0501500633546483,0.015042256901806716
2024-01-30,1.0790593208583519,0.027528691862717558
2024-01-31,1.1185443615183148,0.036592094518542284
2024-02-01,1.090677153895202,-0.024913815295877773
2024-02-02,1.052213524984439,-0.035265824330688034
2024-02-05,1.0494165105136541,-0.0026582194624672484
2024-02-06,0.9687802331729461,-0.07683915445664113
2024-02-07,0.9868717479038805,0.01867452917745971
2024-02-08,1.027328440967646,0.040994884238702234
2024-02-19,1.034923971646081,0.007393478439359447
2024-02-20,1.0382958770583113,0.003258118958117562
2024-02-21,1.0439410927088055,0.005437000931264535
2024-02-22,1.059274107374671,0.014687624400414823
2024-02-23,1.075067955971189,0.014910067645910852
2024-02-26,1.0794027672981763,0.004032127739377334
2024-02-27,1.0794027672981763,0.0
2024-02-28,1.105305627641573,0.02399740034781761
2024-02-29,1.067307310689293,-0.034378108644355865
2024-03-01,1.0578590205984573,-0.008852455142215554
2024-03-04,1.0578590205984573,0.0
2024-03-05,1.0578590205984573,0.0
2024-03-06,1.0521924546632153,-0.0053566362104056076
2024-03-07,1.0498862998507081,-0.0021917614047568534
2024-03-08,1.0372443214472378,-0.012041283332555164
2024-03-11,1.0184813975586249,-0.018089203768725914
2024-03-12,1.0027566924658262,-0.015439364067416417
2024-03-13,1.0027566924658262,0.0
2024-03-14,0.9928934203844376,-0.009836156821984798
2024-03-15,0.9805921741452612,-0.012389291727216256
2024-03-18,0.9754580365646884,-0.005235752146449668
2024-03-19,0.9754580365646884,0.0
2024-03-20,0.9754580365646884,0.0
2024-03-21,0.9754580365646884,0.0
2024-03-22,0.9737590443271896,-0.00174173790548926
2024-03-25,0.9966304419490049,0.023487738321976703
2024-03-26,1.0001355634550102,0.003516972147821207
2024-03-27,1.0314722918618624,0.03133248086749174
2024-03-28,1.011671583065617,-0.019196549391068962
2024-03-29,1.0013202212462389,-0.010231938894647019
2024-04-01,1.0087739979583452,0.007443949052411414
2024-04-02,0.9924756631150431,-0.016156577069084133
2024-04-03,0.9976555303798917,0.005219137816025343
2024-04-08,1.0158559979779744,0.018243238316087096
2024-04-09,1.003903017758668,-0.011766412014201144
2024-04-10,1.0222562623406861,0.018281890040527937
2024-04-11,1.0197390796529928,-0.0024623793274003436
2024-04-12,1.0270650997874062,0.00718421043244355
2024-04-15,1.0366900497753202,0.009371314427786714
2024-04-16,1.0767212571135638,0.03861444155552518
2024-04-17,1.0562590233908324,-0.019004207066168455
2024-04-18,1.0562590233908324,0.0
2024-04-19,1.0562590233908324,0.0
2024-04-22,1.037750888610217,-0.017522344776000343
2024-04-23,1.037750888610217,0.0
2024-04-24,1.037750888610217,0.0
2024-04-25,1.037750888610217,0.0
2024-04-26,1.037750888610217,0.0
2024-04-29,1.0536831126024144,0.015352647891763604
2024-04-30,1.0450619479793029,-0.008181932992945895
2024-05-06,1.0658630027325742,0.019904135628985076
2024-05-07,1.0694122230967085,0.0033299029566042915
2024-05-08,1.0693131554225155,-9.263749941634813e-05
2024-05-09,1.0701696173991389,0.0008009458896864885
2024-05-10,1.0649549867089863,-0.004872714199105954
2024-05-13,1.075222703473282,0.009641456110765612
2024-05-14,1.0640469080352999,-0.010393935509249386
2024-05-15,1.0606279338402969,-0.003213179953989065
2024-05-16,1.0524631950793732,-0.007698023501380824
2024-05-17,1.054858748328246,0.0022761396883737017
2024-05-20,1.0618308516474853,0.006609513672127809
2024-05-21,1.050196770646339,-0.010956623630868578
2024-05-22,1.050756283834363,0.0005327698614798759
2024-05-23,1.0587159272952118,0.007575156659356708
2024-05-24,1.0703662104545064,0.01100416349554556
2024-05-27,1.0603672530286121,-0.009341622827993112
2024-05-28,1.0709406670529225,0.009971464126330432
2024-05-29,1.0703434596981338,-0.0005576474712012391
2024-05-30,1.0736157768231038,0.0030572589530213357
2024-05-31,1.0692002341903946,-0.004112777334341233
2024-06-03,1.0831236970906162,0.013022315610288437
2024-06-04,1.0776237017374648,-0.00507790141414588
2024-06-05,1.0902977689335405,0.011761125127111693
2024-06-06,1.1120304289587633,0.01993277492118528
2024-06-07,1.1017457686718757,-0.009248542143327376
2024-06-11,1.0798771535894232,-0.019849057472500653
2024-06-12,1.0759518986995569,-0.0036349087271816405
2024-06-13,1.0840292393892712,0.007507157800898945
2024-06-14,1.0840918879263135,5.779229449354162e-05
2024-06-17,1.0832018466414346,-0.0008210017017851179
2024-06-18,1.075702710903029,-0.006923119418285051
2024-06-19,1.0769835278631512,0.0011906793086418066
2024-06-20,1.0987502278896257,0.020210801245643895
2024-06-21,1.0987273418544228,-2.082915172352262e-05
2024-06-24,1.1339718360666649,0.03207756180232724
2024-06-25,1.1425374548784595,0.007553643344005545
2024-06-26,1.147883983863732,0.004679521850634805
2024-06-27,1.1200317968665732,-0.024263939029281922
2024-06-28,1.1274057888447433,0.006583734496466764
2024-07-01,1.1184552701819963,-0.007939039120881786
2024-07-02,1.1106766331123545,-0.006954803895175887
2024-07-03,1.101976603351402,-0.007833089759503808
2024-07-04,1.0782671545649178,-0.02151538309831391
2024-07-05,1.0475731147271834,-0.028466080699749763
2024-07-08,1.074301409136278,0.02551449061964073
2024-07-09,1.081044461599306,0.006276685858998654
2024-07-10,1.0771695321212917,-0.0035844311826745967
2024-07-11,1.10300014113151,0.023980077638614095
2024-07-12,1.099970527857251,-0.0027467025263941958
2024-07-15,1.0956915737515018,-0.003890062503842273
2024-07-16,1.0956915737515018,0.0
2024-07-17,1.0956915737515018,0.0
2024-07-18,1.0801465850540806,-0.014187376329086177
2024-07-19,1.0775541796935801,-0.002400049582502395
2024-07-22,1.076642336312104,-0.0008462158085966731
2024-07-23,1.1069316958269104,0.028133167806273063
2024-07-24,1.1218166733554125,0.013447060540969114
2024-07-25,1.1214911798951892,-0.00029014853135467256
2024-07-26,1.114888541787514,-0.005887374083755392
2024-07-29,1.1112201000128075,-0.003290411226959944
2024-07-30,1.1048178404517761,-0.005761468462420316
2024-07-31,1.1482429788046102,0.039305247220733586
2024-08-01,1.1462108026157332,-0.0017698137296625616
2024-08-02,1.1376806652998794,-0.007442031863935772
2024-08-05,1.1376806652998794,0.0
2024-08-06,1.1376806652998794,0.0
2024-08-07,1.1376806652998794,0.0
2024-08-08,1.1248337273001283,-0.011292217923352665
2024-08-09,1.116478528788198,-0.007427940956202361
2024-08-12,1.10912440978255,-0.006586887983981327
2024-08-13,1.1037726177980298,-0.0048252404665490856
2024-08-14,1.1037726177980298,0.0
2024-08-15,1.0924358431011068,-0.010270933083608602
2024-08-16,1.0841774172302034,-0.007559643820785
2024-08-19,1.0858630953611685,0.0015547991538797934
2024-08-20,1.0881887198910276,0.0021417290446597015
2024-08-21,1.0954988518503457,0.006717706061178497
2024-08-22,1.1088224960063036,0.012162170807804795
2024-08-23,1.107490832466255,-0.001200970890151476
2024-08-26,1.1037364757840484,-0.0033899663745712294
2024-08-27,1.1163125193561192,0.011394063572228275
2024-08-28,1.1136842360533923,-0.0023544332408301782
2024-08-29,1.1011803341248982,-0.011227510926081319
2024-08-30,1.1207671272859627,0.017787089502129483
2024-09-02,1.1207671272859627,0.0
2024-09-03,1.1207671272859627,0.0
2024-09-04,1.1154224982937986,-0.004768723905301031
2024-09-05,1.1067851669026427,-0.007743551348809885
2024-09-06,1.1168517826611246,0.00909536562244817
2024-09-09,1.124892950150234,0.0071998519534524075
2024-09-10,1.1360521783501132,0.009920257921777198
2024-09-11,1.1363661497059014,0.00027637054157514385
2024-09-12,1.1316337911255177,-0.004164466340015993
2024-09-13,1.1261368383586008,-0.004857536784448224
2024-09-18,1.1228082836755264,-0.002955728442314287
2024-09-19,1.1436539624338038,0.018565661708549897
2024-09-20,1.1393638564111954,-0.0037512273498171433
2024-09-23,1.1406501225833516,0.0011289336281103957
2024-09-24,1.1846001022474433,0.038530640372486324
2024-09-25,1.1962581654903188,0.009841349178307146
2024-09-26,1.2436764700114742,0.03963885546538326
2024-09-27,1.310319859998607,0.0535857930853334
2024-09-30,1.4563442480388082,0.1114417879924039
2024-10-08,1.5824646879110607,0.08660070587163227
2024-10-09,1.536220805055717,-0.029222694957186213
2024-10-10,1.5549228808798685,0.012174080550532151
2024-10-11,1.6161312979101332,0.03936427830789224
2024-10-14,1.581923674652644,-0.021166363959242762
2024-10-15,1.581923674652644,0.0
2024-10-16,1.581923674652644,0.0
2024-10-17,1.581923674652644,0.0
2024-10-18,1.5809941917274513,-0.0005875649628903634
2024-10-21,1.6120674544984768,0.019654254856606324
2024-10-22,1.5992121083138235,-0.007974446819071002
2024-10-23,1.5992121083138235,0.0
2024-10-24,1.5992121083138235,0.0
2024-10-25,1.5992121083138235,0.0
2024-10-28,1.5992121083138235,0.0
2024-10-29,1.6069210331189911,0.0048204517493903865
2024-10-30,1.5978847541724364,-0.00562334972305123
2024-10-31,1.584062489786283,-0.008650351253468247
2024-11-01,1.5858289579311324,0.00111515054250666
2024-11-04,1.5549090019374805,-0.019497661358126583
2024-11-05,1.5851081734914596,0.019421825660761893
2024-11-06,1.582625241349109,-0.0015664117969195201
2024-11-07,1.582625241349109,0.0
2024-11-08,1.5676114007043784,-0.009486668260094255
2024-11-11,1.6060535154299977,0.024522732297268313
2024-11-12,1.5657967586612895,-0.02506563846219656
2024-11-13,1.569739075439546,0.0025177704299419457
2024-11-14,1.619086512134125,0.03143671293317407
2024-11-15,1.654921976000002,0.02213313717167731
2024-11-18,1.6925965355341472,0.022765157560603377
2024-11-19,1.6726402413775963,-0.011790343261132374
2024-11-20,1.6726402413775963,0.0
2024-11-21,1.6726402413775963,0.0
2024-11-22,1.712845788481364,0.024037175543889955
2024-11-25,1.7076670141498362,-0.00302349129522006
2024-11-26,1.7266477361642916,0.011115001845898531
2024-11-27,1.7233851288990052,-0.0018895616036506135
2024-11-28,1.7233851288990052,0.0
2024-11-29,1.7362112757342925,0.0074424147105651706
2024-12-02,1.7710078772825113,0.020041686190237717
2024-12-03,1.7435765084681594,-0.015489128629085136
2024-12-04,1.7099868446947937,-0.019264806339284957
2024-12-05,1.7099868446947937,0.0
2024-12-06,1.7099868446947937,0.0
2024-12-09,1.7012821947112173,-0.005090477748751376
2024-12-10,1.621780462818576,-0.04673047901152949
2024-12-11,1.6433199914571017,0.013281408385627635
2024-12-12,1.6541241639690778,0.006574600545324216
2024-12-13,1.6343043593511177,-0.011982053735556608
2024-12-16,1.6343043593511177,0.0
2024-12-17,1.639090137186786,0.0029283271553950385
2024-12-18,1.639090137186786,0.0
2024-12-19,1.639090137186786,0.0
2024-12-20,1.639090137186786,0.0
2024-12-23,1.670433670893942,0.019122519863948195
2024-12-24,1.6573078083929818,-0.00785775737742156
2024-12-25,1.6469675204905272,-0.00623920785872667
2024-12-26,1.6360705641858577,-0.006616375957082643
2024-12-27,1.6165994097958796,-0.011901170289477903
2024-12-30,1.6235443779165957,0.004296035293983591
2024-12-31,1.6713838739538913,0.029466084628179567
2025-01-02,1.0255249729386682,0.025524972938668178
2025-01-03,1.0547457807402323,0.02849351168683012
2025-01-06,1.0566517048197777,0.001806998534004789
2025-01-07,1.0427203073811968,-0.013184474482021424
2025-01-08,1.063094030641869,0.01953901071692088
2025-01-09,1.0655984277183153,0.002355762523597482
2025-01-10,1.0414687308490778,-0.022644268461342043
2025-01-13,1.0216133062716222,-0.019064830262611965
2025-01-14,1.035177972513542,0.01327769143045332
2025-01-15,1.029416330571304,-0.005565846738651126
2025-01-16,1.034103345204179,0.004553079734293641
2025-01-17,1.041067928164361,0.006734900329334881
2025-01-20,1.047824001348099,0.006489560384067117
2025-01-21,1.0530866455347458,0.005022450506837028
2025-01-22,1.0436823199766911,-0.008930248615278247
2025-01-23,1.0394390569193235,-0.004065665362102178
2025-01-24,1.0578289063477049,0.017692090080668077
2025-01-27,1.0426700673867773,-0.01433014249276432
2025-02-05,1.0482481494403515,0.005349805492694815
2025-02-06,1.0766945857787393,0.027137120493439637
2025-02-07,1.0804343086240817,0.0034733367240233903
2025-02-10,1.0799479030579904,-0.00045019448402261464
2025-02-11,1.0710091770282617,-0.008276997440726297
2025-02-12,1.0710091770282617,0.0
2025-02-13,1.0710091770282617,0.0
2025-02-14,1.0710091770282617,0.0
2025-02-17,1.0710091770282617,0.0
2025-02-18,1.0710091770282617,0.0
2025-02-19,1.0710091770282617,0.0
2025-02-20,1.0710091770282617,0.0
2025-02-21,1.0710091770282617,0.0
2025-02-24,1.0710091770282617,0.0
2025-02-25,1.0710091770282617,0.0
2025-02-26,1.0710091770282617,0.0
2025-02-27,1.0710091770282617,0.0
2025-02-28,1.095103915935457,0.022497229177859346
2025-03-03,1.0935598844469254,-0.0014099406148252447
2025-03-04,1.0800141379286154,-0.012386835609977442
2025-03-05,1.0734173677203147,-0.006108040604869136
2025-03-06,1.0783390359239662,0.004585046182086661
2025-03-07,1.0750331682908043,-0.003065703385512042
2025-03-10,1.0750331682908043,0.0
2025-03-11,1.0750331682908043,0.0
2025-03-12,1.0733814698413995,-0.001536416268933194
2025-03-13,1.0769616420089858,0.003335414545692972
2025-03-14,1.0769616420089858,0.0
2025-03-17,1.0769616420089858,0.0
2025-03-18,1.0726861291885346,-0.003969976880955239
2025-03-19,1.0595085083204117,-0.012284694012116626
2025-03-20,1.064240514462642,0.004466227599938533
2025-03-21,1.0852294607738935,0.01972199519377371
2025-03-24,1.1055393304852168,0.01871481603239933
2025-03-25,1.096872638707432,-0.007839333743089094
2025-03-26,1.1012103292382824,0.0039545981709983025
2025-03-27,1.0851654710057548,-0.014570203172382223
2025-03-28,1.0851654710057548,0.0
2025-03-31,1.0809379529840923,-0.0038957358436260137
2025-04-01,1.0747796144608754,-0.005697217408469957
2025-04-02,1.0718639796076512,-0.002712774613506941
2025-04-03,1.0848103078521416,0.012078331290906297
2025-04-07,1.2083776064396867,0.11390682563866927
2025-04-08,1.1651837616659126,-0.03574532045577927
2025-04-09,1.0609332646443494,-0.08947129238439766
2025-04-10,1.0319695660201413,-0.027300207835332047
2025-04-11,1.0279555679786792,-0.003889647692753573
2025-04-14,1.041192920836063,0.012877358973222064
2025-04-15,1.0286282938372067,-0.012067530183327735
2025-04-16,1.0424668074435284,0.01345336667213215
2025-04-17,1.0333282940210868,-0.008766239229095585
2025-04-18,1.0211876165385825,-0.011749100022472203
2025-04-21,1.0422065883321563,0.020582869840137352
2025-04-22,1.0417513669522043,-0.00043678612767217295
2025-04-23,1.0480789441335432,0.006073980204941876
2025-04-24,1.0461986526939762,-0.001794036079144301
2025-04-25,1.0426289722351847,-0.0034120484189111844
2025-04-28,1.0536588640653697,0.010578923206535418
2025-04-29,1.0493563120782017,-0.004083439274232714
2025-04-30,1.0460719379215753,-0.0031298941254013224
2025-05-06,1.072328783081309,0.025100420160302894
2025-05-07,1.0742355280781841,0.0017781346793621644
2025-05-08,1.0825672128986308,0.0077559200032717435
2025-05-09,1.0835471819918745,0.0009052270210732072
2025-05-12,1.0777302655751828,-0.005368401591888672
2025-05-13,1.070163132913694,-0.0070213604490825254
2025-05-14,1.0717009560709878,0.0014369988182145743
2025-05-15,1.0628772242692766,-0.008233389875903718
2025-05-16,1.0628772242692766,0.0
2025-05-19,1.0509592430935408,-0.011212942476897303
2025-05-20,1.04110628982284,-0.009375200166372055
2025-05-21,1.04110628982284,0.0
2025-05-22,1.0460097747000914,0.004709879217121848
2025-05-23,1.0588367404259362,0.012262758949382224
2025-05-26,1.0523250876536252,-0.006149817553262826
2025-05-27,1.056031641971582,0.003522252164700701
2025-05-28,1.05993795071386,0.0036990451677991754
2025-05-29,1.0663978737275337,0.006094623755402928
2025-05-30,1.0613014321776508,-0.00477911825918087
2025-06-03,1.05805689588449,-0.003057129854713736
2025-06-04,1.067384649267098,0.008815927970310389
2025-06-05,1.0637227545458785,-0.0034307170556873157
2025-06-06,1.0637227545458785,0.0
2025-06-09,1.070254482571305,0.006140442138247826
2025-06-10,1.0666195970947783,-0.003396281478582397
2025-06-11,1.0563337761340315,-0.009643382691226554
2025-06-12,1.0440509176256645,-0.011627819526248362
2025-06-13,1.0589432337849354,0.014263974972732463
2025-06-16,1.053086387787464,-0.005530840379929902
2025-06-17,1.049572073387732,-0.003337156799752772
2025-06-18,1.049572073387732,0.0
2025-06-19,1.0536039645179534,0.0038414618990456617
2025-06-20,1.06214450925463,0.008106029423099237
2025-06-23,1.0570741749658479,-0.0047736765050362395
2025-06-24,1.07120318200754,0.01336614532480529
2025-06-25,1.0714851866446593,0.00026325970820106903
2025-06-26,1.0714851866446593,0.0
2025-06-27,1.0714851866446593,0.0
2025-06-30,1.0714851866446593,0.0
2025-07-01,1.0714851866446593,0.0
2025-07-02,1.0751735557246014,0.0034422959140407716
2025-07-03,1.0721604458049645,-0.0028024405023673316
2025-07-04,1.056402266104519,-0.014697594713648066
2025-07-07,1.056402266104519,0.0
2025-07-08,1.0650378709876096,0.008174542179783861
2025-07-09,1.0663542730833386,0.0012360143536569446
2025-07-10,1.0637129442830144,-0.0024769711783372284
2025-07-11,1.0583242847514698,-0.005065896359075395
2025-07-14,1.0593498340532632,0.000969031247387786
2025-07-15,1.0517131454278577,-0.007208844878170417
2025-07-16,1.0458635591238907,-0.005561959864623711
2025-07-17,1.0458635591238907,0.0
2025-07-18,1.0455108092937173,-0.00033728092646134744
2025-07-21,1.0553949842091834,0.009453919392897747
2025-07-22,1.0528146665701854,-0.0024448833636739886
2025-07-23,1.0520399099697524,-0.0007358907745433907
2025-07-24,1.0469717332415172,-0.004817475725213627
2025-07-25,1.0469717332415172,0.0
2025-07-28,1.0469717332415172,0.0
2025-07-29,1.0469717332415172,0.0
2025-07-30,1.0447391115301623,-0.0021324565319853495
2025-07-31,1.0536127707376364,0.008493660388072755
2025-08-01,1.0519579363323017,-0.0015706286515263512
2025-08-04,1.0413857301125597,-0.010050027529239891
2025-08-05,1.0408644178324642,-0.0005005947988544479
2025-08-06,1.0522384599048655,0.010927496297824302
2025-08-07,1.0419380213326168,-0.009789072500904439
2025-08-08,1.0419380213326168,0.0
2025-08-11,1.0486883999764804,0.006478675799957978
2025-08-12,1.0513713363133828,0.0025583732374292456
2025-08-13,1.0664558703268832,0.014347484558970391
2025-08-14,1.0597933240527277,-0.006247371747424735
2025-08-15,1.0514539541257863,-0.007868864369753759
2025-08-18,1.063159628887435,0.011132845823363713
2025-08-19,1.0558226499487593,-0.00690110754708928
2025-08-20,1.0378447429671829,-0.017027392794091822
2025-08-21,1.0210223176908115,-0.01620899984353752
2025-08-22,1.0362502365716488,0.014914383963004374
2025-08-25,1.0526860277275865,0.01586083223518875
2025-08-26,1.0526705421855977,-1.4710503968728972e-05
2025-08-27,1.0702680501030015,0.016717013739994124
2025-08-28,1.0553526294646087,-0.013936154253093247
2025-08-29,1.05612727359597,0.0007340144987881825
2025-09-01,1.0474681606512262,-0.008198929391588061
2025-09-02,1.073953947724406,0.025285529496871018
2025-09-03,1.0889031710158037,0.013919799189782367
2025-09-04,1.1122819309002872,0.0214700080840744
2025-09-05,1.0836609429123005,-0.025731774645319172
2025-09-08,1.0738666242041435,-0.009038176352314742
2025-09-09,1.0860510721685188,0.011346332672742765
2025-09-10,1.076756999767247,-0.00855767526909601
2025-09-11,1.047861859526674,-0.02683534005055832
2025-09-12,1.047861859526674,0.0
2025-09-15,1.047861859526674,0.0
2025-09-16,1.047861859526674,0.0
2025-09-17,1.047861859526674,0.0
2025-09-18,1.0612773475705755,0.012802725781012159
2025-09-19,1.0664643408142511,0.004887500195448036
2025-09-22,1.059862713049573,-0.006190200189570061
2025-09-23,1.0711450862830028,0.010645127047602898
2025-09-24,1.0711450862830028,0.0
2025-09-25,1.0711450862830028,0.0
2025-09-26,1.0711450862830028,0.0
2025-09-29,1.0711450862830028,0.0
2025-09-30,1.0744950627969783,0.0031274722321701365
2025-10-09,1.084930840394441,0.009712262027801177
2025-10-10,1.076167833578046,-0.008077018820120574
2025-10-13,1.0779258098093842,0.001633552106359959
2025-10-14,1.0487407473874177,-0.027075205135989378
2025-10-15,1.0487407473874177,0.0
2025-10-16,1.0487407473874177,0.0
2025-10-17,1.0694944569007991,0.0197891705505695
2025-10-20,1.0573152150081766,-0.011387849477888623
2025-10-21,1.0649554835859187,0.007226102934386525
2025-10-22,1.0601925795504672,-0.00447239730567317
2025-10-23,1.0427242177900207,-0.01647659311844396
2025-10-24,1.0521775814772596,0.009066024866358768
2025-10-27,1.0633797870299118,0.010646687165605906
2025-10-28,1.061130268416781,-0.002115442328853967
2025-10-29,1.0734870188314058,0.011644894865793676
2025-10-30,1.0696414940939312,-0.0035822740936922726
2025-10-31,1.0567893797236803,-0.01201534761059142
2025-11-03,1.0507186660694374,-0.005744487757655348
2025-11-04,1.0536743198175271,0.0028129830025256375
2025-11-05,1.0376067471343156,-0.015249088243883713
2025-11-06,1.025537589337487,-0.011631726403246168
2025-11-07,1.0267376313680687,0.0011701589908148513
2025-11-10,1.023882161428952,-0.0027811096543837177
2025-11-11,1.0121115780181298,-0.011496033288044494
2025-11-12,1.0047467074162042,-0.007276737824052137
2025-11-13,0.9910652944621988,-0.0136167780924491
2025-11-14,1.0022889364285854,0.011324825951530393
2025-11-17,0.9999760558703674,-0.0023075986116931624
2025-11-18,1.010280716872497,0.010304907744176361
2025-11-19,1.0181074832162573,0.007747120392428641
2025-11-20,1.0239916445436028,0.005779508965749969
2025-11-21,1.0606435568698858,0.035793175190036663
2025-11-24,1.0509387596859914,-0.009149913862235404
2025-11-25,1.0532882575576004,0.002235618250782778
2025-11-26,1.0524287515973703,-0.0008160215914901903
2025-11-27,1.0539590206549418,0.0014540357770052026
2025-11-28,1.0646389629580715,0.010133166559448403
2025-12-01,1.0724442062725934,0.00733135230448001
2025-12-02,1.0652116093744681,-0.0067440309303017365
2025-12-03,1.074449093212899,0.008671970674310803
2025-12-04,1.0713311223957758,-0.0029019251231341414
2025-12-05,1.0615768554208018,-0.009104810614631309
2025-12-08,1.066998236385548,0.005106913302661553
2025-12-09,1.0609549928726285,-0.005663780226470516
2025-12-10,1.046494488583818,-0.013629705676446613
2025-12-11,1.032788141603918,-0.013097390506517037
2025-12-12,1.029022627552791,-0.0036459694872940096
2025-12-15,1.029022627552791,0.0
2025-12-16,1.040362268276838,0.011019816688593975
2025-12-17,1.0400431716500464,-0.00030671683943339634
2025-12-18,1.0381066265398793,-0.0018619853126815578
2025-12-19,1.045955556610565,0.007560812993600674
2025-12-22,1.0576119313046308,0.01114423516410068
2025-12-23,1.054967555409907,-0.0025003272149756173
2025-12-24,1.0711035285570423,0.015295231653702945
2025-12-25,1.0818280211899884,0.010012564002467528
2025-12-26,1.0787306605424116,-0.0028630804406136745
2025-12-29,1.079957456973092,0.0011372592580836116
2025-12-30,1.0797563194187596,-0.00018624581277137953
2025-12-31,1.079716450531873,-3.6923967167035165e-05
