year,feature,high_a,low_a,year_cycles,high_feature,low_feature,high_bars,low_bars,high_amplitude,low_amplitude,delta_net_log,delta_capture
2021,peak_fraction,1497,8260,639,0.6923076923076923,0.25,13,16,0.006630351203890328,0.006802452574061313,0.012318831861673587,0.9861815742393008
2021,peak_fraction,3253,7980,639,0.8,0.16666666666666666,5,6,0.0022575608138604153,0.00270176335922212,0.00127899121792542,0.2580335351355243
2021,peak_fraction,4073,9581,639,0.8,0.25,10,8,0.009277505783002127,0.008945591699720978,0.00231150888533589,0.021333064972756777
2021,peak_fraction,8100,2473,639,0.7058823529411765,0.17647058823529413,17,17,0.008738855456286387,0.00866554449594048,-0.004176384615547609,-0.20804638988743507
2021,peak_fraction,9691,9676,639,0.7142857142857143,0.14285714285714285,7,7,0.0035863925774259897,0.0037341633915852768,-0.0037166132168472508,-0.5011117198185457
2021,time_mass_skew,114,3177,639,0.9828124235633401,-0.2061844370519306,9,10,0.006851183993115129,0.005551881015799509,0.008932200658075927,0.8077699442049238
2021,time_mass_skew,156,2248,639,0.49957672264649355,-0.4923721373005013,6,6,0.0028459975330994425,0.0032874945064014227,-0.0013811408323243634,-0.25961988423116367
2021,time_mass_skew,525,752,639,0.8757774665914823,-0.2085749419242105,9,9,0.011368023825968798,0.012046572396356758,-0.0018835771124773443,-0.06189825335570098
2021,time_mass_skew,534,86,639,0.6963680540677022,-0.32340155948748983,14,17,0.01188429660186685,0.011007865817658669,0.007852892999007783,0.3435168211949581
2021,time_mass_skew,768,802,639,0.4441266182110832,-0.20873612169218067,18,22,0.024023044547687,0.02677742921784887,-0.015304873670665424,-0.30249734230440983
2021,time_mass_skew,786,11275,639,0.4614281895472032,-1.7286765299245723,6,7,0.00577330122455777,0.004986310706922126,-0.0008077348464315755,-0.06517581341483607
2021,time_mass_skew,792,2231,639,0.5984319933536266,-0.48012520561508204,10,12,0.004360107920841294,0.003514884510109617,-0.0015770204723565392,-0.16124059701680327
2021,time_mass_skew,864,7862,639,0.807845656490808,-0.2826127656829666,24,28,0.015576026722369463,0.018333418487414654,-0.002715256672586361,-0.06973257205241257
2021,time_mass_skew,981,1663,639,0.42063314260197415,-0.2656583718615174,15,12,0.005934233000812306,0.005758411690706566,-0.00016312554682529345,0.06228245247067821
2021,time_mass_skew,1119,7957,639,1.0201629697849788,-0.4551564181806339,12,11,0.010221603612355246,0.008297992652342323,-0.00025535194548861016,0.1457148374750083
2021,time_mass_skew,1163,5563,639,0.3752862135947175,-0.7888657415151499,15,15,0.013965686131707677,0.016713302661491625,0.0065875198284128045,0.2897264419916798
2021,time_mass_skew,1777,3367,639,2.047075806278948,-0.3275702846116083,9,11,0.006931587873838296,0.005691000269749225,-0.004047589347490513,-0.27006261758833683
2021,time_mass_skew,1846,10837,639,0.7353760939908903,-0.22292252603761956,12,15,0.0051337863288356544,0.004293081446619773,0.0016441295423900702,0.14299222148685814
2021,time_mass_skew,2353,9691,639,0.44421068739361236,-0.6473177916390426,6,7,0.004399023784316114,0.0035863925774259897,0.004057654518727373,0.44965169587741854
2021,time_mass_skew,2359,344,639,0.5816052528812476,-0.22683710050883737,31,25,0.014318466082015924,0.01544829162944339,0.0018490310976668125,0.04718935598091224
2021,time_mass_skew,2473,8100,639,0.4693221164505717,-0.7718443987713163,17,17,0.00866554449594048,0.008738855456286387,0.004176384615547609,0.20804638988743507
2021,time_mass_skew,2508,4740,639,0.9142076806408737,-0.20977299671957084,17,14,0.008133866152601144,0.008682471419346527,-0.0008404037184724438,-0.03328682793509824
2021,time_mass_skew,2525,518,639,0.6072923593227636,-1.239309865759243,7,7,0.004863604151430501,0.005328345849909155,0.0006522245720622295,0.13128444118245067
2021,time_mass_skew,2532,7554,639,0.43890886050177474,-0.5051228922232435,15,15,0.00653768447424774,0.006697279288497171,0.0003003187298672178,0.32997795473682434
2021,time_mass_skew,2566,2724,639,0.47952199977570775,-0.49804901005454305,19,18,0.008474039478551632,0.00847221099699702,-0.0030220097389032485,-0.1984594717287868
2021,time_mass_skew,2692,10495,639,0.5170390949271977,-0.3202333608715115,19,19,0.00718279225406615,0.00628811039777144,-0.0008786890412182712,-0.061882536728178617
2021,time_mass_skew,2711,7083,639,0.6276138924725161,-0.27171090171953527,13,11,0.006954114250642185,0.006663042371590322,-0.0008834807986840077,-0.13281641177737952
2021,time_mass_skew,2742,4462,639,0.5727330858601426,-0.4354310559059116,9,8,0.00478917306571347,0.004747896109307703,0.005483752121185282,0.48139543414400393
2021,time_mass_skew,2875,3258,639,1.6824377885873645,-0.3236277598259398,16,13,0.007224696956883214,0.007612973215409546,0.0019482767424313387,0.13476546544791215
2021,time_mass_skew,3164,5999,639,0.42383411910007995,-1.270716778066125,13,15,0.013558362411602687,0.01375220926423637,-0.0054725179803574685,-0.2727377032916156
2021,time_mass_skew,3222,2903,639,0.5322730960395804,-0.3408251899491773,7,8,0.0033630972163560813,0.0035037929249943645,0.0032127878421108974,0.5953019458601372
2021,time_mass_skew,3271,9420,639,0.4581376233818364,-0.319013365146084,9,10,0.005606431534485701,0.005807801400216306,0.002737027480700629,0.26867802943781516
2021,time_mass_skew,3331,2891,639,0.5018233495577935,-0.2886227425521375,11,12,0.003016546993629632,0.003596210109667375,0.004297016855990316,0.5537499308312093
2021,time_mass_skew,3433,11546,639,0.589500788131972,-0.33719292687616925,13,12,0.003928332484839814,0.003660385622681339,-0.005807413946162743,-0.5899360095066292
2021,time_mass_skew,3521,10022,639,1.1864476072220345,-0.4614800862820707,12,12,0.0057435961577514405,0.005431448483304457,-0.003286425665392856,-0.3087458691094715
2021,time_mass_skew,3917,10828,639,0.6902838289205587,-0.48840655219041623,9,9,0.003312173058058754,0.003566731308691118,-0.0026519484473870327,-0.3814250247086789
2021,time_mass_skew,3926,11308,639,0.6232059886704917,-0.36277286888019006,20,20,0.010110807343528094,0.009718603208823673,-0.00034666240964066966,-0.38526134600938
2021,time_mass_skew,4193,4244,639,0.8117973164777292,-0.3160852748818941,22,20,0.003619981990886423,0.004420537436224947,0.007498752047650063,0.5109911693035598
2021,time_mass_skew,4822,6014,639,0.3748985564259706,-0.8448282728112448,19,18,0.01262710826797786,0.010303582616242757,-0.012581172489938942,-0.46384863121780806
2021,time_mass_skew,4914,9919,639,1.0326556207681514,-0.4420606903370301,15,17,0.010923147632726504,0.009053180904314395,0.0012715600976102148,0.0004554101912965791
2021,time_mass_skew,5237,7812,639,0.56280816840298,-0.21762065797178146,13,14,0.012939864710283189,0.010910530147443254,0.0074037898193141305,0.3589625615487976
2021,time_mass_skew,5431,8922,639,0.7021447202619335,-0.3431575648687705,22,19,0.010540596870770358,0.011085396045014129,-0.011845556305918516,-0.4080190302265767
2021,time_mass_skew,5481,180,639,0.4009214285849861,-1.2994497835964878,8,8,0.007449515174358545,0.006955955667598879,-0.005624197176673617,-0.3961486430870798
2021,time_mass_skew,6212,5314,639,0.5907992170559941,-0.3089646659644144,17,17,0.009681296579912235,0.010068698852877311,0.0006049279295981544,-0.0022996298972354223
2021,time_mass_skew,7016,2341,639,0.40940873580452974,-0.4626003444672584,14,12,0.00965078985345702,0.009622222971443328,0.005483728159966851,0.17965611450595503
2021,time_mass_skew,7239,8047,639,0.47885114113651484,-0.25448331864600887,6,6,0.0024415146928165044,0.0026539199797790403,-3.938462220222654e-05,-0.012307976552991776
2021,time_mass_skew,7257,1605,639,0.6760459803171397,-0.36814133572335866,36,29,0.026449216917553642,0.026395736437943462,-0.008568660475251217,-0.17991243057034562
2021,time_mass_skew,7335,7066,639,0.4193850424069276,-0.22718270008862163,18,17,0.016759542179165088,0.01586344759315761,-0.012297463139472695,-0.3339919392792669
2021,time_mass_skew,7721,7529,639,2.136254989607032,-0.3978838808850728,29,25,0.030414719081199415,0.025018388227644017,-0.014659319098597226,-0.4771218290218968
2021,time_mass_skew,7968,3810,639,0.5538441612461262,-0.22166337149726714,12,12,0.01058697394571606,0.009574431309568254,0.0055882026379083915,0.2917078265923081
2021,time_mass_skew,7980,3253,639,0.8270638589347118,-0.5196451210077235,6,5,0.00270176335922212,0.0022575608138604153,-0.00127899121792542,-0.2580335351355243
2021,time_mass_skew,8260,3193,639,0.8874583210854453,-1.140293408168576,16,17,0.006802452574061313,0.005585581417013152,-0.006011583804726153,-0.3884540559822559
2021,time_mass_skew,8593,5180,639,0.5485410062083435,-0.21935795824035428,16,19,0.019638730102178314,0.01954996624451777,-0.013938228446091737,-0.3849404795023614
2021,time_mass_skew,8684,6395,639,0.6950618576955985,-0.4761475625668464,35,34,0.018311444092745432,0.018392422204023262,-0.020007643864474248,-0.5238914735235335
2021,time_mass_skew,8941,1698,639,0.3786379792502659,-0.4295341372746312,12,11,0.005761947786996124,0.006863088457629729,-0.004948343995989559,-0.6152589059070961
2021,time_mass_skew,9115,3775,639,0.5310030277665074,-0.39645589305329165,17,18,0.00998849065962304,0.011494989521105836,0.016748447133808464,0.5930377881835661
2021,time_mass_skew,9171,1046,639,0.4006331489433425,-0.20837618091963844,20,20,0.013780119566219717,0.01211425113049902,-0.007827588154033449,-0.31795765785896335
2021,time_mass_skew,9542,9099,639,0.5285941416206861,-0.2279233042744626,7,8,0.0022521651965448086,0.00264848488903624,-0.0006998955218004745,-0.15089965325749202
2021,time_mass_skew,9698,10339,639,0.40648160121138005,-0.311240119786667,6,6,0.0033175049920437516,0.0035316756102137248,0.006172668022388429,0.9988063310137313
2021,time_mass_skew,9958,2800,639,0.4272621629956548,-0.3875594463414052,4,4,0.002386478226284794,0.002718466689702659,0.0026155400580298123,0.6484812232716666
2021,time_mass_skew,10589,10332,639,0.576839640740369,-0.24521652852488782,6,7,0.002446736615808298,0.002762927216060085,-0.00042630975519814354,0.010370168311642253
2021,time_mass_skew,10629,9373,639,0.5820890394482299,-0.9979510174229175,5,5,0.0019454105965053259,0.002049745601562236,-0.00012614277680179106,-0.03134691662232825
2021,time_mass_skew,10792,5378,639,0.6631398423839971,-0.5150038089911176,14,15,0.01921792074109252,0.021627467580498383,0.01385316427058438,0.49662202489252366
2021,time_mass_skew,11282,6315,639,0.40815553458846104,-1.0464602235374698,14,16,0.007382673821933139,0.00710309667967568,0.0004216343274050056,0.07975055620834937
2021,time_mass_skew,11328,4754,639,0.39374064428382605,-0.5622468460452943,10,10,0.008413725682141937,0.009507652035707359,-0.0012178956002933117,-0.24413809638411532
2021,time_mass_skew,11393,3342,639,0.4557324527242125,-0.23222406935645784,20,20,0.004560683680844946,0.003931337785155975,0.0026146006143543303,0.16014586203599532
2021,motion_concentration,86,6212,639,1.9380421989209218,1.3551192427121435,17,17,0.011007865817658669,0.009681296579912235,0.0024734076260052506,0.135604934563009
2021,motion_concentration,289,5262,639,2.3225242031520277,1.294863464602745,19,17,0.012644226036782946,0.013905720439437275,0.004615199396016186,0.10587382206385626
2021,motion_concentration,429,5959,639,1.9436468297586962,1.2676216522583126,16,15,0.011854464620165928,0.01263515076500532,0.0018118459696867088,0.08710167137000357
2021,motion_concentration,802,768,639,2.0273545071134778,1.1870640525261098,22,18,0.02677742921784887,0.024023044547687,0.015304873670665424,0.30249734230440983
2021,motion_concentration,1008,9549,639,1.9889433521416673,1.3023897972724112,18,15,0.012213335033946393,0.01220261031012182,0.0024544375046725853,0.10674404491770922
2021,motion_concentration,1368,2169,639,2.5595490108243917,1.4472809173161105,34,30,0.023635878992949166,0.025080602266519314,-0.00047081352462058704,-0.06994530859249193
2021,motion_concentration,1595,9751,639,1.9644392407397173,1.3839781571409144,10,10,0.0068572538132922745,0.0069253200973102835,-0.0033789414876318332,-0.37617653301662
2021,motion_concentration,1605,8837,639,4.655201179542208,1.39646389617824,29,34,0.026395736437943462,0.02672754851134318,0.000721934098478174,-0.07384237559486478
2021,motion_concentration,1675,1259,639,2.7400891968937438,1.382695420986107,23,22,0.01811360687933572,0.01450191498191078,-0.0183838771370291,-0.6581844682784042
2021,motion_concentration,1858,5563,639,2.9073598742850604,1.4347667284267778,15,15,0.015887466655636118,0.016713302661491625,-0.0034779923861887356,-0.09557942757463583
2021,motion_concentration,2084,1489,639,2.655893658971414,1.4348212377566898,8,8,0.01689230694268673,0.014121888731415844,0.0006024809518181129,0.26774252963305334
2021,motion_concentration,2143,1178,639,4.106018019625859,1.415726046533294,21,21,0.019642438567847975,0.016009386419781002,0.0001386096443765309,-0.11457872657294721
2021,motion_concentration,2164,786,639,1.9188179960867855,1.2109580737357868,5,6,0.006643954102678151,0.00577330122455777,-0.0020061141338560376,-0.18125041470705067
2021,motion_concentration,2283,630,639,2.351507989554071,1.4399516905858845,34,33,0.0163308105518416,0.014902218028482572,0.002162235944286035,0.07478695607687653
2021,motion_concentration,2341,5393,639,3.787384792596766,1.3503557226619778,12,14,0.009622222971443328,0.00826983520550506,-0.015786183496352642,-0.6588361422441315
2021,motion_concentration,2440,4764,639,2.1622468974533717,1.455741829625918,33,34,0.01428257752206541,0.016906039736952927,0.012230608938099002,0.27845975124528444
2021,motion_concentration,2490,1533,639,2.106517009095244,1.455192268087576,18,19,0.01196272622243022,0.012611616968825956,0.00409027688468141,0.1345641510583398
2021,motion_concentration,2532,7554,639,2.1283308268469967,1.1464784184661883,15,15,0.00653768447424774,0.006697279288497171,0.0003003187298672178,0.32997795473682434
2021,motion_concentration,2724,2508,639,2.5222260521532585,1.3279404032200617,18,17,0.00847221099699702,0.008133866152601144,-0.00614369450529502,-0.3971809475850479
2021,motion_concentration,2769,723,639,1.9724266002114126,1.3885643737931739,31,29,0.021648316823037916,0.025358519623752684,0.017473711856547943,0.4521125482161903
2021,motion_concentration,2916,11208,639,2.7916257602729293,1.4502003538047135,17,20,0.010196636671008008,0.010386596756421618,0.00918404838469419,0.6474134427860321
2021,motion_concentration,3003,4710,639,2.0141716373836567,1.4619658804706777,37,30,0.018929529182390326,0.020764781957907097,0.008919969438753726,0.22281088079088968
2021,motion_concentration,3061,123,639,2.3806488700144373,1.342693918366454,10,9,0.0020742331205703124,0.0022885494002302664,0.0020423696601927317,0.29865373654590877
2021,motion_concentration,3071,253,639,2.05528110376679,1.3430794720756225,27,25,0.019696929603226998,0.020401909739540258,-0.015103671486113825,-0.34226934833505956
2021,motion_concentration,3117,601,639,2.4148487759506225,1.3986782527891757,33,29,0.013014951391837393,0.013732460783177913,-0.0004463670162656039,-0.0021127274904304966
2021,motion_concentration,3222,156,639,2.615252997517226,1.3807440374303224,7,6,0.0033630972163560813,0.0028459975330994425,-0.0006362105319103731,-0.1315905384856505
2021,motion_concentration,3258,9714,639,2.056576457429968,1.2572018308436061,13,12,0.007612973215409546,0.007696582365946725,-0.0064554420248173205,-0.39340706720481045
2021,motion_concentration,3362,8644,639,2.0017154791553433,1.1433746079999931,5,5,0.00655583637788304,0.005829579662913531,-0.0031001679743724343,-0.180247562181578
2021,motion_concentration,3450,4754,639,1.957518875800203,1.1969560843147966,12,10,0.010076138963647452,0.009507652035707359,0.0007298295099554177,-0.049384313449688744
2021,motion_concentration,3612,6304,639,2.0521334071353654,1.2989346493051812,11,11,0.005168287657590476,0.00631437821690195,-0.0022867285823822223,-0.17844847903558508
2021,motion_concentration,3637,1846,639,2.0703356300401947,1.2581881258149925,11,12,0.004369233262216277,0.0051337863288356544,-0.004290957274083355,-0.30011098643955464
2021,motion_concentration,3926,8026,639,2.1553675791003086,1.2088401162453764,20,16,0.010110807343528094,0.011756041571516995,0.008045527154129354,0.21017042182096435
2021,motion_concentration,3977,4302,639,2.093714589444006,1.3957499526302883,12,15,0.004548884367005179,0.0046140596607280315,0.00940233420645983,0.8817086151558815
2021,motion_concentration,4165,7221,639,2.448799802481399,1.260569333254665,15,18,0.009262291185942573,0.008406764583940074,0.0017487364485177879,0.028686601889248875
2021,motion_concentration,4695,1163,639,2.572663547018689,1.4006911508145594,15,15,0.014270846194402331,0.013965686131707677,0.00268631324716518,0.15927597816272454
2021,motion_concentration,4841,7066,639,2.228538237846991,1.3230790545412772,15,17,0.013992957108125204,0.01586344759315761,-0.017484009742332468,-0.5330404028245591
2021,motion_concentration,4929,6848,639,1.9985150073207036,1.3742844195350947,8,7,0.004770074235571187,0.005179695501431603,-0.008349859188236226,-0.9773167325311265
2021,motion_concentration,4981,3280,639,2.328847715621748,1.4321304693217616,30,29,0.01687523668734503,0.015832671911447882,0.003614227365681248,0.07800845721274886
2021,motion_concentration,5314,5740,639,2.5000727819994917,1.3404341946191463,17,15,0.010068698852877311,0.00882542714079726,-0.008557092004750733,-0.33969594256680025
2021,motion_concentration,5331,1878,639,1.9826048649495658,1.4182276331691548,23,22,0.013375202269449105,0.012209186043715903,0.0040391242174434355,0.1387678521369964
2021,motion_concentration,6044,5830,639,1.9481574171722165,1.2089336538511848,12,15,0.0171812259867945,0.016782465947793312,-0.008092294377516407,-0.15618265908002965
2021,motion_concentration,6165,761,639,2.0226021298904335,1.3652875460638383,7,7,0.004699798260753063,0.004721573365859655,-0.0018090360435509766,-0.3355440687596565
2021,motion_concentration,6241,2104,639,1.9375585271025246,1.31918155067617,15,15,0.011848253541883125,0.012162354996462454,0.001870849872637712,0.17383148693812314
2021,motion_concentration,6855,188,639,3.3143650676183616,1.3222931208389799,10,9,0.013030173369219078,0.010716142051581556,-0.01014964015409879,-0.3972483863225224
2021,motion_concentration,7003,1355,639,1.9144816186640214,1.3426296267021762,13,13,0.009171010720316453,0.011403534875904064,0.016145283303382777,0.5855159176514338
2021,motion_concentration,7139,8556,639,2.8304159832136175,1.379164385821857,15,12,0.017232732903760706,0.017374348443152776,-0.001198720778000012,-0.0492012585653534
2021,motion_concentration,7185,888,639,2.244524317414141,1.348368626517207,19,21,0.01475764975259164,0.01789058875379279,-0.0019787114577300372,-0.20395513219346
2021,motion_concentration,7478,9948,639,2.150436876910223,1.3478775788820543,10,10,0.0039005881114837493,0.004080687769151048,-0.004636030978556059,-0.32398780229490926
2021,motion_concentration,7615,162,639,2.071052913135627,1.3624507133369033,18,18,0.01428733831175677,0.01392016342067226,0.009207733685378472,0.2868108455783032
2021,motion_concentration,7770,6435,639,2.1107143590283095,1.4383906469285035,20,24,0.027027816918971048,0.023897691849177782,-0.00312463474458405,-0.051412352267760246
2021,motion_concentration,7957,7037,639,3.174875944222741,1.408446284180943,11,10,0.008297992652342323,0.009533383365964987,-0.009933886448149234,-0.6770201319418865
2021,motion_concentration,7980,8047,639,2.1734296113348863,1.040367059839846,6,6,0.00270176335922212,0.0026539199797790403,-0.00021166219153483047,-0.03291496666045769
2021,motion_concentration,8000,548,639,2.2726726970440736,1.429496485151919,26,24,0.014307796996444466,0.01575809333649314,0.0012221636734069178,0.03578562775927549
2021,motion_concentration,8100,2566,639,2.1085406847111012,1.3446846402391412,17,19,0.008738855456286387,0.008474039478551632,0.00381115959241353,0.2506481989781346
2021,motion_concentration,8201,10086,639,3.077646473202261,1.3600067061702148,28,26,0.01993815913457908,0.01623736800968345,-0.004940062636711472,-0.17654277929977633
2021,motion_concentration,8260,3193,639,2.6967831584712223,1.3362840678592167,16,17,0.006802452574061313,0.005585581417013152,-0.006011583804726153,-0.3884540559822559
2021,motion_concentration,8475,9037,639,2.002610581969396,1.2650736588603,15,14,0.0038508045681835412,0.0038661137891260466,0.0005280562662464131,0.09380461678213835
2021,motion_concentration,8539,7047,639,2.5034036338349055,1.4015528821394134,17,19,0.01571225903204354,0.014191741039963901,-0.021217421405117624,-0.4489175340974945
2021,motion_concentration,8871,3234,639,2.535726121271459,1.3010477087381167,20,19,0.01778532262676169,0.01508516337217003,0.0046717722414043065,0.14002878541245167
2021,motion_concentration,9001,8053,639,2.144138626184246,1.3789967747914074,7,6,0.0015620133343698939,0.0019452988276640326,0.00026348869210646863,0.06559746627775268
2021,motion_concentration,9015,4579,639,2.096073356603984,1.44573457373878,22,20,0.01778745428460926,0.014293037313013457,0.0038534049582606995,-0.014193724166919552
2021,motion_concentration,9205,8898,639,2.203369157608538,1.3183781123438678,26,24,0.012192727855728336,0.013354643982671277,-0.002651622269134916,-0.07209126062388878
2021,motion_concentration,9285,180,639,1.9648694289954556,1.178133693035083,9,8,0.006623047412197103,0.006955955667598879,0.008219895788735408,0.6750868105816267
2021,motion_concentration,9698,10339,639,1.9384286751872264,1.2836832889637027,6,6,0.0033175049920437516,0.0035316756102137248,0.006172668022388429,0.9988063310137313
2021,motion_concentration,9936,2415,639,1.9310297062494222,1.4029144858053688,12,14,0.009532149672907053,0.008175564981596217,-0.008550410091117695,-0.4881268779386214
2021,motion_concentration,10046,11053,639,1.9319796112815824,1.4383439955695014,31,33,0.01001729317712119,0.010803220385683154,-0.01268297389804783,-0.5562944789374582
2021,motion_concentration,10718,8432,639,1.9263173891338252,1.3441729017539032,6,6,0.0021319944326920748,0.0017709959837404199,-0.0007018883667343841,-0.1928869054090332
2021,motion_concentration,10837,9439,639,2.0057425573794347,1.3756755660570958,15,13,0.004293081446619773,0.004807683869822554,-8.998423576581365e-05,0.0005310496798789852
2021,motion_concentration,10934,10271,639,1.9252484036111,1.319771900525865,11,11,0.00472518424860624,0.00452535303367263,-0.0032031115143494487,-0.1156590399152636
2021,motion_concentration,10971,4244,639,2.2624172194071916,1.3761435177431478,22,20,0.004693335312846436,0.004420537436224947,0.004596343657784461,0.2580592546214442
2021,motion_concentration,11086,9264,639,1.971354448705435,1.3607727600238975,7,8,0.008787741189553167,0.009458635347262323,-0.00801111254471289,-0.4627757591555503
2021,motion_concentration,11275,6297,639,1.9691755179368124,1.2681477752424617,7,7,0.004986310706922126,0.004488388313727221,0.001182316693257337,0.10891980439176517
2021,motion_concentration,11413,10316,639,2.706908464412619,1.460449383710095,19,16,0.009769289255388003,0.008082405829243022,-0.005343203160108381,-0.24674458281323947
2021,half_height_width,68,5011,639,0.5789473684210527,0.29411764705882354,18,16,0.009169688197584236,0.009872103111550068,-0.005909049777051657,-0.31295525065720253
2021,half_height_width,278,3810,639,0.6666666666666666,0.23076923076923078,11,12,0.011784951724633785,0.009574431309568254,-0.00906877498042723,-0.5019125658350789
2021,half_height_width,289,6832,639,0.6,0.29411764705882354,19,16,0.012644226036782946,0.014243236832969686,-0.00927538470980878,-0.41188749959230164
2021,half_height_width,459,7335,639,0.5454545454545454,0.21052631578947367,21,18,0.015521913684529487,0.016759542179165088,-0.0011861482299586612,-0.04152554822008753
2021,half_height_width,572,5606,639,0.5333333333333333,0.25806451612903225,29,30,0.024135315490469544,0.027858365592805967,-0.009201392000408003,-0.18792452552721028
2021,half_height_width,786,11275,639,0.5714285714285714,0.25,6,7,0.00577330122455777,0.004986310706922126,-0.0008077348464315755,-0.06517581341483607
2021,half_height_width,802,7770,639,0.5217391304347826,0.23809523809523808,22,20,0.02677742921784887,0.027027816918971048,0.013049716464920633,0.23250574271537422
2021,half_height_width,824,4937,639,0.6,0.21428571428571427,14,13,0.014038576357594756,0.01691945488533797,-0.02187856756042224,-0.8938867397769947
2021,half_height_width,888,1552,639,0.7272727272727273,0.125,21,23,0.01789058875379279,0.018034123375588074,0.015067315638086888,0.5298974874247657
2021,half_height_width,1163,8026,639,0.5625,0.17647058823529413,15,16,0.013965686131707677,0.011756041571516995,0.008350947720336378,0.33031418849512884
2021,half_height_width,1299,2283,639,0.6176470588235294,0.22857142857142856,33,34,0.016052317154016116,0.0163308105518416,0.0011773553068859894,0.027298476046678427
2021,half_height_width,1408,9051,639,0.7142857142857143,0.15625,34,31,0.018328684722648703,0.016107840069109258,-0.009143930520839325,-0.25309290719031635
2021,half_height_width,1510,5431,639,0.5416666666666666,0.2608695652173913,23,22,0.011001669280549464,0.010540596870770358,0.017304084301833323,0.6700467128377148
2021,half_height_width,1533,2490,639,0.6,0.15789473684210525,19,18,0.012611616968825956,0.01196272622243022,-0.00409027688468141,-0.1345641510583398
2021,half_height_width,1605,8296,639,0.6333333333333333,0.125,29,31,0.026395736437943462,0.02334599913364599,0.0021740612534721163,-0.07020728783974145
2021,half_height_width,1675,1235,639,0.5833333333333334,0.24,23,24,0.01811360687933572,0.015260664510513777,-0.005468316675306395,-0.1695245584670816
2021,half_height_width,1763,7003,639,0.5333333333333333,0.2857142857142857,14,13,0.009107423003072768,0.009171010720316453,-0.01447270806460921,-0.7018422276448399
2021,half_height_width,2063,8120,639,0.5909090909090909,0.23809523809523808,21,20,0.024454362146300035,0.02390969229976836,0.006479337273527634,0.14587307572054717
2021,half_height_width,2092,1119,639,0.6153846153846154,0.3076923076923077,12,12,0.008534090883538958,0.010221603612355246,0.006057792817934844,0.22572212171596528
2021,half_height_width,2143,9015,639,0.5454545454545454,0.2608695652173913,21,22,0.019642438567847975,0.01778745428460926,-0.0049555767547520314,-0.1978895814518264
2021,half_height_width,2254,7094,639,0.625,0.2857142857142857,23,27,0.01569063016107375,0.018636755806066496,-0.0017851728869828663,-0.09473537931122022
2021,half_height_width,2277,5556,639,0.5714285714285714,0.25,6,7,0.004252332787942237,0.005214283801826092,0.003654102829353637,0.43882971371096363
2021,half_height_width,2415,9272,639,0.6666666666666666,0.2857142857142857,14,13,0.008175564981596217,0.007306108829211233,0.002686826556321718,0.2321777920860475
2021,half_height_width,2473,8100,639,0.5555555555555556,0.2777777777777778,17,17,0.00866554449594048,0.008738855456286387,0.004176384615547609,0.20804638988743507
2021,half_height_width,2547,1878,639,0.65,0.30434782608695654,19,22,0.011703979677364806,0.012209186043715903,-7.910750650951589e-05,-0.01607449716948753
2021,half_height_width,2597,2769,639,0.5263157894736842,0.21875,37,31,0.021598729685319284,0.021648316823037916,9.720403983337969e-05,0.09030236436754657
2021,half_height_width,2634,1777,639,0.6666666666666666,0.3,8,9,0.005776949822958954,0.006931587873838296,0.0014020185642477246,0.22856398427382046
2021,half_height_width,2676,3917,639,0.6363636363636364,0.3,10,9,0.0032604294607789797,0.003312173058058754,-0.0031891075839003287,-0.35399048073375394
2021,half_height_width,2742,8276,639,0.6,0.2,9,9,0.00478917306571347,0.004406598235101811,0.0017864159823970916,0.15617512739643835
2021,half_height_width,2916,11208,639,0.5555555555555556,0.14285714285714285,17,20,0.010196636671008008,0.010386596756421618,0.00918404838469419,0.6474134427860321
2021,half_height_width,2984,11413,639,0.55,0.15,19,19,0.009072845432610777,0.009769289255388003,-0.0004221582049479429,-0.0786433274364198
2021,half_height_width,3117,4547,639,0.5294117647058824,0.18181818181818182,33,32,0.013014951391837393,0.015552678938656861,-0.014467881457814663,-0.35291754663887376
2021,half_height_width,3177,1846,639,0.5454545454545454,0.3076923076923077,10,12,0.005551881015799509,0.0051337863288356544,-0.007546023113456134,-0.7210340986068327
2021,half_height_width,3210,114,639,0.5555555555555556,0.2,8,9,0.00763048370382613,0.006851183993115129,-0.0031242612885922587,-0.240144922477289
2021,half_height_width,3378,1807,639,0.7027027027027027,0.275,36,39,0.01948254580475517,0.022120155475726655,-0.0038393170942589605,-0.07255456494710608
2021,half_height_width,3462,10137,639,0.7222222222222222,0.2631578947368421,17,18,0.008450754517722814,0.008319819021655128,-0.002040295264939714,-0.10366820979401768
2021,half_height_width,3637,11296,639,0.8333333333333334,0.3076923076923077,11,12,0.004369233262216277,0.004263873983278543,-0.004546058703454992,-0.41559999912062917
2021,half_height_width,3751,8778,639,0.52,0.21428571428571427,24,27,0.009701865363667572,0.011968227963569333,-0.0029276666730908758,-0.08471310814585373
2021,half_height_width,3822,9171,639,0.6521739130434783,0.2857142857142857,22,20,0.01254356923524469,0.013780119566219717,0.018261111907853546,0.6784503049054244
2021,half_height_width,3946,4981,639,0.59375,0.03225806451612903,31,30,0.014882226108857033,0.01687523668734503,-0.005042619409788547,-0.13996780963229033
2021,half_height_width,3977,10022,639,0.5384615384615384,0.3076923076923077,12,12,0.004548884367005179,0.005431448483304457,-0.0017950719804670835,-0.18136725442589763
2021,half_height_width,4011,9875,639,0.5652173913043478,0.28,22,24,0.012019157011904369,0.010773562514023283,0.0004082884117212614,0.042856696364234705
2021,half_height_width,4033,682,639,0.5714285714285714,0.2857142857142857,6,6,0.006642183989818307,0.006711939186773819,-0.0005306587925104306,-0.0705560190609329
2021,half_height_width,4083,8684,639,0.6153846153846154,0.19444444444444445,38,35,0.018893886527912684,0.018311444092745432,0.02628317429688739,0.6998363370806535
2021,half_height_width,4121,7425,639,0.6,0.2972972972972973,44,36,0.030834950981160958,0.029476119215076757,0.010681114152440632,0.21503500152501615
2021,half_height_width,4165,2508,639,0.6875,0.16666666666666666,15,17,0.009262291185942573,0.008133866152601144,0.002519121637648997,0.11149577103101643
2021,half_height_width,4340,8805,639,0.7297297297297297,0.24242424242424243,36,32,0.013369498449235628,0.015254620699088228,-0.007420541024369808,-0.2286060049556629
2021,half_height_width,4470,2875,639,0.625,0.11764705882352941,15,16,0.007907376882926087,0.007224696956883214,-0.003722874128261709,-0.28961281370321335
2021,half_height_width,4668,1259,639,0.6071428571428571,0.30434782608695654,27,22,0.013258140561514864,0.01450191498191078,-0.01629344266096299,-0.610047775123761
2021,half_height_width,4740,6212,639,0.6,0.2777777777777778,14,17,0.008682471419346527,0.009681296579912235,0.008573935164109456,0.5018485342587292
2021,half_height_width,4798,369,639,0.64,0.22727272727272727,24,21,0.023659331556205032,0.02166982145539631,0.006285937337181859,0.12931702466780265
2021,half_height_width,5027,3926,639,0.5714285714285714,0.14285714285714285,20,20,0.011772055864702757,0.010110807343528094,-0.007099727484123646,-0.17991195505301188
2021,half_height_width,5250,9621,639,0.6923076923076923,0.16666666666666666,12,11,0.006110081053726901,0.005688036019438236,0.0006978589628661641,0.038624644451310954
2021,half_height_width,5331,3234,639,0.5416666666666666,0.15,23,19,0.013375202269449105,0.01508516337217003,-0.0005429281090446538,-0.02906447197713327
2021,half_height_width,5407,7529,639,0.68,0.15384615384615385,24,25,0.026604586144491016,0.025018388227644017,-0.015159062322278188,-0.4708162272411668
2021,half_height_width,5730,5160,639,0.5454545454545454,0.2727272727272727,10,10,0.007176453892131285,0.005842606622679547,-0.006124022761557527,-0.4311253961708602
2021,half_height_width,5772,7221,639,0.5625,0.21052631578947367,15,18,0.010329468565250188,0.008406764583940074,-0.0007500863399998101,-0.19649965219117815
2021,half_height_width,5926,525,639,0.5454545454545454,0.2,10,9,0.010335170725689125,0.011368023825968798,-0.008956474854792746,-0.5476088213888111
2021,half_height_width,6172,9589,639,0.5405405405405406,0.21212121212121213,36,32,0.015529273364126794,0.017823419133931928,0.018435234747655894,0.3182798221134364
2021,half_height_width,6229,6144,639,0.5384615384615384,0.21428571428571427,12,13,0.018536242315132512,0.01764427676469449,0.003450931928483612,0.2503959046330818
2021,half_height_width,6385,9704,639,0.6363636363636364,0.09090909090909091,10,10,0.006266275406852095,0.006167417310867229,0.009516594435372344,0.6662087236898384
2021,half_height_width,6435,924,639,0.52,0.27586206896551724,24,28,0.023897691849177782,0.024722494483926383,-0.006293511013532614,-0.1330433166958989
2021,half_height_width,6459,215,639,0.5882352941176471,0.26666666666666666,16,14,0.01020662811337214,0.008832920039424152,0.0007776239429888674,0.12060901642687694
2021,half_height_width,6740,6865,639,0.625,0.2857142857142857,7,6,0.007473923683038564,0.007090697001177482,-0.0005722511599022153,-0.09354995443349776
2021,half_height_width,6812,1131,639,0.5714285714285714,0.2631578947368421,20,18,0.021490525956007644,0.022037667983683562,-0.00692585901004859,-0.16981880479046146
2021,half_height_width,6848,6165,639,0.625,0.25,7,7,0.005179695501431603,0.004699798260753063,0.006581433497903317,0.9138153957979331
2021,half_height_width,6855,188,639,0.6363636363636364,0.3,10,9,0.013030173369219078,0.010716142051581556,-0.01014964015409879,-0.3972483863225224
2021,half_height_width,7245,2711,639,0.5384615384615384,0.21428571428571427,12,13,0.007411924676191006,0.006954114250642185,0.0001432452788162463,-0.22522144074005693
2021,half_height_width,7421,5768,639,0.6,0.2,4,4,0.0028192969119107403,0.00270076302649791,-6.887168388627245e-05,0.015707560253328923
2021,half_height_width,7478,9948,639,0.6363636363636364,0.2727272727272727,10,10,0.0039005881114837493,0.004080687769151048,-0.004636030978556059,-0.32398780229490926
2021,half_height_width,7488,9899,639,0.5454545454545454,0.23809523809523808,21,20,0.01651423617513803,0.014850047214308937,-0.01717513604413383,-0.5390326428587832
2021,half_height_width,7509,10495,639,0.5238095238095238,0.2,20,19,0.00732659631153787,0.00628811039777144,-0.0037198931948127616,-0.17456054286402367
2021,half_height_width,8229,3071,639,0.625,0.14285714285714285,31,27,0.0218026266854352,0.019696929603226998,0.021770858009543075,0.49179317939763545
2021,half_height_width,8366,996,639,0.6153846153846154,0.3076923076923077,12,12,0.008511325644102286,0.007389734584997143,-0.002660539996811922,0.03527199148001209
2021,half_height_width,8898,9205,639,0.56,0.2222222222222222,24,26,0.013354643982671277,0.012192727855728336,0.002651622269134916,0.07209126062388878
2021,half_height_width,8941,3612,639,0.6153846153846154,0.25,12,11,0.005761947786996124,0.005168287657590476,-0.004161678094171093,-0.5117927927706719
2021,half_height_width,9132,4215,639,0.6451612903225806,0.3,30,29,0.011271727201328297,0.012164233141603198,-0.006324420627253358,-0.21367125169058898
2021,half_height_width,9714,5354,639,0.6153846153846154,0.2857142857142857,12,13,0.007696582365946725,0.006282317438429885,-0.000633610707011231,-0.06978224105650349
2021,half_height_width,9726,8342,639,0.5769230769230769,0.16,25,24,0.01502915149500339,0.014020903484027514,0.0016736901438837298,0.12285067234183905
2021,half_height_width,9761,6315,639,0.5294117647058824,0.23529411764705882,16,16,0.006250109940220128,0.00710309667967568,-0.00019974436537274244,0.07676358562089802
2021,half_height_width,9962,8953,639,0.6363636363636364,0.24,21,24,0.005145719618219857,0.004377835885589043,0.002739456100678648,0.04351217262213394
2021,half_height_width,10086,3309,639,0.7407407407407407,0.30434782608695654,26,22,0.01623736800968345,0.018650553436033945,-0.004271448432379993,-0.1412046605160392
2021,half_height_width,10387,11502,639,0.5882352941176471,0.24444444444444444,50,44,0.013677858494762773,0.012112901750453098,0.001038432799805266,0.05311036888517255
2021,half_height_width,10479,9439,639,0.5294117647058824,0.2857142857142857,16,13,0.005633434411172367,0.004807683869822554,0.0008072691810056139,0.04746217760143847
2021,half_height_width,10724,7576,639,0.6444444444444445,0.175,44,39,0.028510405868589217,0.02375043999911952,0.013964628107634875,0.3267404651651845
2021,half_height_width,10837,9037,639,0.5625,0.26666666666666666,15,14,0.004293081446619773,0.0038661137891260466,8.622449505414891e-06,0.009218400431533463
2021,half_height_width,11250,9294,639,0.5384615384615384,0.25,25,27,0.0086518729667171,0.00825286268910208,-0.007364851315504871,-0.37224890661845494
2021,half_height_width,11328,4073,639,0.6363636363636364,0.2727272727272727,10,10,0.008413725682141937,0.009277505783002127,0.00037457070453737924,0.005723650174394135
