year,view,scenario,cost_bps,policy,alpha,cagr,total_log_return,mdd,daily_mdd,longest_underwater_days,mean_exposure,turnover,cost_log,daily_sharpe
2025,0,legacy_on_minute,0,baseline,1.0,0.656527032839431,0.5047232618757462,0.09869869025850427,0.07884669942150208,34,1.0,1399.0,0.0,2.0905378902547076
2025,0,legacy_on_minute,0,slow_conflict_half,1.0,0.5304172561056196,0.4255404146328856,0.09328817102074385,0.07285557245828886,55,0.8287691199670759,1164.5,0.0,2.0025464498995307
2025,0,legacy_on_minute,0,constant_075,0.75,0.4601547838066082,0.3785424464068097,0.07497706315563725,0.05973789250826814,34,0.75,1049.25,0.0,2.090537890254707
2025,0,legacy_on_minute,0,constant_050,0.5,0.28706139435515315,0.2523616309378731,0.050631099234077645,0.04023268414761178,34,0.5,699.5,0.0,2.0905378902547076
2025,0,legacy_on_minute,0,matched_constant,0.8287691199670759,0.5193749809826266,0.4182990535716742,0.08251779129390874,0.06580101614927762,34,0.8287691199670757,1159.4479988339392,0.0,2.0905378902547067
2025,0,legacy_on_minute,1,baseline,1.0,0.440239292329469,0.36480927501113325,0.10404221335949838,0.08344142901537986,56,1.0,1399.0,0.13991398686461298,1.4959249680171902
2025,0,legacy_on_minute,1,slow_conflict_half,1.0,0.3621726575195177,0.30908096732845847,0.10204152718647987,0.08144279436071654,74,0.8287691199670759,1164.5,0.11645944730442731,1.441559278942204
2025,0,legacy_on_minute,1,constant_075,0.75,0.31470141506138916,0.2736095790577058,0.07909312559161234,0.06325753593490345,56,0.75,1049.25,0.10493286734910412,1.495939684991124
2025,0,legacy_on_minute,1,constant_050,0.5,0.20010389769057563,0.1824081344548138,0.05344937675485985,0.04262922534154643,56,0.5,699.5,0.06995349648305915,1.4959544009912493
2025,0,legacy_on_minute,1,matched_constant,0.8287691199670759,0.35302746310138233,0.3023446469141972,0.08702805113928537,0.06966450232650025,56,0.8287691199670757,1159.4479988339392,0.11595440665747699,1.4959350481238627
2025,0,legacy_on_minute,3,baseline,1.0,0.08860531183461672,0.08489734651608605,0.16060569209105244,0.1480980018402368,179,1.0,1399.0,0.41982591535966046,0.34114167131561884
2025,0,legacy_on_minute,3,slow_conflict_half,1.0,0.07907627033229582,0.07610536990602133,0.15609250811687295,0.14439500347748535,165,0.8287691199670759,1164.5,0.3494350447268644,0.3485824302621262
2025,0,legacy_on_minute,3,constant_075,0.75,0.06576902320836327,0.06369662610121876,0.12304294053460345,0.11325528629182625,179,0.75,1049.25,0.31484582030559094,0.34126898310526826
2025,0,legacy_on_minute,3,constant_050,0.5,0.04339535352912972,0.042480158394332265,0.08380462686328438,0.07699654886975768,179,0.5,699.5,0.20988147254354092,0.341396270010438
2025,0,legacy_on_minute,3,matched_constant,0.8287691199670759,0.07291385249647679,0.07037817384245455,0.1350554398551297,0.12438355420119951,179,0.8287691199670757,1159.4479988339392,0.3479208797292196,0.3412288728402061
2025,0,legacy_on_minute,5,baseline,1.0,-0.17726950320743992,-0.19512659634082616,0.2913048973528295,0.2842491147410152,238,1.0,1399.0,0.6998498582165722,-0.7681859720893918
2025,0,legacy_on_minute,5,slow_conflict_half,1.0,-0.14524967778112596,-0.15694587348839084,0.26823373181742827,0.26084048384496333,238,0.8287691199670759,1164.5,0.5824862881212767,-0.7057447295930134
2025,0,legacy_on_minute,5,constant_075,0.75,-0.1360836362038445,-0.14627931602547334,0.22756428454093494,0.22180371692816345,238,0.75,1049.25,0.5248217624322833,-0.7678463987341312
2025,0,legacy_on_minute,5,constant_050,0.5,-0.09287571034157528,-0.09747580445326241,0.15811376543658645,0.15393333281892083,238,0.5,699.5,0.34983743539113554,-0.7675069342039756
2025,0,legacy_on_minute,5,matched_constant,0.8287691199670759,-0.1492740382839866,-0.16166522140317743,0.24824063547232444,0.2420430078140528,238,0.8287691199670757,1159.4479988339392,0.5799642749748517,-0.7679533785663487
2025,0,delay_1m,0,baseline,1.0,0.39589712598645993,0.3335373096380163,0.12843613651847158,0.0975544498553351,64,1.0,1399.0,0.0,1.3892095614803088
2025,0,delay_1m,0,slow_conflict_half,1.0,0.3242406476834871,0.2808391990679189,0.1415258075749503,0.11504150136943911,73,0.8287605459908087,1164.5,0.0,1.326056753636188
2025,0,delay_1m,0,constant_075,0.75,0.28422186478360334,0.25015298222851223,0.09796287620274961,0.07409643583876954,64,0.75,1049.25,0.0,1.3892095614803093
2025,0,delay_1m,0,constant_050,0.5,0.18148090377562173,0.16676865481900816,0.06642415226103433,0.05002865825085812,64,0.5,699.5,0.0,1.3892095614803088
2025,0,delay_1m,0,matched_constant,0.8287605459908087,0.3184048552421725,0.27642256284390787,0.10767647016083863,0.08155175187842742,64,0.828760545990809,1159.4360038411414,0.0,1.3892095614803093
2025,0,delay_1m,1,baseline,1.0,0.2136390466562048,0.19362332277340336,0.1372817830236534,0.1074083393781886,104,1.0,1399.0,0.13991398686461298,0.7983736024691492
2025,0,delay_1m,1,slow_conflict_half,1.0,0.178661829023374,0.16437975176349176,0.15012620990715053,0.1282473372675771,150,0.8287605459908087,1164.5,0.11645944730442731,0.7690670127701411
2025,0,delay_1m,1,constant_075,0.75,0.1562940597860597,0.14522011487940834,0.1048376462949674,0.08168903798131766,104,0.75,1049.25,0.10493286734910412,0.7983882237764208
2025,0,delay_1m,1,constant_050,0.5,0.10165672273816237,0.09681515833594886,0.07117350541085328,0.05522887323395481,104,0.5,699.5,0.06995349648305915,0.7984028441163127
2025,0,delay_1m,1,matched_constant,0.8287605459908087,0.1740617945041093,0.16046935588449313,0.11518842723796051,0.0898706459914626,104,0.828760545990809,1159.4360038411414,0.11595320695941475,0.7983836175522253
2025,0,delay_1m,3,baseline,1.0,-0.08267055351409401,-0.08628860572164387,0.2425431924588906,0.2286384904356771,209,1.0,1399.0,0.41982591535966046,-0.3486329976756224
2025,0,delay_1m,3,slow_conflict_half,1.0,-0.06629603565702111,-0.06859584565894536,0.22622326211861762,0.21175469870649893,213,0.8287605459908087,1164.5,0.3494350447268644,-0.3150206934861464
2025,0,delay_1m,3,constant_075,0.75,-0.06264466096868224,-0.06469283807707868,0.18805844212391873,0.17690520851593766,209,0.75,1049.25,0.31484582030559094,-0.3485065769477265
2025,0,delay_1m,3,constant_050,0.5,-0.04219667322045891,-0.04311281772453268,0.12966304677807947,0.12171090916026941,209,0.5,699.5,0.20988147254354092,-0.34838018092310113
2025,0,delay_1m,3,matched_constant,0.8287605459908087,-0.06899880356439735,-0.07149471659783703,0.2056326539253443,0.19356628143862226,209,0.828760545990809,1159.4360038411414,0.34791727944174494,-0.34854640214418736
2025,0,delay_1m,5,baseline,1.0,-0.3067139182355455,-0.36631254857855605,0.3828598503515363,0.3623905058760955,238,1.0,1399.0,0.6998498582165722,-1.4499184239182168
2025,0,delay_1m,5,slow_conflict_half,1.0,-0.2604009685678329,-0.3016470890533575,0.33139840849935065,0.3216170505159233,242,0.8287605459908087,1164.5,0.5824862881212767,-1.359426706693419
2025,0,delay_1m,5,constant_075,0.75,-0.24017624978153526,-0.27466878020377083,0.3036797794042983,0.2864289922498995,238,0.75,1049.25,0.5248217624322833,-1.4495813979779806
2025,0,delay_1m,5,constant_050,0.5,-0.16728912056333917,-0.1830687805721274,0.21436630104585946,0.20144370733585193,238,0.5,699.5,0.34983743539113554,-1.4492444799948998
2025,0,delay_1m,5,matched_constant,0.8287605459908087,-0.26179647233710673,-0.3035357096616867,0.32966116805162266,0.311286348843914,238,0.828760545990809,1159.4360038411414,0.5799582725055945,-1.4496875637153914
2025,0,delay_1m_observed,0,baseline,1.0,0.39589712598645993,0.3335373096380163,0.12843613651847158,0.0975544498553351,64,1.0,1399.0,0.0,1.3892095614803088
2025,0,delay_1m_observed,0,slow_conflict_half,1.0,0.3242406476834871,0.2808391990679189,0.1415258075749503,0.11504150136943911,73,0.8287605459908087,1164.5,0.0,1.326056753636188
2025,0,delay_1m_observed,0,constant_075,0.75,0.28422186478360334,0.25015298222851223,0.09796287620274961,0.07409643583876954,64,0.75,1049.25,0.0,1.3892095614803093
2025,0,delay_1m_observed,0,constant_050,0.5,0.18148090377562173,0.16676865481900816,0.06642415226103433,0.05002865825085812,64,0.5,699.5,0.0,1.3892095614803088
2025,0,delay_1m_observed,0,matched_constant,0.8287605459908087,0.3184048552421725,0.27642256284390787,0.10767647016083863,0.08155175187842742,64,0.828760545990809,1159.4360038411414,0.0,1.3892095614803093
2025,0,delay_1m_observed,1,baseline,1.0,0.2136390466562048,0.19362332277340336,0.1372817830236534,0.1074083393781886,104,1.0,1399.0,0.13991398686461298,0.7983736024691492
2025,0,delay_1m_observed,1,slow_conflict_half,1.0,0.178661829023374,0.16437975176349176,0.15012620990715053,0.1282473372675771,150,0.8287605459908087,1164.5,0.11645944730442731,0.7690670127701411
2025,0,delay_1m_observed,1,constant_075,0.75,0.1562940597860597,0.14522011487940834,0.1048376462949674,0.08168903798131766,104,0.75,1049.25,0.10493286734910412,0.7983882237764208
2025,0,delay_1m_observed,1,constant_050,0.5,0.10165672273816237,0.09681515833594886,0.07117350541085328,0.05522887323395481,104,0.5,699.5,0.06995349648305915,0.7984028441163127
2025,0,delay_1m_observed,1,matched_constant,0.8287605459908087,0.1740617945041093,0.16046935588449313,0.11518842723796051,0.0898706459914626,104,0.828760545990809,1159.4360038411414,0.11595320695941475,0.7983836175522253
2025,0,delay_1m_observed,3,baseline,1.0,-0.08267055351409401,-0.08628860572164387,0.2425431924588906,0.2286384904356771,209,1.0,1399.0,0.41982591535966046,-0.3486329976756224
2025,0,delay_1m_observed,3,slow_conflict_half,1.0,-0.06629603565702111,-0.06859584565894536,0.22622326211861762,0.21175469870649893,213,0.8287605459908087,1164.5,0.3494350447268644,-0.3150206934861464
2025,0,delay_1m_observed,3,constant_075,0.75,-0.06264466096868224,-0.06469283807707868,0.18805844212391873,0.17690520851593766,209,0.75,1049.25,0.31484582030559094,-0.3485065769477265
2025,0,delay_1m_observed,3,constant_050,0.5,-0.04219667322045891,-0.04311281772453268,0.12966304677807947,0.12171090916026941,209,0.5,699.5,0.20988147254354092,-0.34838018092310113
2025,0,delay_1m_observed,3,matched_constant,0.8287605459908087,-0.06899880356439735,-0.07149471659783703,0.2056326539253443,0.19356628143862226,209,0.828760545990809,1159.4360038411414,0.34791727944174494,-0.34854640214418736
2025,0,delay_1m_observed,5,baseline,1.0,-0.3067139182355455,-0.36631254857855605,0.3828598503515363,0.3623905058760955,238,1.0,1399.0,0.6998498582165722,-1.4499184239182168
2025,0,delay_1m_observed,5,slow_conflict_half,1.0,-0.2604009685678329,-0.3016470890533575,0.33139840849935065,0.3216170505159233,242,0.8287605459908087,1164.5,0.5824862881212767,-1.359426706693419
2025,0,delay_1m_observed,5,constant_075,0.75,-0.24017624978153526,-0.27466878020377083,0.3036797794042983,0.2864289922498995,238,0.75,1049.25,0.5248217624322833,-1.4495813979779806
2025,0,delay_1m_observed,5,constant_050,0.5,-0.16728912056333917,-0.1830687805721274,0.21436630104585946,0.20144370733585193,238,0.5,699.5,0.34983743539113554,-1.4492444799948998
2025,0,delay_1m_observed,5,matched_constant,0.8287605459908087,-0.26179647233710673,-0.3035357096616867,0.32966116805162266,0.311286348843914,238,0.828760545990809,1159.4360038411414,0.5799582725055945,-1.4496875637153914
2025,0,literal_publication,0,baseline,1.0,-0.11457295296123672,-0.12168521133187404,0.29295102957794567,0.29210050168754703,221,1.0,255.0,0.0,-0.4250789955039486
2025,0,literal_publication,0,slow_conflict_half,1.0,-0.08117581223006658,-0.08466048312195795,0.20657625827699624,0.20562182789173306,221,0.8230759997256327,214.0,0.0,-0.3809479615924014
2025,0,literal_publication,0,constant_075,0.75,-0.08722321044229868,-0.09126390849890553,0.22894187009353553,0.22824632999246355,221,0.75,191.25,0.0,-0.4250789955039486
2025,0,literal_publication,0,constant_050,0.5,-0.05902866832258737,-0.06084260566593702,0.1591379599351304,0.15863236435405184,221,0.5,127.5,0.0,-0.4250789955039486
2025,0,literal_publication,0,matched_constant,0.8230759997256327,-0.09530388569477113,-0.1001561769688071,0.24822913261022292,0.24748488354121798,221,0.8230759997256331,209.88437993003635,0.0,-0.4250789955039489
2025,0,literal_publication,1,baseline,1.0,-0.1368680965711975,-0.1471877566709249,0.3054131927045225,0.30431262063492626,221,1.0,255.0,0.025502545339050834,-0.5145028888198093
2025,0,literal_publication,1,slow_conflict_half,1.0,-0.1006312681423695,-0.10606217080731488,0.2178423497285785,0.21690147162243062,221,0.8230759997256327,214.0,0.0214016876853569,-0.4776574620175151
2025,0,literal_publication,1,constant_075,0.75,-0.10451547654476734,-0.11039034020443719,0.23915701167636752,0.23825303016462845,221,0.75,191.25,0.01912643170553171,-0.5145006561021837
2025,0,literal_publication,1,constant_050,0.5,-0.0709504846433973,-0.07359324195831524,0.16658088238769728,0.1659208762147155,221,0.5,127.5,0.012750636292378176,-0.5144984235333352
2025,0,literal_publication,1,matched_constant,0.8230759997256327,-0.11409569248451053,-0.12114633927154705,0.2591521612880628,0.25818611456956553,221,0.8230759997256331,209.88437993003635,0.02099016230273995,-0.5145013087190853
2025,0,literal_publication,3,baseline,1.0,-0.1798008689725805,-0.19820812548899264,0.3297150632466009,0.3281154898788699,221,1.0,255.0,0.07652291415711879,-0.6936974757193858
2025,0,literal_publication,3,slow_conflict_half,1.0,-0.13832376440306388,-0.14887567562786694,0.24526802851409385,0.24262964060578507,221,0.8230759997256327,214.0,0.0642151925059091,-0.6715616562240228
2025,0,literal_publication,3,constant_075,0.75,-0.13813083141752397,-0.14865179642413034,0.25920865411988886,0.25788322654186685,221,0.75,191.25,0.05738788792522494,-0.693677330452683
2025,0,literal_publication,3,constant_050,0.5,-0.09434635204994687,-0.09909833306031939,0.18128740758410666,0.18031117236134248,221,0.5,127.5,0.03825572739438236,-0.6936571892164879
2025,0,literal_publication,3,matched_constant,0.8230759997256327,-0.15052520876733771,-0.16313701313957713,0.2805521071553149,0.27913930692572636,221,0.8230759997256331,209.88437993003635,0.06298083617077001,-0.6936832185777589
2025,0,literal_publication,5,baseline,1.0,-0.2206140233539311,-0.24924887873866525,0.35317589348614703,0.3511129899183181,221,1.0,255.0,0.12756366740679104,-0.8733051023796427
2025,0,literal_publication,5,slow_conflict_half,1.0,-0.17444772618373078,-0.19170269380335941,0.27364510924046526,0.27110592177614207,221,0.8230759997256327,214.0,0.1070422106814015,-0.8660595412652392
2025,0,literal_publication,5,constant_075,0.75,-0.17049381696423313,-0.18692471544841543,0.27873762793506973,0.2770132194593646,221,0.75,191.25,0.09566080694951,-0.8732490207738172
2025,0,literal_publication,5,constant_050,0.5,-0.11715754743602778,-0.12460851721479811,0.19573728613400576,0.1944559989338919,221,0.5,127.5,0.06376591154886116,-0.8731929578795621
2025,0,literal_publication,5,matched_constant,0.8230759997256327,-0.18546794281061008,-0.2051414935937498,0.30134064614856854,0.2995072700653056,221,0.8230759997256331,209.88437993003635,0.10498531662494265,-0.8732654117156355
2025,1,legacy_on_minute,0,baseline,1.0,0.1428099644230051,0.13349011064256278,0.17279156559785325,0.15860201839080473,105,1.0,1391.0,0.0,0.5270483675198243
2025,1,legacy_on_minute,0,slow_conflict_half,1.0,0.14551842642374221,0.13585730870411572,0.1562358196582665,0.14508841108298523,76,0.8283629441624365,1160.5,0.0,0.6052251336129445
2025,1,legacy_on_minute,0,constant_075,0.75,0.10530087500794061,0.10011758298192208,0.1326163821111392,0.12148111964838126,105,0.75,1043.25,0.0,0.5270483675198244
2025,1,legacy_on_minute,0,constant_050,0.5,0.06902290172989516,0.06674505532128139,0.09049000313237526,0.08272251656917073,105,0.5,695.5,0.0,0.5270483675198243
2025,1,legacy_on_minute,0,matched_constant,0.8283629441624365,0.11692375727835663,0.11057826106844267,0.14541497040319945,0.133289628743817,105,0.8283629441624363,1152.2528553299492,0.0,0.527048367519824
2025,1,legacy_on_minute,1,baseline,1.0,-0.005608012271882824,-0.005623796211381885,0.1865739493639353,0.17270355665025788,133,1.0,1391.0,0.13911390685394473,-0.021971163243659404
2025,1,legacy_on_minute,1,slow_conflict_half,1.0,0.01999521020736681,0.019797931410023478,0.1684247513790749,0.15812258148756417,77,0.8283629441624365,1160.5,0.11605937729409238,0.08736743214496102
2025,1,legacy_on_minute,1,constant_075,0.75,-0.004206367710994904,-0.004215239362681304,0.14347766055348996,0.13254689643607417,133,0.75,1043.25,0.10433282234460362,-0.02195758478305513
2025,1,legacy_on_minute,1,constant_050,0.5,-0.0028044812349236996,-0.002808421160444479,0.09809826807411344,0.09044123857416096,133,0.5,695.5,0.06955347648172572,-0.021944007220448286
2025,1,legacy_on_minute,1,matched_constant,0.8283629441624365,-0.004645741924284655,-0.004656566923077313,0.15722640172306063,0.14533945019138925,133,0.8283629441624363,1152.2528553299492,0.11523482799151996,-0.021961840879027437
2025,1,legacy_on_minute,3,baseline,1.0,-0.2471844874310832,-0.28393508442896775,0.28018979802544236,0.2691826508531795,192,1.0,1391.0,0.41742519507153075,-1.0860262248851589
2025,1,legacy_on_minute,3,slow_conflict_half,1.0,-0.19134031015364206,-0.21237710574361984,0.21873906880398927,0.20770354087387125,242,0.8283629441624365,1160.5,0.34823441444773573,-0.9195038312865961
2025,1,legacy_on_minute,3,constant_075,0.75,-0.1917855378301854,-0.2129278322021278,0.21851318793934915,0.20956751449141478,192,0.75,1043.25,0.3130454151840499,-1.085909068141714
2025,1,legacy_on_minute,3,constant_050,0.5,-0.1323234197777245,-0.14193623718625137,0.15156246912203403,0.1451000685755886,192,0.5,695.5,0.2086812925075328,-1.08579193426577
2025,1,legacy_on_minute,3,matched_constant,0.8283629441624365,-0.2095742041509008,-0.2351834966322772,0.2383931099314189,0.22875835416397083,192,0.8283629441624363,1152.2528553299492,0.3457617577007198,-1.0859457886701964
2025,1,legacy_on_minute,5,baseline,1.0,-0.430136115754317,-0.5623577462396755,0.4486109592741281,0.43877036798554525,242,1.0,1391.0,0.695847856882238,-2.105661832879166
2025,1,legacy_on_minute,5,slow_conflict_half,1.0,-0.35893679817079743,-0.44462722812450106,0.38017990615950675,0.3717201447504701,242,0.8283629441624365,1160.5,0.5804845368286169,-1.8883202496480438
2025,1,legacy_on_minute,5,constant_075,0.75,-0.34407121401956564,-0.42170305388754437,0.36008559482183117,0.3515391754006463,242,0.75,1043.25,0.5218206368694667,-2.1053500670632923
2025,1,legacy_on_minute,5,constant_050,0.5,-0.245041033263267,-0.28109187990312495,0.2573797667782386,0.2507823104202192,242,0.5,695.5,0.3478369352244064,-2.1050384009525978
2025,1,legacy_on_minute,5,matched_constant,0.8283629441624365,-0.3723589381648559,-0.4657868335025914,0.3892619927989186,0.38024673538753795,242,0.8283629441624363,1152.2528553299492,0.5763650945710341,-2.105447779881354
2025,1,delay_1m,0,baseline,1.0,0.21984593625972654,0.1987245690166306,0.16012925214149235,0.14518595211473015,105,1.0,1391.0,0.0,0.7891714377904754
2025,1,delay_1m,0,slow_conflict_half,1.0,0.20817092160373318,0.18910758089747892,0.1452034341127463,0.1335773806631605,40,0.8283543695980244,1160.5,0.0,0.8507147362147465
2025,1,delay_1m,0,constant_075,0.75,0.1607233945737597,0.14904342676247295,0.12267735053084979,0.11099595299284265,105,0.75,1043.25,0.0,0.7891714377904753
2025,1,delay_1m,0,constant_050,0.5,0.10446635813850234,0.0993622845083153,0.08355537654558327,0.07543845641013715,105,0.5,695.5,0.0,0.7891714377904754
2025,1,delay_1m,0,matched_constant,0.8283543695980244,0.17893839123889377,0.1646143650914101,0.13459169984064084,0.12185631173178361,105,0.8283543695980244,1152.240928110852,0.0,0.7891714377904753
2025,1,delay_1m,1,baseline,1.0,0.06142321386899298,0.05961066216268593,0.17395739823345968,0.1595123389904369,133,1.0,1391.0,0.13911390685394473,0.23424520080027486
2025,1,delay_1m,1,slow_conflict_half,1.0,0.07578239225265292,0.07304820360338671,0.15742535235839025,0.14622171557961147,104,0.8283543695980244,1160.5,0.11605937729409238,0.3254852539490082
2025,1,delay_1m,1,constant_075,0.75,0.045725187865362504,0.04471060441786958,0.13353311435686696,0.12219380037843268,133,0.75,1043.25,0.10433282234460362,0.23425892594554998
2025,1,delay_1m,1,constant_050,0.5,0.030257538150268697,0.029808808026589438,0.09113076434542529,0.08321847244714148,133,0.5,695.5,0.06955347648172572,0.23427265018309495
2025,1,delay_1m,1,matched_constant,0.8283543695980244,0.050620277281688636,0.04938073001936186,0.14641118449639293,0.1340649643851881,133,0.8283543695980244,1152.240928110852,0.11523363507204826,0.23425462434279673
2025,1,delay_1m,3,baseline,1.0,-0.19643775225207494,-0.21870062605489993,0.25588174666358343,0.24858389506953615,192,1.0,1391.0,0.41742519507153075,-0.8413949764654753
2025,1,delay_1m,3,slow_conflict_half,1.0,-0.14711182272675327,-0.1591268335502567,0.19772166070594807,0.1763693601570026,213,0.8283543695980244,1160.5,0.34823441444773573,-0.6954770500920567
2025,1,delay_1m,3,constant_075,0.75,-0.15125966577506492,-0.16400198842157693,0.19880827424147918,0.19292230205580152,192,0.75,1043.25,0.3130454151840499,-0.8412765348493415
2025,1,delay_1m,3,constant_050,0.5,-0.10355560105455937,-0.10931900799921744,0.13736390211575344,0.13314416149591007,192,0.5,695.5,0.2086812925075328,-0.8411581163535078
2025,1,delay_1m,3,matched_constant,0.8283543695980244,-0.1656846350483422,-0.1811438126649333,0.21715129615929762,0.21079679610124122,192,0.8283543695980244,1152.240928110852,0.3457581777563434,-0.8413136540340527
2025,1,delay_1m,5,baseline,1.0,-0.3917220141064723,-0.49712328786560767,0.41005901203794,0.3995303875675022,242,1.0,1391.0,0.695847856882238,-1.8722712460284785
2025,1,delay_1m,5,slow_conflict_half,1.0,-0.3238747614228905,-0.3913769559311378,0.3448880712182419,0.33618961672110437,242,0.8283543695980244,1160.5,0.580484536828617,-1.677528333735233
2025,1,delay_1m,5,constant_075,0.75,-0.311181322410167,-0.3727772101069935,0.32681455474238913,0.31782378173141607,242,0.75,1043.25,0.5218206368694667,-1.8719560228645291
2025,1,delay_1m,5,constant_050,0.5,-0.2200103672368235,-0.248474650716091,0.23185713954665751,0.22503293954259973,242,0.5,695.5,0.3478369352244064,-1.8716409005225967
2025,1,delay_1m,5,matched_constant,0.8283543695980244,-0.33750665133807956,-0.41174476092775025,0.35409338604225155,0.34455909539345475,242,0.8283543695980244,1152.240928110852,0.5763591260191602,-1.8720548084633264
2025,1,delay_1m_observed,0,baseline,1.0,0.21984593625972654,0.1987245690166306,0.16012925214149235,0.14518595211473015,105,1.0,1391.0,0.0,0.7891714377904754
2025,1,delay_1m_observed,0,slow_conflict_half,1.0,0.20817092160373318,0.18910758089747892,0.1452034341127463,0.1335773806631605,40,0.8283543695980244,1160.5,0.0,0.8507147362147465
2025,1,delay_1m_observed,0,constant_075,0.75,0.1607233945737597,0.14904342676247295,0.12267735053084979,0.11099595299284265,105,0.75,1043.25,0.0,0.7891714377904753
2025,1,delay_1m_observed,0,constant_050,0.5,0.10446635813850234,0.0993622845083153,0.08355537654558327,0.07543845641013715,105,0.5,695.5,0.0,0.7891714377904754
2025,1,delay_1m_observed,0,matched_constant,0.8283543695980244,0.17893839123889377,0.1646143650914101,0.13459169984064084,0.12185631173178361,105,0.8283543695980244,1152.240928110852,0.0,0.7891714377904753
2025,1,delay_1m_observed,1,baseline,1.0,0.06142321386899298,0.05961066216268593,0.17395739823345968,0.1595123389904369,133,1.0,1391.0,0.13911390685394473,0.23424520080027486
2025,1,delay_1m_observed,1,slow_conflict_half,1.0,0.07578239225265292,0.07304820360338671,0.15742535235839025,0.14622171557961147,104,0.8283543695980244,1160.5,0.11605937729409238,0.3254852539490082
2025,1,delay_1m_observed,1,constant_075,0.75,0.045725187865362504,0.04471060441786958,0.13353311435686696,0.12219380037843268,133,0.75,1043.25,0.10433282234460362,0.23425892594554998
2025,1,delay_1m_observed,1,constant_050,0.5,0.030257538150268697,0.029808808026589438,0.09113076434542529,0.08321847244714148,133,0.5,695.5,0.06955347648172572,0.23427265018309495
2025,1,delay_1m_observed,1,matched_constant,0.8283543695980244,0.050620277281688636,0.04938073001936186,0.14641118449639293,0.1340649643851881,133,0.8283543695980244,1152.240928110852,0.11523363507204826,0.23425462434279673
2025,1,delay_1m_observed,3,baseline,1.0,-0.19643775225207494,-0.21870062605489993,0.25588174666358343,0.24858389506953615,192,1.0,1391.0,0.41742519507153075,-0.8413949764654753
2025,1,delay_1m_observed,3,slow_conflict_half,1.0,-0.14711182272675327,-0.1591268335502567,0.19772166070594807,0.1763693601570026,213,0.8283543695980244,1160.5,0.34823441444773573,-0.6954770500920567
2025,1,delay_1m_observed,3,constant_075,0.75,-0.15125966577506492,-0.16400198842157693,0.19880827424147918,0.19292230205580152,192,0.75,1043.25,0.3130454151840499,-0.8412765348493415
2025,1,delay_1m_observed,3,constant_050,0.5,-0.10355560105455937,-0.10931900799921744,0.13736390211575344,0.13314416149591007,192,0.5,695.5,0.2086812925075328,-0.8411581163535078
2025,1,delay_1m_observed,3,matched_constant,0.8283543695980244,-0.1656846350483422,-0.1811438126649333,0.21715129615929762,0.21079679610124122,192,0.8283543695980244,1152.240928110852,0.3457581777563434,-0.8413136540340527
2025,1,delay_1m_observed,5,baseline,1.0,-0.3917220141064723,-0.49712328786560767,0.41005901203794,0.3995303875675022,242,1.0,1391.0,0.695847856882238,-1.8722712460284785
2025,1,delay_1m_observed,5,slow_conflict_half,1.0,-0.3238747614228905,-0.3913769559311378,0.3448880712182419,0.33618961672110437,242,0.8283543695980244,1160.5,0.580484536828617,-1.677528333735233
2025,1,delay_1m_observed,5,constant_075,0.75,-0.311181322410167,-0.3727772101069935,0.32681455474238913,0.31782378173141607,242,0.75,1043.25,0.5218206368694667,-1.8719560228645291
2025,1,delay_1m_observed,5,constant_050,0.5,-0.2200103672368235,-0.248474650716091,0.23185713954665751,0.22503293954259973,242,0.5,695.5,0.3478369352244064,-1.8716409005225967
2025,1,delay_1m_observed,5,matched_constant,0.8283543695980244,-0.33750665133807956,-0.41174476092775025,0.35409338604225155,0.34455909539345475,242,0.8283543695980244,1152.240928110852,0.5763591260191602,-1.8720548084633264
2025,1,literal_publication,0,baseline,1.0,-0.12533654467513836,-0.13391608909659514,0.2544085175173065,0.24390506731747486,97,1.0,237.0,0.0,-0.49337607154497265
2025,1,literal_publication,0,slow_conflict_half,1.0,-0.07056249033857731,-0.07317570413832097,0.1820799641307487,0.17431059510624758,99,0.8189051996158595,199.0,0.0,-0.34501065151478055
2025,1,literal_publication,0,constant_075,0.75,-0.09555796996738868,-0.10043706682244635,0.19762811336015576,0.18916545055845202,97,0.75,177.75,0.0,-0.4933760715449727
2025,1,literal_publication,0,constant_050,0.5,-0.06476556130301658,-0.06695804454829757,0.13652360629679428,0.13046280546343209,97,0.5,118.5,0.0,-0.49337607154497265
2025,1,literal_publication,0,matched_constant,0.8189051996158595,-0.10386533511817186,-0.10966458167342247,0.2136962348858173,0.2046367448989485,97,0.8189051996158593,194.0805323089587,0.0,-0.49337607154497276
2025,1,literal_publication,1,baseline,1.0,-0.14582437325572273,-0.15761845441164243,0.2591655400124029,0.25165364257289075,97,1.0,237.0,0.023702365315047234,-0.5809648070871803
2025,1,literal_publication,1,slow_conflict_half,1.0,-0.0888768814938831,-0.09307724430467514,0.18924663262150904,0.18162718477920922,99,0.8189051996158595,199.0,0.01990154016635414,-0.43915976601943985
2025,1,literal_publication,1,constant_075,0.75,-0.11149357246150517,-0.11821339726785188,0.20147055736288275,0.19540548004728667,97,0.75,177.75,0.017776330445405567,-0.5809626207236374
2025,1,literal_publication,1,constant_050,0.5,-0.07578323050845501,-0.07880863583767556,0.13928245219347138,0.13492963232390887,97,0.5,118.5,0.011850591289377953,-0.5809604345057593
2025,1,literal_publication,1,matched_constant,0.8189051996158595,-0.12109127041276471,-0.1290742210598676,0.21780680311854744,0.21131774275391202,97,0.8189051996158593,194.0805323089587,0.01940963938644519,-0.5809632233163609
2025,1,literal_publication,3,baseline,1.0,-0.18538313665856188,-0.205037382605422,0.2728830420428076,0.2669178920290659,97,1.0,237.0,0.07112129350882705,-0.7563609586447368
2025,1,literal_publication,3,slow_conflict_half,1.0,-0.12443822374421849,-0.13288956863100687,0.20339537496798965,0.19606973109560705,99,0.8189051996158595,199.0,0.05971386449268599,-0.6278510217064462
2025,1,literal_publication,3,constant_075,0.75,-0.14253425068040687,-0.15377404322420385,0.21258448487748652,0.20774458413744482,97,0.75,177.75,0.053336976401757635,-0.7563412492259586
2025,1,literal_publication,3,constant_050,0.5,-0.09743391480370825,-0.10251336686166171,0.14728647077969667,0.14379588219579145,97,0.5,118.5,0.03555532231336413,-0.7563215437486025
2025,1,literal_publication,3,matched_constant,0.8189051996158595,-0.15456417882467427,-0.1679030198813352,0.2296862975776589,0.22451504974461828,97,0.8189051996158593,194.0805323089587,0.05823843820791274,-0.7563466811581832
2025,1,literal_publication,5,baseline,1.0,-0.22312456245142584,-0.25247525350113453,0.28805096515336104,0.28482971106766614,162,1.0,237.0,0.11855916440453924,-0.9319925708632444
2025,1,literal_publication,5,slow_conflict_half,1.0,-0.15862197465552408,-0.17271422494300043,0.21809866129432365,0.2145609040130618,162,0.8189051996158595,199.0,0.09953852080467945,-0.8170083930235134
2025,1,literal_publication,5,constant_075,0.75,-0.17249931278140376,-0.18934534125561892,0.22493190716287378,0.22230324374695662,162,0.75,177.75,0.08890827443317266,-0.9319377542161826
2025,1,literal_publication,5,constant_050,0.5,-0.11858158220341523,-0.126222830722018,0.15622104086223268,0.1543143056852487,162,0.5,118.5,0.05926478617372047,-0.9318829558435335
2025,1,literal_publication,5,matched_constant,0.8189051996158595,-0.18677261242662913,-0.20674451902800528,0.24286703323794392,0.24006284992833665,162,0.8189051996158593,194.0805323089587,0.09707993735458291,-0.9319528609994987
2025,2,legacy_on_minute,0,baseline,1.0,0.2327382107241315,0.20923788268081545,0.15675242505088563,0.13608721338040597,45,1.0,1405.0,0.0,0.8723430026686917
2025,2,legacy_on_minute,0,slow_conflict_half,1.0,0.20425078510791103,0.185857618475592,0.15953324097013036,0.1398421501891463,76,0.8285888223895186,1170.0,0.0,0.8623916703781239
2025,2,legacy_on_minute,0,constant_075,0.75,0.1699118592652699,0.15692841201061158,0.1200331218308021,0.10390835826402903,45,0.75,1053.75,0.0,0.8723430026686914
2025,2,legacy_on_minute,0,constant_050,0.5,0.11028744508984317,0.10461894134040772,0.08171487273880212,0.07053091142330395,45,0.5,702.5,0.0,0.8723430026686917
2025,2,legacy_on_minute,0,matched_constant,0.8285888223895186,0.18930864869087133,0.17337217080977316,0.13174513735108426,0.11415105785878614,45,0.8285888223895181,1164.1672954572737,0.0,0.8723430026686917
2025,2,legacy_on_minute,1,baseline,1.0,0.071140357687253,0.0687238358082013,0.1649767089220595,0.14280018978990172,179,1.0,1405.0,0.1405140468726142,0.28352712274769876
2025,2,legacy_on_minute,1,slow_conflict_half,1.0,0.0712734756102807,0.0688481049117051,0.1673140353061323,0.148146076285075,151,0.8285888223895186,1170.0,0.1170095135638871,0.31656285603932205
2025,2,legacy_on_minute,1,constant_075,0.75,0.05289710350509752,0.051545510908132336,0.12647764908470985,0.1091355818821765,179,0.75,1053.75,0.1053829011024795,0.28354168676905345
2025,2,legacy_on_minute,1,constant_050,0.5,0.03496274391943652,0.034365429856348356,0.08620368772833184,0.0741489619895851,179,0.5,702.5,0.07025351148405923,0.28355624982717864
2025,2,legacy_on_minute,1,matched_constant,0.8285888223895186,0.058598430128859395,0.056945797471502024,0.13876754655354442,0.1198583033048517,179,0.8285888223895181,1164.1672954572737,0.11642637333827116,0.2835371085957128
2025,2,legacy_on_minute,3,baseline,1.0,-0.19134958312350622,-0.21238857289494195,0.28673067476567815,0.27788714613894644,238,1.0,1405.0,0.4216264555757576,-0.8578862584278685
2025,2,legacy_on_minute,3,slow_conflict_half,1.0,-0.1522996129307578,-0.1652280227567664,0.2389713842230445,0.22478557658979184,238,0.8285888223895186,1170.0,0.35108564123235847,-0.7458471970464406
2025,2,legacy_on_minute,3,constant_075,0.75,-0.1472319679439371,-0.1592677121361351,0.22384759019109174,0.21664135263347542,238,0.75,1053.75,0.3161961241467467,-0.8577605747606172
2025,2,legacy_on_minute,3,constant_050,0.5,-0.10072164604199382,-0.1061626662301392,0.1554295040841742,0.15020993293002446,238,0.5,702.5,0.21078160757054698,-0.8576349156261537
2025,2,legacy_on_minute,3,matched_constant,0.8285888223895186,-0.1613525229075923,-0.17596483114207911,0.24418985272131893,0.2364333988044141,238,0.8285888223895181,1164.1672954572737,0.34933700195185224,-0.8578000814419949
2025,2,legacy_on_minute,5,baseline,1.0,-0.3895833221331874,-0.49361347653650756,0.4239693463669584,0.4121865085939488,238,1.0,1405.0,0.7028513592173227,-1.9517602089006942
2025,2,legacy_on_minute,5,slow_conflict_half,1.0,-0.3292644460571559,-0.3993803270788958,0.3589050987862566,0.348183247783062,238,0.8285888223895186,1170.0,0.585237945554488,-1.769500250755132
2025,2,legacy_on_minute,5,constant_075,0.75,-0.3093652623383073,-0.3701441945937839,0.3387551816658036,0.32863651407108213,238,0.75,1053.75,0.5270726066043957,-1.9514257547656648
2025,2,legacy_on_minute,5,constant_050,0.5,-0.21863967287017444,-0.24671886917577474,0.24096773271201316,0.23324401404688258,238,0.5,702.5,0.35133781051618246,-1.9510914075791885
2025,2,legacy_on_minute,5,matched_constant,0.8285888223895186,-0.3356543304713511,-0.40895267832438664,0.36681710619996144,0.3561040067103901,238,0.8285888223895181,1164.1672954572737,0.5823248491341598,-1.9515308806637424
2025,2,delay_1m,0,baseline,1.0,0.13662379186452564,0.12806228214862792,0.14476178345600058,0.12527023450180205,112,1.0,1405.0,0.0,0.5417060133764803
2025,2,delay_1m,0,slow_conflict_half,1.0,0.13381439123202163,0.12558751574691707,0.14085530288623763,0.12294301899710668,150,0.8285888223895186,1170.0,0.0,0.5995716400071861
2025,2,delay_1m,0,constant_075,0.75,0.1008104834246322,0.09604671161147094,0.11066512291004658,0.09550654463994315,112,0.75,1053.75,0.0,0.5417060133764804
2025,2,delay_1m,0,constant_050,0.5,0.06612559854105633,0.06403114107431396,0.07520909577137415,0.06473011087804288,112,0.5,702.5,0.0,0.5417060133764803
2025,2,delay_1m,0,matched_constant,0.8285888223895186,0.11194526840633962,0.1061109755580459,0.12152758342696578,0.10497046369274853,112,0.8285888223895181,1164.1672954572737,0.0,0.5417060133764804
2025,2,delay_1m,1,baseline,1.0,-0.012374562269438276,-0.012451764723986222,0.1945718131210783,0.18381117827313037,185,1.0,1405.0,0.1405140468726142,-0.05210124407168873
2025,2,delay_1m,1,slow_conflict_half,1.0,0.008614898667673863,0.008578002183030141,0.15604349996099984,0.13141008856319608,177,0.8285888223895186,1170.0,0.1170095135638871,0.040554866695570714
2025,2,delay_1m,1,constant_075,0.75,-0.009292742588536688,-0.009336189491008333,0.14980096670920995,0.14129549567490987,185,0.75,1053.75,0.1053829011024795,-0.052086562911422635
2025,2,delay_1m,1,constant_050,0.5,-0.006203051553449376,-0.006222370409745409,0.10254214380259051,0.09656620279266426,185,0.5,702.5,0.07025351148405923,-0.05207188272181996
2025,2,delay_1m,1,matched_constant,0.8285888223895186,-0.010262376532905678,-0.010315397780225194,0.1641367194857644,0.15489380093005922,185,0.8285888223895181,1164.1672954572737,0.11642637333827116,-0.05209117790719808
2025,2,delay_1m,3,baseline,1.0,-0.2543986264666232,-0.2935641734271295,0.3297635011340043,0.3226615087428451,238,1.0,1405.0,0.4216264555757577,-1.201742263943026
2025,2,delay_1m,3,slow_conflict_half,1.0,-0.20188144346865747,-0.22549812548544138,0.25971279821830123,0.24725608788973644,238,0.8285888223895186,1170.0,0.35108564123235847,-1.0453190833426687
2025,2,delay_1m,3,constant_075,0.75,-0.19760109944842041,-0.22014941253527576,0.2592393474245916,0.2533601730050144,238,0.75,1053.75,0.3161961241467467,-1.2016157797600977
2025,2,delay_1m,3,constant_050,0.5,-0.1364905749331293,-0.14675046649623297,0.18130305582000641,0.17697696479174577,238,0.5,702.5,0.21078160757054698,-1.2014893202430352
2025,2,delay_1m,3,matched_constant,0.8285888223895186,-0.21590573225857132,-0.2432260263938064,0.2821731256580064,0.2758763724588164,238,0.8285888223895181,1164.1672954572737,0.34933700195185224,-1.2016555380734693
2025,2,delay_1m,5,baseline,1.0,-0.4371764313148329,-0.5747890770686951,0.46629930755909604,0.4562576834692621,238,1.0,1405.0,0.7028513592173227,-2.301716868210527
2025,2,delay_1m,5,slow_conflict_half,1.0,-0.36849563797192597,-0.45965042980757076,0.3950267646165439,0.38611812518691074,242,0.8285888223895186,1170.0,0.585237945554488,-2.0888240260045556
2025,2,delay_1m,5,constant_075,0.75,-0.3501579170992672,-0.43102589499292454,0.37554468069905456,0.36675334451482783,238,0.75,1053.75,0.5270726066043957,-2.301380816642675
2025,2,delay_1m,5,constant_050,0.5,-0.2497183948881695,-0.28730666944186845,0.26938889363240615,0.26254764500944194,238,0.5,702.5,0.35133781051618246,-2.301044872371419
2025,2,delay_1m,5,matched_constant,0.8285888223895186,-0.37886937538732046,-0.476213873576114,0.4056213215893061,0.3963697992888575,238,0.8285888223895181,1164.1672954572737,0.5823248491341598,-2.3014864446646954
2025,2,delay_1m_observed,0,baseline,1.0,0.13662379186452564,0.12806228214862792,0.14476178345600058,0.12527023450180205,112,1.0,1405.0,0.0,0.5417060133764803
2025,2,delay_1m_observed,0,slow_conflict_half,1.0,0.13381439123202163,0.12558751574691707,0.14085530288623763,0.12294301899710668,150,0.8285888223895186,1170.0,0.0,0.5995716400071861
2025,2,delay_1m_observed,0,constant_075,0.75,0.1008104834246322,0.09604671161147094,0.11066512291004658,0.09550654463994315,112,0.75,1053.75,0.0,0.5417060133764804
2025,2,delay_1m_observed,0,constant_050,0.5,0.06612559854105633,0.06403114107431396,0.07520909577137415,0.06473011087804288,112,0.5,702.5,0.0,0.5417060133764803
2025,2,delay_1m_observed,0,matched_constant,0.8285888223895186,0.11194526840633962,0.1061109755580459,0.12152758342696578,0.10497046369274853,112,0.8285888223895181,1164.1672954572737,0.0,0.5417060133764804
2025,2,delay_1m_observed,1,baseline,1.0,-0.012374562269438276,-0.012451764723986222,0.1945718131210783,0.18381117827313037,185,1.0,1405.0,0.1405140468726142,-0.05210124407168873
2025,2,delay_1m_observed,1,slow_conflict_half,1.0,0.008614898667673863,0.008578002183030141,0.15604349996099984,0.13141008856319608,177,0.8285888223895186,1170.0,0.1170095135638871,0.040554866695570714
2025,2,delay_1m_observed,1,constant_075,0.75,-0.009292742588536688,-0.009336189491008333,0.14980096670920995,0.14129549567490987,185,0.75,1053.75,0.1053829011024795,-0.052086562911422635
2025,2,delay_1m_observed,1,constant_050,0.5,-0.006203051553449376,-0.006222370409745409,0.10254214380259051,0.09656620279266426,185,0.5,702.5,0.07025351148405923,-0.05207188272181996
2025,2,delay_1m_observed,1,matched_constant,0.8285888223895186,-0.010262376532905678,-0.010315397780225194,0.1641367194857644,0.15489380093005922,185,0.8285888223895181,1164.1672954572737,0.11642637333827116,-0.05209117790719808
2025,2,delay_1m_observed,3,baseline,1.0,-0.2543986264666232,-0.2935641734271295,0.3297635011340043,0.3226615087428451,238,1.0,1405.0,0.4216264555757577,-1.201742263943026
2025,2,delay_1m_observed,3,slow_conflict_half,1.0,-0.20188144346865747,-0.22549812548544138,0.25971279821830123,0.24725608788973644,238,0.8285888223895186,1170.0,0.35108564123235847,-1.0453190833426687
2025,2,delay_1m_observed,3,constant_075,0.75,-0.19760109944842041,-0.22014941253527576,0.2592393474245916,0.2533601730050144,238,0.75,1053.75,0.3161961241467467,-1.2016157797600977
2025,2,delay_1m_observed,3,constant_050,0.5,-0.1364905749331293,-0.14675046649623297,0.18130305582000641,0.17697696479174577,238,0.5,702.5,0.21078160757054698,-1.2014893202430352
2025,2,delay_1m_observed,3,matched_constant,0.8285888223895186,-0.21590573225857132,-0.2432260263938064,0.2821731256580064,0.2758763724588164,238,0.8285888223895181,1164.1672954572737,0.34933700195185224,-1.2016555380734693
2025,2,delay_1m_observed,5,baseline,1.0,-0.4371764313148329,-0.5747890770686951,0.46629930755909604,0.4562576834692621,238,1.0,1405.0,0.7028513592173227,-2.301716868210527
2025,2,delay_1m_observed,5,slow_conflict_half,1.0,-0.36849563797192597,-0.45965042980757076,0.3950267646165439,0.38611812518691074,242,0.8285888223895186,1170.0,0.585237945554488,-2.0888240260045556
2025,2,delay_1m_observed,5,constant_075,0.75,-0.3501579170992672,-0.43102589499292454,0.37554468069905456,0.36675334451482783,238,0.75,1053.75,0.5270726066043957,-2.301380816642675
2025,2,delay_1m_observed,5,constant_050,0.5,-0.2497183948881695,-0.28730666944186845,0.26938889363240615,0.26254764500944194,238,0.5,702.5,0.35133781051618246,-2.301044872371419
2025,2,delay_1m_observed,5,matched_constant,0.8285888223895186,-0.37886937538732046,-0.476213873576114,0.4056213215893061,0.3963697992888575,238,0.8285888223895181,1164.1672954572737,0.5823248491341598,-2.3014864446646954
2025,2,literal_publication,0,baseline,1.0,-0.015512175464509705,-0.015633748134849412,0.25704107659480796,0.24178174645413178,99,1.0,239.0,0.0,-0.05902551197063511
2025,2,literal_publication,0,slow_conflict_half,1.0,0.04039438247383693,0.03959985518700693,0.1695120927183853,0.15337976695985328,99,0.8128118944317734,201.0,0.0,0.19202581611367875
2025,2,literal_publication,0,constant_075,0.75,-0.011656837526875229,-0.01172531110113706,0.19975383342888356,0.18745826586659367,99,0.75,179.25,0.0,-0.059025511970635124
2025,2,literal_publication,0,constant_050,0.5,-0.007786401758426667,-0.007816874067424706,0.13804934978550423,0.12924271260823306,99,0.5,119.5,0.0,-0.05902551197063511
2025,2,literal_publication,0,matched_constant,0.8128118944317734,-0.012626899649419805,-0.012707296438556254,0.2145497952309758,0.2014624833177898,99,0.8128118944317732,194.26204276919384,0.0,-0.05902551197063519
2025,2,literal_publication,1,baseline,1.0,-0.038764779384163096,-0.03953613345256374,0.2597111866568558,0.2472535128759118,147,1.0,239.0,0.0239023853177143,-0.14933715654296853
2025,2,literal_publication,1,slow_conflict_half,1.0,0.01968962065698792,0.019498287515985327,0.17200000929852094,0.1551981982493684,147,0.8128118944317734,201.0,0.02010156767102163,0.09463438701135206
2025,2,literal_publication,1,constant_075,0.75,-0.029216355578294984,-0.02965165279766771,0.20191174543383594,0.19185995703367517,147,0.75,179.25,0.017926341696530696,-0.1493349022392179
2025,2,literal_publication,1,constant_050,0.5,-0.019573374944062662,-0.019767470357136052,0.13959954287448353,0.13239016491982838,147,0.5,119.5,0.01195059628971131,-0.14933264808565785
2025,2,literal_publication,1,matched_constant,0.8128118944317734,-0.03162423163062634,-0.03213507656775594,0.21684494597248508,0.20614956684200883,147,0.8128118944317732,194.26204276919384,0.01942778012919967,-0.14933546861344685
2025,2,literal_publication,3,baseline,1.0,-0.08364847015006792,-0.08735522171570867,0.2786622117089303,0.2717389574057247,221,1.0,239.0,0.07172147358085947,-0.3302277922663078
2025,2,literal_publication,3,slow_conflict_half,1.0,-0.020501190419129386,-0.020714256931745556,0.18144822361696294,0.16597346829153475,221,0.8128118944317734,201.0,0.0603141121187526,-0.10070549787312355
2025,2,literal_publication,3,constant_075,0.75,-0.0634125564911073,-0.0655123887832798,0.21728234898151322,0.21165462093055776,221,0.75,179.25,0.053787077682142886,-0.3302074651010937
2025,2,literal_publication,3,constant_050,0.5,-0.04273234122147417,-0.04367224138979087,0.15068102268914224,0.14661469078124667,221,0.5,119.5,0.035855367322366154,-0.33018714200103666
2025,2,literal_publication,3,matched_constant,0.8128118944317734,-0.06853819637234079,-0.07100009501187096,0.2331783967579713,0.22720146994769663,221,0.8128118944317732,194.26204276919384,0.05829279857331476,-0.33021257186968905
2025,2,literal_publication,5,baseline,1.0,-0.1264530598754423,-0.13519341287297237,0.30027794814961156,0.2955389959062017,221,1.0,239.0,0.11955966473812277,-0.5114153190605816
2025,2,literal_publication,5,slow_conflict_half,1.0,-0.05911970104677734,-0.0609393537015199,0.20183032324898367,0.18852913506908986,221,0.8128118944317734,201.0,0.10053920888852691,-0.2967269120901602
2025,2,literal_publication,5,constant_075,0.75,-0.0964138905174181,-0.10138386692501375,0.2349368774035743,0.23105354092792957,221,0.75,179.25,0.08965855582387681,-0.5113587703689245
2025,2,literal_publication,5,constant_050,0.5,-0.06534872322893631,-0.0675817852828274,0.1634981410646543,0.16066953085095112,221,0.5,119.5,0.05976491121540277,-0.5113022405308073
2025,2,literal_publication,5,matched_constant,0.8128118944317734,-0.10405632544332528,-0.10987773120117846,0.2519060105504894,0.24779005510612104,221,0.8128118944317732,194.26204276919384,0.09717043476262224,-0.5113729763169258
2025,3,legacy_on_minute,0,baseline,1.0,0.36599671286386054,0.3118843547502861,0.15414878027396461,0.13697805490772283,70,1.0,1331.0,0.0,1.2431070712784411
2025,3,legacy_on_minute,0,slow_conflict_half,1.0,0.32253752194364477,0.27955225632791203,0.1216569468872364,0.10663726002557912,62,0.8268083136125116,1110.5,0.0,1.269270829652882
2025,3,legacy_on_minute,0,constant_075,0.75,0.2635348960985593,0.23391326606271456,0.1179961417371543,0.10460146519404365,70,0.75,998.25,0.0,1.2431070712784411
2025,3,legacy_on_minute,0,constant_050,0.5,0.16875862044472664,0.15594217737514304,0.08029829850867658,0.07101025565818157,70,0.5,665.5,0.0,1.2431070712784411
2025,3,legacy_on_minute,0,matched_constant,0.8268083136125116,0.29416872441998176,0.25786857739321034,0.12926488681403506,0.11467582224181513,70,0.8268083136125116,1100.4818654182527,0.0,1.2431070712784416
2025,3,legacy_on_minute,1,baseline,1.0,0.19574694414291394,0.1787710479763534,0.1583679017045149,0.14093923428813987,105,1.0,1331.0,0.13311330677393274,0.7049725281263693
2025,3,legacy_on_minute,1,slow_conflict_half,1.0,0.18352031982096406,0.16849331908599358,0.12498857065664909,0.10868979141761557,102,0.8268083136125116,1110.5,0.11105893724191863,0.7575772405102623
2025,3,legacy_on_minute,1,constant_075,0.75,0.14348518807875985,0.13408078125186496,0.12129770952050678,0.10768549843086213,105,0.75,998.25,0.0998324848108498,0.7049858365889214
2025,3,legacy_on_minute,1,constant_050,0.5,0.09350578437740795,0.08938885090341794,0.08259479577145139,0.0731445833705331,105,0.5,665.5,0.06655332647172496,0.7049991441713692
2025,3,legacy_on_minute,1,matched_constant,0.8268083136125116,0.1592941104197436,0.14781129439126273,0.1328574080745755,0.11803687411312111,105,0.8268083136125116,1100.4818654182527,0.1100572830019477,0.7049817478803247
2025,3,legacy_on_minute,3,baseline,1.0,-0.08381359688502414,-0.08753543816027196,0.2369493752664053,0.23214736376382064,192,1.0,1331.0,0.3994197929105583,-0.3378649847888022
2025,3,legacy_on_minute,3,slow_conflict_half,1.0,-0.052262957667943574,-0.05367819671075029,0.16814833566904858,0.14579194131464318,179,0.8268083136125116,1110.5,0.3332304530386624,-0.23664201142223637
2025,3,legacy_on_minute,3,constant_075,0.75,-0.06352187040205813,-0.06562911070977769,0.18356877703367222,0.17971834169266482,192,0.75,998.25,0.29954237677249224,-0.3377501739349011
2025,3,legacy_on_minute,3,constant_050,0.5,-0.042795062667739824,-0.04373776486232895,0.12645999915477585,0.1237156397977666,192,0.5,665.5,0.19967994223747204,-0.33763538548883615
2025,3,legacy_on_minute,3,matched_constant,0.8268083136125116,-0.06980205223778418,-0.0723578684274103,0.20035423494452154,0.1961957401510052,192,0.8268083136125116,1100.4818654182527,0.33022644582062066,-0.3377854452621943
2025,3,legacy_on_minute,5,baseline,1.0,-0.2980888796250585,-0.3539484921244462,0.34585038626530235,0.33585159612867943,238,1.0,1331.0,0.665832846874732,-1.3370687199887832
2025,3,legacy_on_minute,5,slow_conflict_half,1.0,-0.24112732856179767,-0.2759212739754463,0.28380642562062913,0.2749807839300164,238,0.8268083136125116,1110.5,0.5554735303033584,-1.1925348578936172
2025,3,legacy_on_minute,5,constant_075,0.75,-0.23310004975210205,-0.2653989290856274,0.27258127601081644,0.2642729835009726,238,0.75,998.25,0.49931219514834213,-1.336763220305561
2025,3,legacy_on_minute,5,constant_050,0.5,-0.1621288980324206,-0.17689100659879434,0.19113865032064756,0.18500232828599075,238,0.5,665.5,0.33283318397393746,-1.3364578183168183
2025,3,legacy_on_minute,5,matched_constant,0.8268083136125116,-0.2536792916036747,-0.29259986714411,0.2959222084573229,0.28704688536021233,238,0.8268083136125116,1100.4818654182527,0.5504684445373204,-1.336857069568309
2025,3,delay_1m,0,baseline,1.0,0.40893880217556206,0.3428367984570011,0.14605832662924384,0.12235979388059721,61,1.0,1331.0,0.0,1.35793208468911
2025,3,delay_1m,0,slow_conflict_half,1.0,0.35772381976422074,0.3058096356730591,0.11574431233914202,0.09586874179655902,35,0.826799739342182,1110.5,0.0,1.3890239519699428
2025,3,delay_1m,0,constant_075,0.75,0.2932101283479347,0.2571275988427508,0.11167648999309798,0.09325037829135954,61,0.75,998.25,0.0,1.3579320846891096
2025,3,delay_1m,0,constant_050,0.5,0.1869872797025089,0.17141839922850055,0.07591035425627879,0.06317546673915356,61,0.5,665.5,0.0,1.35793208468911
2025,3,delay_1m,0,matched_constant,0.826799739342182,0.32771228616969045,0.2834573756011567,0.12238333712158417,0.10229404551679724,61,0.8267997393421818,1100.4704530644442,0.0,1.35793208468911
2025,3,delay_1m,1,baseline,1.0,0.23333698486997143,0.20972349168306842,0.15031780339127465,0.126388069531842,82,1.0,1331.0,0.13311330677393274,0.822036580981595
2025,3,delay_1m,1,slow_conflict_half,1.0,0.21500804531757053,0.19475069843114057,0.1190983631929729,0.09996243919384185,82,0.826799739342182,1110.5,0.11105893724191863,0.8760877374340119
2025,3,delay_1m,1,constant_075,0.75,0.1703409469776506,0.15729511403190122,0.11500171386185726,0.0963735082297261,82,0.75,998.25,0.0998324848108498,0.8220498370692827
2025,3,delay_1m,1,constant_050,0.5,0.11056075534501876,0.10486507275677545,0.07821780822593857,0.06532779465787136,82,0.5,665.5,0.06655332647172496,0.8220630922801772
2025,3,delay_1m,1,matched_constant,0.826799739342182,0.18934321432432863,0.1734012340232658,0.12600421313881338,0.10570206838702573,82,0.8267997393421818,1100.4704530644442,0.1100561415778909,0.8220457649062728
2025,3,delay_1m,3,baseline,1.0,-0.05501194752655248,-0.05658299445355697,0.20502105421563904,0.20092276741738863,138,1.0,1331.0,0.3994197929105583,-0.21716679732879618
2025,3,delay_1m,3,slow_conflict_half,1.0,-0.027048279616254584,-0.02742081736560323,0.15025579189409505,0.13558286360015778,174,0.826799739342182,1110.5,0.3332304530386624,-0.12097790464792006
2025,3,delay_1m,3,constant_075,0.75,-0.04152785497906665,-0.04241477792974138,0.1580757901610868,0.15482614101919837,138,0.75,998.25,0.29954237677249224,-0.2170523356245587
2025,3,delay_1m,3,constant_050,0.5,-0.02786592132300501,-0.02826154300897144,0.10836689869259393,0.1060764838735464,138,0.5,665.5,0.19967994223747204,-0.21693789627133384
2025,3,delay_1m,3,matched_constant,0.826799739342182,-0.045688980878342465,-0.046765644814676426,0.1727841387544973,0.16926245721012156,138,0.8267997393421818,1100.4704530644442,0.33022302041583307,-0.2170874957619573
2025,3,delay_1m,5,baseline,1.0,-0.27602328478418625,-0.32299604841773116,0.3302852274433138,0.3229883961692124,234,1.0,1331.0,0.665832846874732,-1.2137473757608126
2025,3,delay_1m,5,slow_conflict_half,1.0,-0.22093741380922513,-0.2496638946302992,0.26330683747886086,0.254629165319951,234,0.826799739342182,1110.5,0.5554735303033584,-1.0801202657022084
2025,3,delay_1m,5,constant_075,0.75,-0.215088727543344,-0.24218459630559114,0.25963878379432087,0.25361220227015097,234,0.75,998.25,0.49931219514834213,-1.2134425483806492
2025,3,delay_1m,5,constant_050,0.5,-0.14906095863711769,-0.16141478474543686,0.18157302509554232,0.17714878595244682,234,0.5,665.5,0.33283318397393746,-1.2131378185588004
2025,3,delay_1m,5,matched_constant,0.826799739342182,-0.23433103102999717,-0.2670053580392398,0.28209686926658345,0.27564704659024286,234,0.8267997393421818,1100.4704530644442,0.5504627336403964,-1.2135361806499891
2025,3,delay_1m_observed,0,baseline,1.0,0.40893880217556206,0.3428367984570011,0.14605832662924384,0.12235979388059721,61,1.0,1331.0,0.0,1.35793208468911
2025,3,delay_1m_observed,0,slow_conflict_half,1.0,0.35772381976422074,0.3058096356730591,0.11574431233914202,0.09586874179655902,35,0.826799739342182,1110.5,0.0,1.3890239519699428
2025,3,delay_1m_observed,0,constant_075,0.75,0.2932101283479347,0.2571275988427508,0.11167648999309798,0.09325037829135954,61,0.75,998.25,0.0,1.3579320846891096
2025,3,delay_1m_observed,0,constant_050,0.5,0.1869872797025089,0.17141839922850055,0.07591035425627879,0.06317546673915356,61,0.5,665.5,0.0,1.35793208468911
2025,3,delay_1m_observed,0,matched_constant,0.826799739342182,0.32771228616969045,0.2834573756011567,0.12238333712158417,0.10229404551679724,61,0.8267997393421818,1100.4704530644442,0.0,1.35793208468911
2025,3,delay_1m_observed,1,baseline,1.0,0.23333698486997143,0.20972349168306842,0.15031780339127465,0.126388069531842,82,1.0,1331.0,0.13311330677393274,0.822036580981595
2025,3,delay_1m_observed,1,slow_conflict_half,1.0,0.21500804531757053,0.19475069843114057,0.1190983631929729,0.09996243919384185,82,0.826799739342182,1110.5,0.11105893724191863,0.8760877374340119
2025,3,delay_1m_observed,1,constant_075,0.75,0.1703409469776506,0.15729511403190122,0.11500171386185726,0.0963735082297261,82,0.75,998.25,0.0998324848108498,0.8220498370692827
2025,3,delay_1m_observed,1,constant_050,0.5,0.11056075534501876,0.10486507275677545,0.07821780822593857,0.06532779465787136,82,0.5,665.5,0.06655332647172496,0.8220630922801772
2025,3,delay_1m_observed,1,matched_constant,0.826799739342182,0.18934321432432863,0.1734012340232658,0.12600421313881338,0.10570206838702573,82,0.8267997393421818,1100.4704530644442,0.1100561415778909,0.8220457649062728
2025,3,delay_1m_observed,3,baseline,1.0,-0.05501194752655248,-0.05658299445355697,0.20502105421563904,0.20092276741738863,138,1.0,1331.0,0.3994197929105583,-0.21716679732879618
2025,3,delay_1m_observed,3,slow_conflict_half,1.0,-0.027048279616254584,-0.02742081736560323,0.15025579189409505,0.13558286360015778,174,0.826799739342182,1110.5,0.3332304530386624,-0.12097790464792006
2025,3,delay_1m_observed,3,constant_075,0.75,-0.04152785497906665,-0.04241477792974138,0.1580757901610868,0.15482614101919837,138,0.75,998.25,0.29954237677249224,-0.2170523356245587
2025,3,delay_1m_observed,3,constant_050,0.5,-0.02786592132300501,-0.02826154300897144,0.10836689869259393,0.1060764838735464,138,0.5,665.5,0.19967994223747204,-0.21693789627133384
2025,3,delay_1m_observed,3,matched_constant,0.826799739342182,-0.045688980878342465,-0.046765644814676426,0.1727841387544973,0.16926245721012156,138,0.8267997393421818,1100.4704530644442,0.33022302041583307,-0.2170874957619573
2025,3,delay_1m_observed,5,baseline,1.0,-0.27602328478418625,-0.32299604841773116,0.3302852274433138,0.3229883961692124,234,1.0,1331.0,0.665832846874732,-1.2137473757608126
2025,3,delay_1m_observed,5,slow_conflict_half,1.0,-0.22093741380922513,-0.2496638946302992,0.26330683747886086,0.254629165319951,234,0.826799739342182,1110.5,0.5554735303033584,-1.0801202657022084
2025,3,delay_1m_observed,5,constant_075,0.75,-0.215088727543344,-0.24218459630559114,0.25963878379432087,0.25361220227015097,234,0.75,998.25,0.49931219514834213,-1.2134425483806492
2025,3,delay_1m_observed,5,constant_050,0.5,-0.14906095863711769,-0.16141478474543686,0.18157302509554232,0.17714878595244682,234,0.5,665.5,0.33283318397393746,-1.2131378185588004
2025,3,delay_1m_observed,5,matched_constant,0.826799739342182,-0.23433103102999717,-0.2670053580392398,0.28209686926658345,0.27564704659024286,234,0.8267997393421818,1100.4704530644442,0.5504627336403964,-1.2135361806499891
2025,3,literal_publication,0,baseline,1.0,-0.2637052758670187,-0.30612480001004716,0.3688052023796961,0.35634487693968475,163,1.0,239.0,0.0,-1.1727064306479402
2025,3,literal_publication,0,slow_conflict_half,1.0,-0.18007399938835705,-0.1985411859525299,0.27501727532524134,0.26266289138075133,163,0.8169307541928182,199.0,0.0,-0.9769083997668482
2025,3,literal_publication,0,constant_075,0.75,-0.20514343342474264,-0.22959360000753537,0.2918544049104453,0.28139551616428105,163,0.75,179.25,0.0,-1.1727064306479402
2025,3,literal_publication,0,constant_050,0.5,-0.141923823816917,-0.15306240000502358,0.2055223114395824,0.19771880050675794,163,0.5,119.5,0.0,-1.1727064306479402
2025,3,literal_publication,0,matched_constant,0.8169307541928182,-0.22126367073412986,-0.25008276374933347,0.31333115338041756,0.30227716121686754,163,0.8169307541928182,195.24645025208355,0.0,-1.17270643064794
2025,3,literal_publication,1,baseline,1.0,-0.2810958104797477,-0.33002718532776154,0.37870068953641284,0.3664357094807821,163,1.0,239.0,0.0239023853177143,-1.2646256714441106
2025,3,literal_publication,1,slow_conflict_half,1.0,-0.1962304929035581,-0.2184427336203843,0.2845606709844003,0.2723689154310355,163,0.8169307541928182,199.0,0.019901547667854416,-1.075649481570701
2025,3,literal_publication,1,constant_075,0.75,-0.2192653485236871,-0.247519941704066,0.30019702824993455,0.28986135508254945,163,0.75,179.25,0.017926341696530693,-1.2646233781223317
2025,3,literal_publication,1,constant_050,0.5,-0.15211731531696052,-0.16501299629473493,0.21177427002893479,0.20403216702223093,163,0.5,119.5,0.011950596289711311,-1.264621084953291
2025,3,literal_publication,1,matched_constant,0.8169307541928182,-0.2363219664082681,-0.26960900063917426,0.32213809495905477,0.3112258769034674,163,0.8169307541928182,195.24645025208355,0.01952623688984069,-1.2646239920823845
2025,3,literal_publication,3,baseline,1.0,-0.3146641532128279,-0.37784627359090645,0.3980343994330923,0.39170544985538397,221,1.0,239.0,0.07172147358085947,-1.4485242695011515
2025,3,literal_publication,3,slow_conflict_half,1.0,-0.22760184569236322,-0.2582551179857378,0.30327653109060265,0.2914037113045792,163,0.8169307541928182,199.0,0.059713932033208024,-1.2734992034442596
2025,3,literal_publication,3,constant_075,0.75,-0.2467670057208297,-0.2833806776896781,0.3165922266208701,0.31120966754626356,221,0.75,179.25,0.053787077682142886,-1.44850362245513
2025,3,literal_publication,3,constant_050,0.5,-0.17214541940955932,-0.18891776732738977,0.2241328186300853,0.22006377111602188,221,0.5,119.5,0.03585536732236616,-1.4484829795344027
2025,3,literal_publication,3,matched_constant,0.8169307541928182,-0.2655776658585544,-0.30867102872563024,0.3394187449811885,0.33374987789508687,221,0.8169307541928182,195.24645025208355,0.05858826497629675,-1.4485091497401443
2025,3,literal_publication,5,baseline,1.0,-0.34667754413347285,-0.42568446474817007,0.42346445874280453,0.41767756076696144,221,1.0,239.0,0.11955966473812277,-1.6324395478303348
2025,3,literal_publication,5,slow_conflict_half,1.0,-0.257757963636661,-0.29807989444487937,0.32150836102111985,0.31585845125023626,221,0.8169307541928182,199.0,0.09953870849234953,-1.4717728786931277
2025,3,literal_publication,5,constant_075,0.75,-0.27330771349576705,-0.31925215583141203,0.338356628211618,0.33338192171570336,221,0.75,179.25,0.08965855582387681,-1.632382198885065
2025,3,literal_publication,5,constant_050,0.5,-0.1917042912355974,-0.21282731122042628,0.24069036387816645,0.23688904894613705,221,0.5,119.5,0.05976491121540276,-1.6323248690309227
2025,3,literal_publication,5,matched_constant,0.8169307541928182,-0.2937216126300228,-0.34774580282310147,0.3623021028076035,0.3570778239965861,221,0.8169307541928182,195.24645025208355,0.09766303907376797,-1.632397550645874
2025,4,legacy_on_minute,0,baseline,1.0,0.4791583957437108,0.3914732745079057,0.1480641299369278,0.12442126210879838,42,1.0,1315.0,0.0,1.5383325364117835
2025,4,legacy_on_minute,0,slow_conflict_half,1.0,0.4238354836825828,0.35335427519376816,0.1216215482024972,0.11097199079587561,56,0.829323501671954,1091.5,0.0,1.6019026197648893
2025,4,legacy_on_minute,0,constant_075,0.75,0.3412539445122798,0.2936049558809293,0.11324187140940224,0.09484822973970475,42,0.75,986.25,0.0,1.5383325364117835
2025,4,legacy_on_minute,0,constant_050,0.5,0.21620655965329785,0.19573663725395285,0.07699627841320586,0.06427635602641651,42,0.5,657.5,0.0,1.5383325364117835
2025,4,legacy_on_minute,0,matched_constant,0.829323501671954,0.38355737020433217,0.3246579868258824,0.12444222259369239,0.1043381857012812,42,0.8293235016719541,1090.5604046986193,0.0,1.5383325364117835
2025,4,legacy_on_minute,1,baseline,1.0,0.29687837618292323,0.2599601277553096,0.15265264236705173,0.12878866494634164,56,1.0,1315.0,0.13151314675259618,1.0110530731738487
2025,4,legacy_on_minute,1,slow_conflict_half,1.0,0.276593858457002,0.24419548296893545,0.12931804217241322,0.11818661196786114,76,0.829323501671954,1091.5,0.1091587922248329,1.0966577519483014
2025,4,legacy_on_minute,1,constant_075,0.75,0.2152776401251763,0.19497256107908068,0.11682624740396588,0.0982364461241792,56,0.75,986.25,0.0986323948018488,1.0110661183752672
2025,4,legacy_on_minute,1,constant_050,0.5,0.13880942288373838,0.1299833507848946,0.07948515141659421,0.06661286011639975,56,0.5,657.5,0.06575328646905809,1.0110791627137299
2025,4,legacy_on_minute,1,matched_constant,0.829323501671954,0.2405972346618316,0.21559290452153398,0.12835483100203193,0.10804476986137701,56,0.8293235016719541,1090.5604046986193,0.10906508230434847,1.0110619793045106
2025,4,legacy_on_minute,3,baseline,1.0,-0.0031401372499823216,-0.0031450778263930404,0.2126760768985948,0.20498847314967028,195,1.0,1315.0,0.394618352334299,-0.011981135354494719
2025,4,legacy_on_minute,3,slow_conflict_half,1.0,0.026161485477568334,0.025825127616549856,0.14589232948224848,0.1345485328036102,179,0.829323501671954,1091.5,0.3275291475772184,0.11379596712323137
2025,4,legacy_on_minute,3,constant_075,0.75,-0.00233388289879626,-0.0023366106484809454,0.1641618307023602,0.15804957027751876,195,0.75,986.25,0.29594156652941017,-0.011868413819252797
2025,4,legacy_on_minute,3,constant_050,0.5,-0.0015417551839762957,-0.0015429449115029158,0.11266786873659479,0.10834814595028268,195,0.5,657.5,0.19727958216545582,-0.011755714304475244
2025,4,legacy_on_minute,3,matched_constant,0.829323501671954,-0.0025881739816727223,-0.002591529094279517,0.17986946044775828,0.173234753407239,195,0.8293235016719541,1090.5604046986193,0.327249515920162,-0.011904177301442375
2025,4,legacy_on_minute,5,baseline,1.0,-0.23383334658356839,-0.2663555696981583,0.3516151469180965,0.3363541549207853,238,1.0,1315.0,0.6578288442060638,-0.9937858679831666
2025,4,legacy_on_minute,5,slow_conflict_half,1.0,-0.17520105713994757,-0.1926156279726762,0.25716065443168806,0.251734160268918,238,0.829323501671954,1091.5,0.5459699031664446,-0.8326407631852984
2025,4,legacy_on_minute,5,constant_075,0.75,-0.1810276760097805,-0.19970498814177948,0.2774058929720452,0.2646873898353585,238,0.75,986.25,0.493309944022709,-0.9934854467483409
2025,4,legacy_on_minute,5,constant_050,0.5,-0.12461855142132748,-0.13309554638652615,0.19472765277409088,0.18530605042992607,238,0.5,657.5,0.32883218364047906,-0.9931851217337367
2025,4,legacy_on_minute,5,matched_constant,0.829323501671954,-0.1981617393061869,-0.22084836141158198,0.30182628480791285,0.2882252959070069,238,0.8293235016719541,1090.5604046986193,0.5455063482374645,-0.993580758181597
2025,4,delay_1m,0,baseline,1.0,0.5193313586334655,0.41827034243983796,0.15332423637488138,0.11816123038054085,34,1.0,1315.0,0.0,1.662780571484998
2025,4,delay_1m,0,slow_conflict_half,1.0,0.4675517983993615,0.3835955691325288,0.11871320564640428,0.08983840182219516,43,0.8293149275486581,1091.5,0.0,1.7456533871703388
2025,4,delay_1m,0,constant_075,0.75,0.36848290388964733,0.31370275682987847,0.11735138090074645,0.08999895436988876,34,0.75,986.25,0.0,1.6627805714849986
2025,4,delay_1m,0,constant_050,0.5,0.23261160088385727,0.20913517121991898,0.07985014066994575,0.060937291966367595,34,0.5,657.5,0.0,1.662780571484998
2025,4,delay_1m,0,matched_constant,0.8293149275486581,0.41464390012776786,0.34687783873624656,0.12892663314821895,0.09902977499141792,34,0.8293149275486583,1090.5491297264853,0.0,1.6627805714849981
2025,4,delay_1m,1,baseline,1.0,0.3321007344028668,0.2867571956872419,0.16409369156422596,0.12255985837140267,55,1.0,1315.0,0.13151314675259618,1.1283326326233165
2025,4,delay_1m,1,slow_conflict_half,1.0,0.3157893831657081,0.2744367769076961,0.12231935870383336,0.09475224554943126,56,0.8293149275486581,1091.5,0.1091587922248329,1.2373874101897306
2025,4,delay_1m,1,constant_075,0.75,0.2399491392328448,0.2150703620280299,0.12578489453385347,0.09340532284200274,55,0.75,986.25,0.0986323948018488,1.1283458560653017
2025,4,delay_1m,1,constant_050,0.5,0.15417047762223857,0.14338188475086072,0.08572058782722373,0.06328213370698439,55,0.5,657.5,0.06575328646905809,1.1283590786324924
2025,4,delay_1m,1,matched_constant,0.8293149275486581,0.2684730878641772,0.23781388411608245,0.13812513260301076,0.10275828887221769,55,0.8293149275486583,1090.5491297264853,0.10906395462016416,1.1283416608946764
2025,4,delay_1m,3,baseline,1.0,0.02393391674435487,0.023651990105539214,0.1852296526698097,0.15765880736345222,110,1.0,1315.0,0.394618352334299,0.09116566865320762
2025,4,delay_1m,3,slow_conflict_half,1.0,0.05766793335267635,0.05606642155531048,0.13190575699227244,0.11714713538126209,77,0.8293149275486581,1091.5,0.3275291475772184,0.2481130008748524
2025,4,delay_1m,3,constant_075,0.75,0.017919858225971037,0.01776119030046828,0.1424146568773027,0.12073432015902752,110,0.75,986.25,0.29594156652941017,0.09127996128248565
2025,4,delay_1m,3,constant_050,0.5,0.011926145102524514,0.011855589054463184,0.0973510963623517,0.08219699456411259,110,0.5,657.5,0.19727958216545582,0.09139423158133309
2025,4,delay_1m,3,matched_constant,0.8293149275486581,0.019825676186902667,0.019631706991021493,0.15623620868057236,0.1326203908985961,110,0.8293149275486583,1090.5491297264853,0.3272461317452251,0.09124370325484793
2025,4,delay_1m,5,baseline,1.0,-0.21302476744584167,-0.239558501766226,0.3170373208196846,0.30106245913469437,238,1.0,1315.0,0.6578288442060638,-0.9044167370057831
2025,4,delay_1m,5,slow_conflict_half,1.0,-0.14987708496945576,-0.16237433403391555,0.21701764765639261,0.20151517736007798,238,0.8293149275486581,1091.5,0.5459699031664446,-0.7051239089744595
2025,4,delay_1m,5,constant_075,0.75,-0.16440161930190866,-0.1796071871928303,0.24869338335028285,0.23555152342910135,238,0.75,986.25,0.493309944022709,-0.9041120722335839
2025,4,delay_1m,5,constant_050,0.5,-0.11281079669215244,-0.11969701242056004,0.17353500994150353,0.16392525599194088,238,0.5,657.5,0.32883218364047906,-0.9038075050561185
2025,4,delay_1m,5,matched_constant,0.8293149275486581,-0.1801409693447485,-0.19862286733777454,0.27108372451992496,0.25697214376012234,238,0.8293149275486583,1090.5491297264853,0.5455007060740212,-0.9042087195185861
2025,4,delay_1m_observed,0,baseline,1.0,0.5193313586334655,0.41827034243983796,0.15332423637488138,0.11816123038054085,34,1.0,1315.0,0.0,1.662780571484998
2025,4,delay_1m_observed,0,slow_conflict_half,1.0,0.4675517983993615,0.3835955691325288,0.11871320564640428,0.08983840182219516,43,0.8293149275486581,1091.5,0.0,1.7456533871703388
2025,4,delay_1m_observed,0,constant_075,0.75,0.36848290388964733,0.31370275682987847,0.11735138090074645,0.08999895436988876,34,0.75,986.25,0.0,1.6627805714849986
2025,4,delay_1m_observed,0,constant_050,0.5,0.23261160088385727,0.20913517121991898,0.07985014066994575,0.060937291966367595,34,0.5,657.5,0.0,1.662780571484998
2025,4,delay_1m_observed,0,matched_constant,0.8293149275486581,0.41464390012776786,0.34687783873624656,0.12892663314821895,0.09902977499141792,34,0.8293149275486583,1090.5491297264853,0.0,1.6627805714849981
2025,4,delay_1m_observed,1,baseline,1.0,0.3321007344028668,0.2867571956872419,0.16409369156422596,0.12255985837140267,55,1.0,1315.0,0.13151314675259618,1.1283326326233165
2025,4,delay_1m_observed,1,slow_conflict_half,1.0,0.3157893831657081,0.2744367769076961,0.12231935870383336,0.09475224554943126,56,0.8293149275486581,1091.5,0.1091587922248329,1.2373874101897306
2025,4,delay_1m_observed,1,constant_075,0.75,0.2399491392328448,0.2150703620280299,0.12578489453385347,0.09340532284200274,55,0.75,986.25,0.0986323948018488,1.1283458560653017
2025,4,delay_1m_observed,1,constant_050,0.5,0.15417047762223857,0.14338188475086072,0.08572058782722373,0.06328213370698439,55,0.5,657.5,0.06575328646905809,1.1283590786324924
2025,4,delay_1m_observed,1,matched_constant,0.8293149275486581,0.2684730878641772,0.23781388411608245,0.13812513260301076,0.10275828887221769,55,0.8293149275486583,1090.5491297264853,0.10906395462016416,1.1283416608946764
2025,4,delay_1m_observed,3,baseline,1.0,0.02393391674435487,0.023651990105539214,0.1852296526698097,0.15765880736345222,110,1.0,1315.0,0.394618352334299,0.09116566865320762
2025,4,delay_1m_observed,3,slow_conflict_half,1.0,0.05766793335267635,0.05606642155531048,0.13190575699227244,0.11714713538126209,77,0.8293149275486581,1091.5,0.3275291475772184,0.2481130008748524
2025,4,delay_1m_observed,3,constant_075,0.75,0.017919858225971037,0.01776119030046828,0.1424146568773027,0.12073432015902752,110,0.75,986.25,0.29594156652941017,0.09127996128248565
2025,4,delay_1m_observed,3,constant_050,0.5,0.011926145102524514,0.011855589054463184,0.0973510963623517,0.08219699456411259,110,0.5,657.5,0.19727958216545582,0.09139423158133309
2025,4,delay_1m_observed,3,matched_constant,0.8293149275486581,0.019825676186902667,0.019631706991021493,0.15623620868057236,0.1326203908985961,110,0.8293149275486583,1090.5491297264853,0.3272461317452251,0.09124370325484793
2025,4,delay_1m_observed,5,baseline,1.0,-0.21302476744584167,-0.239558501766226,0.3170373208196846,0.30106245913469437,238,1.0,1315.0,0.6578288442060638,-0.9044167370057831
2025,4,delay_1m_observed,5,slow_conflict_half,1.0,-0.14987708496945576,-0.16237433403391555,0.21701764765639261,0.20151517736007798,238,0.8293149275486581,1091.5,0.5459699031664446,-0.7051239089744595
2025,4,delay_1m_observed,5,constant_075,0.75,-0.16440161930190866,-0.1796071871928303,0.24869338335028285,0.23555152342910135,238,0.75,986.25,0.493309944022709,-0.9041120722335839
2025,4,delay_1m_observed,5,constant_050,0.5,-0.11281079669215244,-0.11969701242056004,0.17353500994150353,0.16392525599194088,238,0.5,657.5,0.32883218364047906,-0.9038075050561185
2025,4,delay_1m_observed,5,matched_constant,0.8293149275486581,-0.1801409693447485,-0.19862286733777454,0.27108372451992496,0.25697214376012234,238,0.8293149275486583,1090.5491297264853,0.5455007060740212,-0.9042087195185861
2025,4,literal_publication,0,baseline,1.0,-0.2863091513414226,-0.3373053954796763,0.4056846210388276,0.40031299529216463,221,1.0,251.0,0.0,-1.2150662547762487
2025,4,literal_publication,0,slow_conflict_half,1.0,-0.19262378781491013,-0.21396553324020795,0.27369230233922187,0.2678395249461856,221,0.8231072622824316,208.0,0.0,-1.024147630076872
2025,4,literal_publication,0,constant_075,0.75,-0.22351584837127014,-0.25297904660975723,0.32311837228044266,0.31853512100004205,221,0.75,188.25,0.0,-1.2150662547762485
2025,4,literal_publication,0,constant_050,0.5,-0.1551977458253456,-0.16865269773983815,0.22908147060719028,0.22560539470639687,221,0.5,125.5,0.0,-1.2150662547762487
2025,4,literal_publication,0,matched_constant,0.8231072622824316,-0.24242938182202906,-0.2776385206263693,0.34838402089697385,0.34354016911323687,221,0.8231072622824316,206.59992283289034,0.0,-1.2150662547762483
2025,4,literal_publication,1,baseline,1.0,-0.30400158838549773,-0.362407900813393,0.4159372771255071,0.41077618672893723,221,1.0,251.0,0.0251025053337167,-1.3059894694454897
2025,4,literal_publication,1,slow_conflict_half,1.0,-0.20924504919359008,-0.2347671559163134,0.28314561127763105,0.27827180140055174,221,0.8231072622824316,208.0,0.020801622676105448,-1.1244847371735491
2025,4,literal_publication,1,constant_075,0.75,-0.2379975101743037,-0.2718054558130386,0.3318949440854985,0.327472014417005,221,0.75,188.25,0.018826409203281456,-1.305987200454597
2025,4,literal_publication,1,constant_050,0.5,-0.165734284818522,-0.18120332403154965,0.2357597032929188,0.23239050820617901,221,0.5,125.5,0.012550626291711461,-1.305984931614844
2025,4,literal_publication,1,matched_constant,0.8231072622824316,-0.25792147327387455,-0.29830021024719455,0.35765075317533873,0.352982317089815,221,0.8231072622824316,206.59992283289034,0.020661689620825346,-1.305987863957809
2025,4,literal_publication,3,baseline,1.0,-0.3380914995843351,-0.4126279494927301,0.4359209206918625,0.43116408741856926,221,1.0,251.0,0.07532255401305396,-1.4879630291695256
2025,4,literal_publication,3,slow_conflict_half,1.0,-0.24147546994295221,-0.27638014049624937,0.30776232301601136,0.30498305960932803,221,0.8231072622824316,208.0,0.06241460725604159,-1.3254912905671636
2025,4,literal_publication,3,constant_075,0.75,-0.2661618156598933,-0.3094667319742116,0.349111991172751,0.3449996288442701,221,0.75,188.25,0.05648768536445442,-1.4879425906672457
2025,4,literal_publication,3,constant_050,0.5,-0.18641781835143495,-0.2063083351162165,0.248945076098907,0.24578489773523585,221,0.5,125.5,0.03765563737637831,-1.4879221562500615
2025,4,literal_publication,3,matched_constant,0.8231072622824316,-0.2879689627414775,-0.3396337768650216,0.37579515797493557,0.37146563368531516,221,0.8231072622824316,206.59992283289034,0.0619952562386524,-1.4879485670563393
2025,4,literal_publication,5,baseline,1.0,-0.37052432134637375,-0.46286806221930044,0.45522841841390665,0.45085428187342075,221,1.0,251.0,0.125562666739624,-1.6700508215574883
2025,4,literal_publication,5,slow_conflict_half,1.0,-0.272401662874263,-0.31800611776445237,0.3334561926085085,0.33078008745788195,221,0.8231072622824316,208.0,0.1040405845242445,-1.526877093621725
2025,4,literal_publication,5,constant_075,0.75,-0.29329311634984623,-0.3471392907778589,0.3658903250472541,0.3620754905633351,221,0.75,188.25,0.0941602441681017,-1.6699940198624084
2025,4,literal_publication,5,constant_050,0.5,-0.20659253272479947,-0.23141835920533466,0.26190553290499063,0.25894817215168786,221,0.5,125.5,0.06276566146549656,-1.6699372370878052
2025,4,literal_publication,5,matched_constant,0.8231072622824316,-0.3168090848561446,-0.38098093410225603,0.393432764886221,0.3894267686617659,221,0.8231072622824316,206.59992283289034,0.10334241347588677,-1.6700106283701572
