view,family,period_days,period_bars,scored_years,positive_years,median_annual_simple_pct,mean_annual_simple_pct,cagr_pct,simple_2021_pct,enough_2021,simple_2022_pct,enough_2022,simple_2023_pct,enough_2023,simple_2024_pct,enough_2024,simple_2025_pct,enough_2025,simple_2026_pct,enough_2026
5m_offset_0,sma_lp,2,96,5,4,10.533861639601927,42.379715651499396,33.70031354231258,10.533861639601927,True,47.45989414234069,True,9.727254160111443,True,147.76327458915927,True,-3.5857062737163936,True,-7.2696823370378745,True
5m_offset_0,ema_lp,2,96,5,5,56.536460749086714,60.32124036874625,56.09618570108958,67.38701892993278,True,56.536460749086714,True,15.881074134053375,True,127.8390988035059,True,33.962549227152515,True,25.485649877121695,True
5m_offset_0,butter_lp_n1,2,96,5,5,60.0189545836398,79.03945787339735,68.48773210621242,84.83499571087197,True,60.0189545836398,True,15.66166986586348,True,204.20651255583994,True,30.47515665077163,True,-6.849372057740776,True
5m_offset_0,butter_lp_n2,2,96,5,5,44.57937137464671,37.82237787512715,35.488476834088466,65.14738371679331,True,5.59553224890279,True,11.766196975146869,True,62.023405060146075,True,44.57937137464671,True,40.716605604685526,True
5m_offset_0,butter_bp_n1,2,96,5,4,65.28138943746926,49.29202709266072,45.40237881235147,82.21999862022294,True,-2.668751853342888,True,26.859885790902325,True,74.76761346805196,True,65.28138943746926,True,19.567036260847882,True
5m_offset_0,sma_lp,5,240,5,5,22.1017231685819,32.50788335003366,30.50100458542717,11.162977212743218,True,22.1017231685819,True,30.85635301708298,True,80.07884070902335,True,18.339522642736817,True,50.902516786562835,True
5m_offset_0,ema_lp,5,240,5,5,30.482600723829712,53.04502448793419,49.74275850143761,28.42111225128894,True,61.90212595545006,True,30.482600723829712,True,115.85125426013877,True,28.568029248963445,True,49.51036472707282,True
5m_offset_0,butter_lp_n1,5,240,5,5,36.92664813647863,61.0181413379429,52.52912073918561,64.36834244002372,True,18.222764530430346,True,14.438367430514232,True,171.13458415226756,True,36.92664813647863,True,34.375649757155124,True
5m_offset_0,butter_lp_n2,5,240,5,4,26.546014374676517,43.11933124425305,38.21354888135635,-2.266859074196914,True,60.686217783619625,True,21.160250265137705,True,109.4710328720283,True,26.546014374676517,True,3.1999812771322356,True
5m_offset_0,butter_bp_n1,5,240,5,5,23.53169927635963,55.04386739919036,45.953023386056245,76.38790304320943,True,17.365563926676188,True,0.669315048789465,True,157.26485570091705,True,23.53169927635963,True,-2.7512822490578515,True
5m_offset_0,sma_lp,10,480,5,4,12.38236559802035,27.217067912026373,24.225125620106414,34.66026372976134,True,80.89015565731654,True,9.089515307398276,True,12.38236559802035,True,-0.9369607323646445,True,119.88056312905901,True
5m_offset_0,ema_lp,10,480,5,5,26.822399475018898,41.470878555681026,37.4995325755183,26.822399475018898,True,51.583228981627194,True,22.304212306258297,True,104.35451449543156,True,2.2900375200691547,True,85.30307974306662,True
5m_offset_0,butter_lp_n1,10,480,5,5,46.66725971716765,56.54097253133155,54.82670104842266,46.66725971716765,True,55.779210860834084,True,33.39193980600648,True,103.22486918719149,True,43.641583085458045,True,69.73774972685791,True
5m_offset_0,butter_lp_n2,10,480,5,4,15.262781983752793,10.335563212530312,8.421402475467609,-21.914222247993244,True,37.3015574172912,True,19.975108063131074,True,1.0525908464697364,True,15.262781983752793,True,43.442650546424645,True
5m_offset_0,butter_bp_n1,10,480,5,5,21.494510770587105,32.897256897860665,30.21916434393863,29.501824216493254,True,21.494510770587105,True,14.27292018411035,True,89.06803205220844,True,10.148997265904192,True,6.095673782252731,True
5m_offset_0,sma_lp,20,960,5,5,20.359524323354595,25.03388941151376,23.403384649054605,4.24281949711991,True,37.74882589316319,True,4.765798872721794,True,20.359524323354595,True,58.05247847120931,True,6.259011300801132,True
5m_offset_0,ema_lp,20,960,5,5,24.994940727457248,39.35363731301978,37.183336402634914,42.782804743873434,True,24.994940727457248,True,21.430996576673046,True,88.84511273854343,True,18.714331778551774,True,28.696863030501074,True
5m_offset_0,butter_lp_n1,20,960,5,5,41.482252611982595,52.8454552920014,50.77393151746292,28.466312645018597,True,58.678513150566424,True,41.482252611982595,True,101.57608282793325,True,34.024115224506076,True,37.08672598494975,True
5m_offset_0,butter_lp_n2,20,960,5,5,9.45462078476984,19.751568789909786,18.54082520695972,5.164760143745339,True,50.100800614896414,True,9.45462078476984,True,29.10676548198774,True,4.930896924149608,True,43.629412867295756,True
5m_offset_0,butter_bp_n1,20,960,5,4,44.74327306940251,33.213878299037184,31.428146041275173,-0.12484145514954914,True,51.55513183046896,True,44.74327306940251,True,52.62532380309768,True,17.270504247366315,True,32.64981840122443,True
5m_offset_0,sma_lp,30,1440,5,4,21.19346267034643,19.80721646817533,17.653326412567782,21.19346267034643,True,43.65312926193388,True,-17.00319247305999,True,12.444306421994234,True,38.74837645966211,True,16.047598403421514,True
5m_offset_0,ema_lp,30,1440,5,5,24.16032805991413,26.90816658872438,25.857970050767953,17.17961944087807,True,39.09167479409887,True,3.865442370539851,True,50.24376827819097,True,24.16032805991413,True,18.677638825275555,True
5m_offset_0,butter_lp_n1,30,1440,5,5,31.93881385209285,48.70971404121999,45.24707848573879,24.90345254734232,True,39.41137878905667,True,31.93881385209285,True,118.54216586172126,True,28.75275915588682,True,87.39837836200672,True
5m_offset_0,butter_lp_n2,30,1440,5,5,21.69519670583453,30.02854511553752,28.236150649585134,32.29240746212043,True,71.14904907679917,True,4.049583874498075,True,20.956488458435384,True,21.69519670583453,True,43.21128466288449,True
5m_offset_0,butter_bp_n1,30,1440,5,4,21.323922855497933,23.183184300015768,21.744322169014364,19.765595350831067,True,21.323922855497933,True,27.963730245149332,True,52.60914960424861,True,-5.746476555648106,True,88.18443430543745,True
5m_offset_0,sma_lp,40,1920,5,3,4.9272148034333885,5.996627312108497,5.389389881012052,-2.6759513731332008,True,15.701724334454003,True,4.9272148034333885,True,-9.33281326792066,True,21.362962063708956,True,-9.521537251491118,True
5m_offset_0,ema_lp,40,1920,5,5,18.68171718851801,26.600718208243624,25.701118919651876,16.806427733948915,True,41.54365108440663,True,8.326909053886823,True,47.64488598045775,True,18.68171718851801,True,27.95822632596614,True
5m_offset_0,butter_lp_n1,40,1920,5,5,28.496838069092068,44.610365562633945,41.844329949517764,33.9079122746182,True,26.58169422991945,True,27.825625243984753,True,106.23975799555522,True,28.496838069092068,True,46.48160906319574,True
5m_offset_0,butter_lp_n2,40,1920,5,3,7.406063003778218,18.136886118362742,16.11365917173977,7.406063003778218,True,55.45145790725441,True,-2.0826539296026625,True,-2.4920308438719285,True,32.40159445425568,True,4.2837819532583366,True
5m_offset_0,butter_bp_n1,40,1920,5,5,19.514175855951898,35.45949469327528,33.34488763119576,10.611133009208995,True,58.299424775872176,True,19.514175855951898,True,71.19599229928295,True,17.676747526060367,True,105.21867567677216,True
5m_offset_0,sma_lp,50,2400,5,3,9.930399618436581,15.460180065738301,14.269890350541159,-0.128107925963461,True,-0.8369778371398517,True,9.930399618436581,True,44.430169074085214,True,23.905417399273034,True,-32.77960548043036,True
5m_offset_0,ema_lp,50,2400,5,5,12.755566977610599,21.960769164932152,21.18716376012926,12.755566977610599,True,30.220024971353787,True,9.70042679026517,True,45.91047455631847,True,11.217352529112734,True,17.592816306048498,True
5m_offset_0,butter_lp_n1,50,2400,5,5,28.28303158071639,40.05375558973256,37.23435516456248,38.750687141465015,True,14.141582719556677,True,28.28303158071639,True,98.22891654417059,True,20.864559962754136,True,47.96093869921345,True
5m_offset_0,butter_lp_n2,50,2400,5,4,25.18474733246252,17.846591417500772,14.43654195564612,41.61612965962858,True,44.94723657601305,True,4.161462834612095,True,-26.676619315212392,True,25.18474733246252,True,4.114015663316084,True
5m_offset_0,butter_bp_n1,50,2400,5,5,24.5822595544372,36.632365341889376,35.42548400019647,18.33991412202076,True,49.33957104798245,True,23.846609544068787,True,67.05347244093764,True,24.5822595544372,True,101.49292010466158,True
5m_offset_0,sma_lp,100,4800,5,4,6.397669082119917,6.107235054011482,4.483942001193375,-22.938740263182012,True,6.397669082119917,True,11.470660825830059,True,33.71450308965471,True,1.8920825356347315,True,23.206446761556787,True
5m_offset_0,ema_lp,100,4800,5,3,11.893362601990809,13.858782559246135,12.854606768599975,-3.254636105918385,True,-0.486270636970787,True,11.893362601990809,True,38.01159059767352,True,23.12986633945553,True,-15.308878265709048,True
5m_offset_0,butter_lp_n1,100,4800,5,5,25.43914795710713,26.76420812688654,25.938385965884912,10.695539269247533,True,41.890808833108736,True,11.214903197660098,True,44.58064137730919,True,25.43914795710713,True,-11.591991436570748,True
5m_offset_0,butter_lp_n2,100,4800,5,2,-1.6997849067818205,-6.163258588441211,-7.525513226452252,-13.367093611713965,True,9.12526258207038,True,7.318922486370649,True,-32.19359949215131,True,-1.6997849067818205,True,-10.36689908414804,True
5m_offset_0,butter_bp_n1,100,4800,4,3,27.891344254659668,22.316193031995503,20.702214449481147,,False,42.120350350570355,True,-8.689151647991878,True,25.365632534890036,True,30.4679408905135,True,36.65546948109946,True
5m_offset_0,sma_lp,200,9600,5,4,11.707054916447701,12.062846019779835,10.841394477426935,-13.717957094933642,True,21.42492315110176,True,5.866831263599659,True,11.707054916447701,True,35.0333778626837,True,22.16503202181066,True
5m_offset_0,ema_lp,200,9600,5,5,25.583730185335128,20.93690343691439,20.022726487117094,1.5245228378801157,True,42.12702182760477,True,7.031214321303092,True,28.418028012448836,True,25.583730185335128,True,9.820905954737057,True
5m_offset_0,butter_lp_n1,200,9600,5,4,13.250289631546686,17.49033083806096,16.414189841100413,13.250289631546686,True,26.11617671875832,True,7.69363822587481,True,43.57431009700685,True,-3.1827604828818856,True,12.125072734325283,True
5m_offset_0,butter_lp_n2,200,9600,5,4,12.2058525960143,7.520468603724037,6.6426694035387035,-15.019706353920837,True,17.31219263824011,True,12.2058525960143,True,0.9020597093905014,True,22.201944428896113,True,-24.33482223774509,True
5m_offset_0,butter_bp_n1,200,9600,2,2,13.256988153322213,13.324053263649283,13.256988153322213,,False,,False,,False,17.222217259769735,True,9.42588926752883,True,15.37407856562547,True
5m_offset_0,sma_lp,300,14400,4,3,19.19637184290457,12.250244307578065,6.864762831400673,,False,45.5020452345523,True,4.660783478623354,True,-36.9125556939958,True,35.7507042111324,True,22.956781722038322,True
5m_offset_0,ema_lp,300,14400,4,4,28.40006536441042,27.907202142097944,27.243689816691074,,False,45.5020452345523,True,9.281193536231068,True,26.00723204704012,True,30.83833775056828,True,22.956781722038322,True
5m_offset_0,butter_lp_n1,300,14400,4,3,14.598263290670532,16.289718318721718,15.078024563628457,,False,-5.305384709508765,True,9.417646830532567,True,41.022443849497336,True,20.024167304365736,True,-6.163290083663497,True
5m_offset_0,butter_lp_n2,300,14400,4,3,14.763513741263367,17.789512027040686,16.310875129497582,,False,45.5020452345523,True,-4.499746970967056,True,6.577686077987122,True,23.578063766590375,True,22.956781722038322,True
5m_offset_0,butter_bp_n1,300,14400,0,0,,,,,False,,False,,False,,False,,False,-3.330250829671233,True
