year,stage,first,last,days,n_trades,eligible,win_rate,mean_trade_log,marked_log_pnl,eff_1d,fast_share_1d,slow_work_velocity_5d,threshold_work_amplitude_5d
2021,0,2021-01-04,2021-01-08,5,19,True,0.15789473684210525,-0.0026806745543767356,-0.030485815180673753,0.1989167202702074,0.87820596938816597,0.58762646381174855,1.1183981415265005
2021,1,2021-01-11,2021-01-15,5,18,True,0.44444444444444442,0.00010799995102159585,0.0038953076910901562,0.11032357971377391,0.86824088052932358,0.31817530045627007,0.91508782731246041
2021,2,2021-01-18,2021-01-22,5,12,True,0.58333333333333337,0.0023145021593597766,0.035732228353318893,0.20202756459327903,0.86738396841181231,0.27522817706123071,0.84645509681410469
2021,3,2021-01-25,2021-01-29,5,16,True,0.4375,0.0012333311727266163,0.0091673173849524218,0.15242205044579074,0.87677354936187846,0.26980453839888296,0.94577870193634317
2021,4,2021-02-01,2021-02-05,5,15,True,0.40000000000000002,0.00080799524073488379,0.030508855572777015,0.16476027797008863,0.88468286679979191,0.30503430664933184,1.0060489333914238
2021,5,2021-02-08,2021-02-19,5,11,True,0.45454545454545453,0.0027356894832295518,0.021856551340191214,0.17916102616986962,0.87450573471998538,0.36165876036165095,1.0227608439067226
2021,6,2021-02-22,2021-02-26,5,15,True,0.46666666666666667,0.00049776165160148446,0.0027513337991785236,0.21259449896134588,0.88774396602248618,0.4197586012615786,1.1661023692866308
2021,7,2021-03-01,2021-03-05,5,15,True,0.40000000000000002,-0.0004269212855428845,-0.014326427880881544,0.19927189011141572,0.90882322306683228,0.37565338439218487,1.2178898896048742
2021,8,2021-03-08,2021-03-12,5,19,True,0.21052631578947367,-0.00096736629454585612,-0.015990288746293189,0.24685531331174126,0.89508110887968273,0.5511573040886546,1.0190814117778537
2021,9,2021-03-15,2021-03-19,5,15,True,0.33333333333333331,0.0010107277188642272,0.016250939849874614,0.16150914084062731,0.91609514191905483,0.28855572583769523,1.3228708017284705
2021,10,2021-03-22,2021-03-26,5,14,True,0.35714285714285715,-0.0017431436396870524,-0.0082995878335666556,0.19818280154789983,0.89559208633863852,0.19646280299422653,1.1254319877767123
2021,11,2021-03-29,2021-04-02,5,16,True,0.4375,0.001094457940573129,0.00031585402493620324,0.16140276114644561,0.90239432078150317,0.42926198341722871,1.0834209906859806
2021,12,2021-04-06,2021-04-12,5,19,True,0.15789473684210525,-0.0023909676285402935,-0.023672654070228463,0.16554503350893138,0.88354129476366217,0.46165354477391879,1.0184810771680106
2021,13,2021-04-13,2021-04-19,5,17,True,0.29411764705882354,-0.00069540848737519544,-0.032469057506348861,0.20350039682064375,0.8702598954263504,0.42029902943523556,1.0439618500457779
2021,14,2021-04-20,2021-04-26,5,21,True,0.33333333333333331,-0.0011286923869419725,-0.024841913285930918,0.12474875749453067,0.89343240196884943,0.4168481016399902,0.97344924723643511
2021,15,2021-04-27,2021-05-06,5,15,True,0.40000000000000002,-0.0011505923966390575,-0.017144551016709142,0.08276313809874021,0.88873371596859785,0.25359910962499965,0.99801043192723848
2021,16,2021-05-07,2021-05-13,5,15,True,0.46666666666666667,0.0021024577897923577,0.033175709997523117,0.1993628753661886,0.89353184750312609,0.55749383215708792,1.0893774860254553
2021,17,2021-05-14,2021-05-20,5,12,True,0.25,0.001063247678816224,0.010727576607228177,0.20877954379164487,0.89955850764078582,0.56100765887907789,1.0311169530552569
2021,18,2021-05-21,2021-05-27,5,13,True,0.46153846153846156,0.0025762223750793547,0.033733307740369908,0.29803599761385086,0.86045002775402923,0.49008091306127327,1.0775049977980562
2021,19,2021-05-28,2021-06-03,5,11,True,0.54545454545454541,0.0053191297556525611,0.068744329468714796,0.28291016060432628,0.84111578730111636,0.49323857851402952,0.78041196495894449
2021,20,2021-06-04,2021-06-10,5,15,True,0.53333333333333333,9.3789028246300406e-05,-0.010183736001636237,0.1434620636080178,0.88747463541493088,0.15742112267053493,1.0160107683262996
2021,21,2021-06-11,2021-06-18,5,16,True,0.375,0.002246309864800386,0.040623620738252271,0.21679089885197947,0.87150527352088647,0.26069707465446224,1.0065675219418333
2021,22,2021-06-21,2021-06-25,5,16,True,0.375,-0.00025388087780059822,0.0040583461921282161,0.18861641663165277,0.86949334385795396,0.46949763892028129,1.0099247160965381
2021,23,2021-06-28,2021-07-02,5,17,True,0.23529411764705882,0.00056224847401010883,0.0009713970017480103,0.16696346202174381,0.85813715438048432,0.34175641906696674,0.90237865613724677
2021,24,2021-07-05,2021-07-09,5,18,True,0.3888888888888889,-0.00098968755030108286,-0.020638182127871718,0.22752596983580498,0.87637332683683966,0.19179431078182796,0.88882296232439695
2021,25,2021-07-12,2021-07-16,5,12,True,0.5,0.0012008311442187343,0.024742457998227316,0.14276211581842957,0.92849722603570339,0.26655247213047673,1.1762368198430202
2021,26,2021-07-19,2021-07-23,5,13,True,0.46153846153846156,0.0010674842021540175,0.0035000059157909921,0.16841683157403942,0.90887286343422835,0.41891598882164266,1.2641682471924653
2021,27,2021-07-26,2021-07-30,5,12,True,0.58333333333333337,0.011995740294984132,0.14619955043748384,0.12196205840108605,0.86851411515016497,0.22255191601840357,0.79695846768749645
2021,28,2021-08-02,2021-08-06,5,16,True,0.375,-0.00090577907677113633,-0.016093454654789712,0.13303868448494027,0.92634555153931541,0.16659825041456908,1.2167979611112876
2021,29,2021-08-09,2021-08-13,5,17,True,0.29411764705882354,-0.0017863770370332187,-0.018248519359163721,0.12668057553518614,0.9057296015600601,0.16612524265959278,1.2467192041938857
2021,30,2021-08-16,2021-08-20,5,15,True,0.53333333333333333,0.0008130516534399022,0.00065033418598301265,0.14922746457425931,0.92700275858259551,0.3148289238334403,1.1955729810991809
2021,31,2021-08-23,2021-08-27,5,13,True,0.30769230769230771,0.0030196311057232158,0.047344362121799599,0.3047929959893062,0.85582095048993079,0.382776046078113,1.0226717242321164
2021,32,2021-08-30,2021-09-03,5,10,True,0.59999999999999998,0.007018274556744912,0.060385769197197639,0.16804638972028502,0.89556943964454983,0.5921501257197489,1.0212966651532931
2021,33,2021-09-06,2021-09-10,5,11,True,0.27272727272727271,-0.00045416581526531161,0.015446250771415322,0.20877619171626369,0.93060104614529027,0.32308535156701362,1.1913145560987706
2021,34,2021-09-13,2021-09-17,5,8,True,0.75,0.0066584944578634685,0.044998780374082198,0.30314742285014806,0.87452814361045283,0.38082272368761894,0.95874836786290718
2021,35,2021-09-22,2021-09-28,5,13,True,0.30769230769230771,-0.0031593889078280787,-0.044989469257962045,0.098924998860225072,0.91712971908125929,0.3551596194204597,1.1023525492318575
2021,36,2021-09-29,2021-10-12,5,10,True,0.5,0.00045382698495926091,0.032526704436090743,0.23779947581899813,0.86742030172904161,0.21906996374096604,1.2396313044541794
2021,37,2021-10-13,2021-10-19,5,13,True,0.46153846153846156,0.0038247627670065978,0.019707815434646246,0.18832365779323196,0.90892639461050673,0.32772602092159958,0.9973921710554533
2021,38,2021-10-20,2021-10-26,5,11,True,0.45454545454545453,0.00030201878854558981,0.0045797520063031354,0.12603813597666541,0.93623906694567149,0.24683691089738669,1.2545505733728355
2021,39,2021-10-27,2021-11-02,5,15,True,0.40000000000000002,-0.00054726371602104181,-0.013423264024137262,0.15679925379062648,0.92082380342705805,0.37040125095618792,1.3639131432324139
2021,40,2021-11-03,2021-11-09,5,9,True,0.55555555555555558,0.0020370911395476477,0.015145001888470622,0.13296139827195852,0.93134634068701416,0.26575331168148197,1.1610307014085977
2021,41,2021-11-10,2021-11-16,5,20,True,0.20000000000000001,-0.0010958204337195084,-0.015679316062157382,0.11936662351040372,0.89062889452186889,0.29854993720165834,1.1629649435856111
2021,42,2021-11-17,2021-11-23,5,11,True,0.54545454545454541,0.0022603540609579379,0.01909694097726845,0.25504985293053728,0.87538955656453687,0.32746916384165542,1.012625910304787
2021,43,2021-11-24,2021-11-30,5,14,True,0.5714285714285714,0.00090263431763748709,0.014901812407498235,0.10479710675160232,0.9099688120571473,0.38390377501940226,1.1688237486322559
2021,44,2021-12-01,2021-12-07,5,12,True,0.33333333333333331,0.0020331334648597118,0.025386237794558845,0.36317405212410747,0.85693564035545156,0.51330157988203973,0.93708458978247988
2021,45,2021-12-08,2021-12-14,5,11,True,0.36363636363636365,0.0016152644850530057,0.018685732362755961,0.20249934976219511,0.88653171375871176,0.47860243784854883,1.0000901459184699
2021,46,2021-12-15,2021-12-21,5,9,True,0.33333333333333331,0.0031691383364510581,0.028017625719160152,0.27953776080735582,0.8940698504947614,0.63639944339508447,1.0806351506812191
2021,47,2021-12-22,2021-12-28,5,16,True,0.375,0.00022957785410774982,0.0078194158849743609,0.11709316884860635,0.91462751797352448,0.40939259493440827,1.0969061393101118
2021,48,2021-12-29,2021-12-31,3,4,False,0.75,0.004716362113021396,0.021917731468564527,0.35877375780943604,0.84399112247863772,0.32884285990468953,0.93596458176801611
2022,0,2022-01-04,2022-01-10,5,13,True,0.69230769230769229,0.0037115561465276481,0.037744161259107879,0.28778892798910155,0.84578504682882694,0.54080561255932702,0.7582506419562961
2022,1,2022-01-11,2022-01-17,5,17,True,0.23529411764705882,-0.0023304496805922992,-0.036011534320669898,0.30962010808706814,0.8875896308729132,0.28176414979166342,0.92869100010563699
2022,2,2022-01-18,2022-01-24,5,13,True,0.46153846153846156,0.00045783916321303253,0.0026545101077885859,0.2136781757511575,0.90701588376341236,0.39245459190833809,1.1721889070110783
2022,3,2022-01-25,2022-02-07,5,18,True,0.22222222222222221,-0.0037467238592270649,-0.059592027346900778,0.18430340427821584,0.90777540743407026,0.45536838742005753,1.3087820453366992
2022,4,2022-02-08,2022-02-14,5,14,True,0.14285714285714285,0.00037431545638791792,0.0022720622280064939,0.20423663597350722,0.88630849038504045,0.41183783197220764,1.1396111554771422
2022,5,2022-02-15,2022-02-21,5,14,True,0.42857142857142855,0.000637646409067898,0.0043610262577166046,0.17837580182322807,0.92333591474315657,0.36537604253286821,1.1300863597160455
2022,6,2022-02-22,2022-02-28,5,11,True,0.54545454545454541,0.0074582763080346245,0.083575218546479743,0.25578867185226178,0.86694909003974951,0.32223844709614957,0.7590716158168056
2022,7,2022-03-01,2022-03-07,5,11,True,0.45454545454545453,-0.0012506801649369867,0.027809511519185429,0.21109592625210935,0.87672035462489073,0.37557668413196582,0.94464927031100032
2022,8,2022-03-08,2022-03-14,5,14,True,0.5714285714285714,0.0064692060670981611,0.05478977312164051,0.17991660114956748,0.88889745722422264,0.36413846465646482,0.9090681086351925
2022,9,2022-03-15,2022-03-21,5,9,True,0.66666666666666663,0.01223185745469533,0.1072768893582778,0.14082030846844046,0.89605625900172803,0.22723255167778095,1.0018839394593129
2022,10,2022-03-22,2022-03-28,5,13,True,0.30769230769230771,-9.4637818025192975e-05,-0.0030183557060318306,0.23052330725708498,0.90235927084475553,0.3165992223423858,1.056221687175418
2022,11,2022-03-29,2022-04-06,5,10,True,0.29999999999999999,-0.0015962288059593291,0.0098910634560057734,0.29743231341842968,0.87682432169116087,0.40673189715914065,1.0099024349637715
2022,12,2022-04-07,2022-04-13,5,10,True,0.40000000000000002,0.0063154717811686701,0.042499862326548274,0.24142822879928566,0.88505244233026448,0.60762929884711148,1.0956625339645114
2022,13,2022-04-14,2022-04-20,5,14,True,0.5,0.0015045477845908109,0.021393215970748499,0.1890439820213809,0.90706415784236571,0.3286766198336975,1.0155697904952483
2022,14,2022-04-21,2022-04-27,5,15,True,0.40000000000000002,0.0017509526719588424,0.066635433785953366,0.26928027934871646,0.86679667398250948,0.58823008759424744,0.93219917764771121
2022,15,2022-04-28,2022-05-09,5,14,True,0.2857142857142857,0.0030400718407930074,-0.0058595037249496995,0.14914448072923575,0.87375201863818253,0.42586304711039524,0.92302583758762746
2022,16,2022-05-10,2022-05-16,5,11,True,0.45454545454545453,0.0018387234430558624,0.029239582397772558,0.18049592694581862,0.85355848430098702,0.4527520308458241,0.84416825749059865
2022,17,2022-05-17,2022-05-23,5,15,True,0.33333333333333331,-0.0012674400155324999,-0.019215845336494744,0.12544404087023645,0.91006564025118697,0.25583084123842448,1.2649935165796176
2022,18,2022-05-24,2022-05-30,5,16,True,0.3125,-0.00060228893177704731,-0.017210902966660644,0.17782187829273483,0.89861940743652391,0.3638399326096553,1.0810418848562133
2022,19,2022-05-31,2022-06-07,5,16,True,0.1875,0.0023511430574112875,0.037396169246027566,0.2589106761434975,0.85754138004728664,0.60218236475536713,1.0103741909859059
2022,20,2022-06-08,2022-06-14,5,16,True,0.375,0.00014659437690859407,0.017678245773407927,0.19152222660683613,0.84673419981314546,0.40786484420646962,0.84735732997248314
2022,21,2022-06-15,2022-06-21,5,18,True,0.27777777777777779,-0.0028629702492400169,-0.069521114373954196,0.098258440319291943,0.89953957833919795,0.1922152322394137,1.0449177749156013
2022,22,2022-06-22,2022-06-28,5,14,True,0.35714285714285715,0.00075642927128205355,0.032749339581984234,0.16884967082949237,0.88986521030376819,0.2261606611678913,1.1918116806412513
2022,23,2022-06-29,2022-07-05,5,18,True,0.5,-0.0001267734507103216,-0.01513789482450067,0.13105857386074077,0.90032717453034328,0.16962668997014177,1.1240106622346793
2022,24,2022-07-06,2022-07-12,5,17,True,0.35294117647058826,-0.00097058102980418937,-0.020526708508081644,0.18638098716000073,0.89350210502381766,0.25214876427323862,1.0352854581514763
2022,25,2022-07-13,2022-07-19,5,11,True,0.54545454545454541,0.0029563397257670533,0.033021204787943223,0.10536642418955919,0.89505110659925613,0.32857317434378402,1.0435770613500817
2022,26,2022-07-20,2022-07-26,5,12,True,0.5,0.0016155117538958843,0.015776937120406363,0.14653830252089214,0.90905775400243949,0.24295747089675798,1.0154154719883122
2022,27,2022-07-27,2022-08-02,5,13,True,0.38461538461538464,-0.0019097974882840937,-0.025565442849415577,0.14776960713390971,0.92044509725178014,0.24156183881076418,1.3246768153338835
2022,28,2022-08-03,2022-08-09,5,13,True,0.38461538461538464,0.00062781645175511206,0.0118721932693522,0.15426360004188355,0.89472536342444753,0.2624811571300858,1.0499989175447806
2022,29,2022-08-10,2022-08-16,5,13,True,0.23076923076923078,-0.0013797397934190907,-0.014608216740583629,0.18526765654950511,0.91951276801045556,0.31947851388584525,1.2999802962339202
2022,30,2022-08-17,2022-08-23,5,8,True,0.5,0.0025529585499882023,0.014115758486841722,0.15865769839777447,0.9112855231681275,0.43252339902173886,1.3234542736158732
2022,31,2022-08-24,2022-08-30,5,14,True,0.35714285714285715,0.0015614591891824879,0.02079606175873824,0.18923907860344027,0.86165480303031095,0.63402358385768187,0.97440839034365445
2022,32,2022-08-31,2022-09-06,5,15,True,0.33333333333333331,-0.0008868642493035637,-0.010589450596394216,0.1081224980863658,0.91287676053497768,0.24311900298458836,1.0763271739079099
2022,33,2022-09-07,2022-09-14,5,14,True,0.5,0.0013780406669104738,0.018708008024627614,0.12406332109792148,0.87516662961059899,0.28290578081979789,0.93945112342998949
2022,34,2022-09-15,2022-09-21,5,13,True,0.53846153846153844,0.0025576867700659628,0.032020498210033291,0.20801064839046232,0.88514617550590136,0.42758016075187655,0.89459282886588354
2022,35,2022-09-22,2022-09-28,5,18,True,0.33333333333333331,-0.0024136270307896683,-0.042224742767599924,0.16300007083097379,0.89887439023859028,0.22436377239879229,1.1439424243464067
2022,36,2022-09-29,2022-10-12,5,13,True,0.38461538461538464,0.002519706915583504,0.077811983792865122,0.27144883542705722,0.86837924760141116,0.5651839164248329,0.98004758288685101
2022,37,2022-10-13,2022-10-19,5,11,True,0.45454545454545453,0.0048465735792323139,0.012920535878319024,0.14434875500039074,0.89234690358707014,0.54443105809409764,0.81846951903054332
2022,38,2022-10-20,2022-10-26,5,16,True,0.4375,-0.0010646638657318733,-0.024919817296358778,0.13476297837604739,0.84890559668074261,0.23024491857003887,0.9916851461370445
2022,39,2022-10-27,2022-11-02,5,20,True,0.29999999999999999,-0.0038132899537223082,-0.074898902257571912,0.10167147280888915,0.91835952315651392,0.28582405804819594,1.1661474616491154
2022,40,2022-11-03,2022-11-09,5,14,True,0.2857142857142857,-0.0025862812961886792,-0.029042077752342868,0.18849534736157661,0.9152038977787823,0.38361415893060646,1.4015526388369577
2022,41,2022-11-10,2022-11-16,5,12,True,0.33333333333333331,-0.00062110855046313871,-0.0045738024788139538,0.16452219296347273,0.90320206200054753,0.2266463028877736,1.1418468609090118
2022,42,2022-11-17,2022-11-23,5,11,True,0.36363636363636365,0.0040281383662357593,0.047065780702639892,0.086293042206801271,0.90733780134076425,0.26099305038567866,1.0587542059401516
2022,43,2022-11-24,2022-11-30,5,13,True,0.23076923076923078,0.0009812771963784747,0.004696899258735468,0.15597013048862779,0.91746996440884865,0.32028791769248832,1.0977084215665509
2022,44,2022-12-01,2022-12-07,5,12,True,0.25,-0.0010206088594905509,-0.012105405024949849,0.074841165207158986,0.91606136031069862,0.20531128920064118,1.0527118064208247
2022,45,2022-12-08,2022-12-14,5,14,True,0.21428571428571427,-0.0019722158849269818,-0.023887619628516949,0.14241581275541662,0.94143123554128338,0.19143185750953085,1.3371988970227549
2022,46,2022-12-15,2022-12-21,5,12,True,0.25,-0.00011335598499004889,0.0014959421819502085,0.23966236007720418,0.91651418788282035,0.61924468213262318,1.1577133073119392
2022,47,2022-12-22,2022-12-28,5,12,True,0.5,0.0044929154883693425,0.04319735018177176,0.2926632924782227,0.90237034164820362,0.66269191966001384,0.99540289714549623
2022,48,2022-12-29,2022-12-30,2,7,False,0.2857142857142857,-0.0024027087972600092,-0.018745027166316829,0.064525021902882132,0.91824807143980181,0.45586434011278926,1.0272759277388099
2023,0,2023-01-03,2023-01-09,5,10,True,0.59999999999999998,0.0051705508107750698,0.052943186339276763,0.21972350770014018,0.84144763346378737,0.39025600656887766,0.91439308188562707
2023,1,2023-01-10,2023-01-16,5,13,True,0.46153846153846156,0.0018419948811783391,0.026371201206510778,0.17658481309187299,0.85444029923083353,0.40752265489623368,0.85709870676062072
2023,2,2023-01-17,2023-01-30,5,12,True,0.33333333333333331,0.00056906351324903558,0.0080772565613467899,0.19900761907834744,0.86896572698291497,0.49737514884314049,0.83303687279818139
2023,3,2023-01-31,2023-02-06,5,12,True,0.5,0.00020058595379306241,0.00077176688023865986,0.19217728719101507,0.87693617191841255,0.28522300130353939,1.1310401448325154
2023,4,2023-02-07,2023-02-13,5,10,True,0.5,0.0019904241166233193,0.017797703406260971,0.19372255701022989,0.91868371289245165,0.18475841707574928,1.1781348454695035
2023,5,2023-02-14,2023-02-20,5,11,True,0.27272727272727271,0.00092157743967652926,0.019731652387312289,0.18509731692797229,0.90719360671981042,0.34682379211402864,1.1586751017190857
2023,6,2023-02-21,2023-02-27,5,21,True,0.047619047619047616,-0.0019521600764840258,-0.046117913646976622,0.08440920084734721,0.94587839911989025,0.340716656275731,1.3118093025549971
2023,7,2023-02-28,2023-03-06,5,18,True,0.27777777777777779,-0.001775046619623966,-0.038290978791638668,0.15079402862508762,0.88644750047584397,0.13847358045720368,1.2148964632943904
2023,8,2023-03-07,2023-03-13,5,19,True,0.31578947368421051,-0.00078502977843538583,-0.01258827745090535,0.16154875117913156,0.91831912243482117,0.17486016380399005,1.0007459716002238
2023,9,2023-03-14,2023-03-20,5,11,True,0.45454545454545453,0.0032034388259854886,0.037790465881955282,0.21152024607533693,0.88974984120986811,0.25786212437704903,0.99566795183176315
2023,10,2023-03-21,2023-03-27,5,16,True,0.5,0.00092753475705228765,0.01061158376664564,0.11644940571078695,0.91281749432867321,0.4070136083484856,1.0958488169769065
2023,11,2023-03-28,2023-04-03,5,17,True,0.35294117647058826,-0.00066139415160586766,0.0048390952878351757,0.24998539883345111,0.87609210615100763,0.37241478350183399,0.93736864850613999
2023,12,2023-04-04,2023-04-11,5,16,True,0.3125,-0.0012160863984743823,-0.036569768895116234,0.14664783819582886,0.88654613079882805,0.43028540329683629,0.94180726443874785
2023,13,2023-04-12,2023-04-18,5,11,True,0.63636363636363635,0.0033788369310094029,0.039864126530187463,0.19174711608985856,0.90149716654208567,0.27505415350966339,1.1405516276652481
2023,14,2023-04-19,2023-04-25,5,18,True,0.27777777777777779,0.00019809651802014233,0.0026920314810738241,0.23921104796034781,0.89281229776657756,0.33685551773078831,0.99320349054092794
2023,15,2023-04-26,2023-05-05,5,16,True,0.375,-0.00021681661347433805,-0.0024327932024770047,0.21300885554986565,0.89878876402442209,0.36123127425629653,1.0642550161785991
2023,16,2023-05-08,2023-05-12,5,10,True,0.5,0.0017663414524962343,0.027325917590158989,0.16780299650685354,0.9175766876001562,0.37541993795943301,1.2300033275710189
2023,17,2023-05-15,2023-05-19,5,14,True,0.6428571428571429,0.001613012730215996,0.014314402709940142,0.087029226525051032,0.93228111935512437,0.30600053238066932,1.1745050441782749
2023,18,2023-05-22,2023-05-26,5,13,True,0.53846153846153844,0.0011523105098114285,0.016897444464835785,0.20994571171266427,0.91281099882740224,0.30995793052677134,1.1129274027797256
2023,19,2023-05-29,2023-06-02,5,15,True,0.40000000000000002,0.00041888785597454884,0.0040780649782108753,0.11677282864412472,0.91585519489848966,0.34731231673855212,1.0835997816344023
2023,20,2023-06-05,2023-06-09,5,13,True,0.15384615384615385,-0.00049539282028464304,0.0055761965430643611,0.23770574469324876,0.9154042879051687,0.54708109961929718,1.2009698284365149
2023,21,2023-06-12,2023-06-16,5,14,True,0.2857142857142857,0.00023722997858064606,0.008283834024483629,0.14458608634868275,0.91417391471319009,0.46236048674668623,1.2253778481085438
2023,22,2023-06-19,2023-06-27,5,16,True,0.5,0.00023872415330732175,-0.016349369650134768,0.12951493206760187,0.89641328850273128,0.37679480526476739,1.108012025233436
2023,23,2023-06-28,2023-07-04,5,18,True,0.33333333333333331,-0.0016186397675572251,-0.027951052613286009,0.09061352789758749,0.91156264934006404,0.23770748971690825,1.1367284654746102
2023,24,2023-07-05,2023-07-11,5,14,True,0.35714285714285715,0.00028671518579242831,0.0045582409910037511,0.15597242206734951,0.90583615023026687,0.25279275415118108,1.1115383563245627
2023,25,2023-07-12,2023-07-18,5,15,True,0.26666666666666666,-0.0012023654850235274,-0.016758139520996154,0.2337102956772113,0.91738602087481524,0.24591178059033644,1.2951177490820274
2023,26,2023-07-19,2023-07-25,5,13,True,0.30769230769230771,-0.0013917591184869212,-0.01422736688638173,0.23496053614116019,0.93439807936945951,0.56828953592122444,1.6005260162503667
2023,27,2023-07-26,2023-08-01,5,12,True,0.25,0.001843977484883806,0.017703079965893185,0.18509420934370388,0.92187925186040087,0.33968139411758996,1.2094107910186833
2023,28,2023-08-02,2023-08-08,5,17,True,0.29411764705882354,-0.00047766261344426436,-0.00825245186203033,0.13784488077721674,0.92446328676321932,0.27609317435277358,1.1050296030302216
2023,29,2023-08-09,2023-08-15,5,11,True,0.54545454545454541,0.004077820897971993,0.043893944996107631,0.28601312224032222,0.87268643205076624,0.72718410828117386,1.0186082020800962
2023,30,2023-08-16,2023-08-22,5,18,True,0.44444444444444442,0.00019456514761814327,0.01958612933483779,0.19052482075773775,0.88462435517651339,0.53088792262278506,0.9678053654267138
2023,31,2023-08-23,2023-08-29,5,13,True,0.30769230769230771,-0.0059882488783956182,-0.096214856797052023,0.25449375062218577,0.85040315258310817,0.23515118561602724,0.84416528115118117
2023,32,2023-08-30,2023-09-05,5,14,True,0.2857142857142857,-0.0030144095102662936,-0.026986628751478951,0.14645751038404431,0.88761298780717435,0.33011516071993896,0.94088182258451913
2023,33,2023-09-06,2023-09-12,5,14,True,0.2857142857142857,0.0013600326162755067,0.0083861053249727792,0.20969571556875111,0.87921249344235231,0.37091123657066571,1.0977518117858276
2023,34,2023-09-13,2023-09-19,5,17,True,0.35294117647058826,0.00052217362474799977,0.0063272535717774706,0.15945767562454155,0.88627144586923468,0.39904229621215082,0.98271047089605224
2023,35,2023-09-20,2023-09-26,5,19,True,0.31578947368421051,-0.0016783489709971719,-0.030041392069190643,0.23471976076033041,0.889540561862179,0.2790798059675606,1.0258420044425893
2023,36,2023-09-27,2023-10-11,5,17,True,0.29411764705882354,-0.00080188954818133829,-0.01474160977812458,0.15197767557368,0.89769124412552936,0.19512991759788939,1.0732655987407838
2023,37,2023-10-12,2023-10-18,5,15,True,0.33333333333333331,-0.0013125280728316362,-0.018888752886988616,0.24329777538436193,0.87479721236404351,0.24262759042077059,0.99060923524649824
2023,38,2023-10-19,2023-10-25,5,10,True,0.59999999999999998,0.0044439724376264863,0.049439908351551792,0.17708591279742092,0.89334426267314515,0.36039542946401837,1.0616966734605975
2023,39,2023-10-26,2023-11-01,5,10,True,0.5,0.0052358498482189889,0.048493275124487797,0.13733275247897828,0.91487104613335379,0.38548097632578288,1.0503459290904922
2023,40,2023-11-02,2023-11-08,5,13,True,0.38461538461538464,0.0010430333477713333,0.01422605092134761,0.21650608746924799,0.89781550825028567,0.3989237051385871,1.2090018735767196
2023,41,2023-11-09,2023-11-15,5,15,True,0.26666666666666666,-0.00018764771959699718,-0.000961835737932872,0.1240619534600361,0.89881029248800814,0.25919035628861709,1.1485343016465972
2023,42,2023-11-16,2023-11-22,5,14,True,0.35714285714285715,0.00032660242800002008,0.020770013929141469,0.2264612755556879,0.89227787938458325,0.34289812662635555,1.0544022907715085
2023,43,2023-11-23,2023-11-29,5,16,True,0.25,-0.00035961239761972993,-0.020482454624153323,0.18484276411920314,0.92457619884281661,0.37139806751083321,1.1597177947373463
2023,44,2023-11-30,2023-12-06,5,17,True,0.29411764705882354,-0.00016806362150747692,-0.010802369672067054,0.15407879757305298,0.88177154811830205,0.25698238874310558,1.1801272363435982
2023,45,2023-12-07,2023-12-13,5,11,True,0.45454545454545453,0.0014495146595591099,0.023528860472724268,0.21973412031381331,0.90399217726231884,0.42204690194467698,1.0940802081006489
2023,46,2023-12-14,2023-12-20,5,14,True,0.5,-0.00028189728438992012,-0.0041641388730865644,0.17731509460230815,0.93104127345184862,0.45493098436989615,1.456484001605564
2023,47,2023-12-21,2023-12-27,5,13,True,0.30769230769230771,0.00053667207397184284,0.0011713755232047093,0.16501801735819024,0.92871286427706645,0.28260429113627616,1.1318794088242976
2023,48,2023-12-28,2023-12-29,2,6,False,0.16666666666666666,0.00045265498567253343,0.0031431962891238924,0.24531067172191626,0.88932328712488484,0.44016589584094573,1.2066713736343879
2024,0,2024-01-02,2024-01-08,5,9,True,0.44444444444444442,0.0013931717218621511,0.056436433777960038,0.32920552778177159,0.89619304281670931,0.73384048923029321,1.1970340964022785
2024,1,2024-01-09,2024-01-15,5,18,True,0.27777777777777779,0.00064231031089100174,-0.026758502700262858,0.15373054898915353,0.88346299756233704,0.50161530996326542,1.0984920277764025
2024,2,2024-01-16,2024-01-22,5,14,True,0.42857142857142855,0.0011611473014556607,0.013192852827672671,0.20935577358531332,0.88831836852873425,0.28661889717958194,0.98577236950969505
2024,3,2024-01-23,2024-01-29,5,14,True,0.35714285714285715,0.0017407637457110472,0.021621393120213394,0.22368570131828572,0.85015627090366785,0.28233119382238697,0.9222749413589838
2024,4,2024-01-30,2024-02-05,5,10,True,0.69999999999999996,0.011486273619174776,0.10777381416330031,0.16776242151920789,0.87346719458425848,0.53863307697020013,0.92859801344307102
2024,5,2024-02-06,2024-02-20,5,9,True,0.44444444444444442,0.0064434369790403899,0.069397742343113134,0.20674341518927114,0.90325579003772682,0.50050046476054999,1.0031792013750815
2024,6,2024-02-21,2024-02-27,5,16,True,0.3125,-0.0015931197245340522,0.010458350606671829,0.12623709666951083,0.8816218518555331,0.30573463828525993,1.1168837959530957
2024,7,2024-02-28,2024-03-05,5,15,True,0.46666666666666667,0.0045201955770733755,0.029262279216069824,0.15642960802874861,0.9132210905346152,0.32947209859216681,0.8773989536924407
2024,8,2024-03-06,2024-03-12,5,11,True,0.54545454545454541,0.0030699058376709178,0.030650485829056731,0.17772944461622095,0.90866473432474437,0.30041008708937245,1.2952824623766352
2024,9,2024-03-13,2024-03-19,5,11,True,0.63636363636363635,0.0038803270847848864,0.051158291063098958,0.19390548162474991,0.89531315308415405,0.31290154492499589,1.0796451074308693
2024,10,2024-03-20,2024-03-26,5,10,True,0.5,0.002843194199345912,0.020145338320657343,0.15180353453925433,0.90580989768577369,0.41581067875838712,1.0989396250248167
2024,11,2024-03-27,2024-04-02,5,10,True,0.59999999999999998,0.0049934640648471463,0.051009332151857538,0.2004881067629784,0.89082644265778244,0.49270998039242137,1.0361753346307183
2024,12,2024-04-03,2024-04-11,5,12,True,0.33333333333333331,0.0011385458399120849,0.018629157657214505,0.28358755358513643,0.88151771921932143,0.4187617566570645,1.0294525068862916
2024,13,2024-04-12,2024-04-18,5,16,True,0.4375,-0.0013105102807198295,-0.019218263735696524,0.18542646626076228,0.92019697596841321,0.16807260467361951,1.0604008049546017
2024,14,2024-04-19,2024-04-25,5,14,True,0.21428571428571427,-0.00066977117063215185,-0.013471529656953592,0.18032875842541712,0.90085084470857224,0.26865332111950158,1.2251932606536855
2024,15,2024-04-26,2024-05-07,5,14,True,0.5,0.0013600993491350878,0.015757209847940802,0.30622171441838519,0.88428104682190001,0.54129627610374675,0.93982843697354213
2024,16,2024-05-08,2024-05-14,5,14,True,0.2857142857142857,-0.0018785621541710727,-0.022444718035805791,0.22746335023811209,0.90048670060643921,0.24153846068634066,1.0459445959628124
2024,17,2024-05-15,2024-05-21,5,12,True,0.41666666666666669,0.00021122353500505246,0.0042897486940800932,0.16375955402634249,0.92877256195382718,0.27882220689673803,1.3835100047245867
2024,18,2024-05-22,2024-05-28,5,12,True,0.58333333333333337,0.0046863097978313509,0.059584398924435157,0.27617449655086385,0.84099102333484532,0.30007274046118337,0.84934145214204937
2024,19,2024-05-29,2024-06-04,5,13,True,0.38461538461538464,-3.8190085206018672e-05,-0.0037024192984839144,0.093454463448587544,0.90383603879291863,0.26891502712691856,0.96465840727859986
2024,20,2024-06-05,2024-06-12,5,10,True,0.59999999999999998,0.0031075092535461308,0.025876435523183902,0.13755254877186479,0.90953584866564241,0.27595359370228462,1.1533411035964405
2024,21,2024-06-13,2024-06-19,5,21,True,0.33333333333333331,-0.0013183908127590207,-0.027076189740373881,0.093185544333773587,0.89539058942156513,0.25455394764546313,1.114711516941209
2024,22,2024-06-20,2024-06-26,5,13,True,0.53846153846153844,0.0040678678452504349,0.067567771091618503,0.22534780512736066,0.87924450897802964,0.35177271240448926,1.0064815271182901
2024,23,2024-06-27,2024-07-03,5,15,True,0.40000000000000002,0.0025426374710598625,0.025970587422150207,0.14383066196012606,0.91090203236263745,0.41038559506422762,1.01373484375366
2024,24,2024-07-04,2024-07-10,5,8,True,0.5,0.005758472482782117,0.042419069227637246,0.18329319008247275,0.90329503425191116,0.34069146876628109,1.0362729146084291
2024,25,2024-07-11,2024-07-17,5,18,True,0.22222222222222221,-0.0022312802000595145,-0.038007892936243834,0.13080656912531138,0.89977577393243935,0.30523766138862268,1.0458801611410151
2024,26,2024-07-18,2024-07-24,5,10,True,0.5,0.0050584147673731813,0.056373906376199143,0.25131065946647391,0.90492762193241449,0.42770127803457469,1.002838570441307
2024,27,2024-07-25,2024-07-31,5,13,True,0.38461538461538464,0.0012236764090276069,0.056695785744346208,0.20109588734457812,0.88868945467651594,0.44623067765458452,1.2057828664396724
2024,28,2024-08-01,2024-08-07,5,19,True,0.36842105263157893,0.00024344425866623036,-0.039836490268261748,0.20693102473553054,0.89272452146260761,0.45227458165757523,0.99693334841395043
2024,29,2024-08-08,2024-08-14,5,18,True,0.16666666666666666,-0.0016248396300222101,-0.030682552130134735,0.10312443755839992,0.92951644176189685,0.17778879998927147,1.1683125124888272
2024,30,2024-08-15,2024-08-21,5,12,True,0.41666666666666669,-4.2827435910094027e-05,0.0014361065778790024,0.13696923027832483,0.92631152122232285,0.2006911348695862,1.2119564384036099
2024,31,2024-08-22,2024-08-28,5,17,True,0.35294117647058826,-0.0013599628079514179,-0.028722368268426956,0.11975331741148269,0.93246396228510375,0.41959044853528377,1.4104074684338619
2024,32,2024-08-29,2024-09-04,5,11,True,0.36363636363636365,0.0025577273949763291,0.031777734727812111,0.26648374430980082,0.88084804025904029,0.33923220114253788,1.0365597018957129
2024,33,2024-09-05,2024-09-11,5,13,True,0.46153846153846156,0.00023500295341834639,0.0016222995745357204,0.16999692131662908,0.91715664007121389,0.40085919763894184,1.2916010900524
2024,34,2024-09-12,2024-09-20,5,12,True,0.41666666666666669,0.00074906858905609197,0.014186497989597077,0.14331454371955726,0.88156905643461769,0.31937684446295295,1.2564653546366229
2024,35,2024-09-23,2024-09-27,5,9,True,0.44444444444444442,0.014931871316846094,0.12744646405805932,0.32323943530318866,0.78351383004791708,0.63508249066704836,0.81352933653254189
2024,36,2024-09-30,2024-10-11,5,8,True,0.75,0.032966953412607344,0.27620619665353402,0.28345493765790458,0.88555866955707752,0.5916811290363716,0.89801762921758299
2024,37,2024-10-14,2024-10-18,5,11,True,0.54545454545454541,0.0075554058931091963,0.17283134360033353,0.19253222498485878,0.89197707599234433,0.34052551862965191,0.96047265546325744
2024,38,2024-10-21,2024-10-25,5,15,True,0.40000000000000002,0.0078220843016087518,0.020787658779373795,0.073219946863148394,0.91014260947408654,0.41428724383192711,1.0486167700553741
2024,39,2024-10-28,2024-11-01,5,16,True,0.3125,-0.00016352770179976729,0.0036665423095050935,0.13806367791779817,0.91985702922385337,0.18046877133498343,1.1978086743408305
2024,40,2024-11-04,2024-11-08,5,12,True,0.41666666666666669,0.0050417391036566917,0.070023212071556346,0.17396313676337471,0.89059966729311912,0.41913448034738165,1.0295937648127105
2024,41,2024-11-11,2024-11-15,5,20,True,0.20000000000000001,-0.0040352519362873793,-0.081179018932344749,0.25805945380804374,0.89387922909531725,0.36097134893049609,1.1770964390958578
2024,42,2024-11-18,2024-11-22,5,12,True,0.5,0.0020994240367262795,0.045891499337777461,0.19011012143029932,0.87849622962825857,0.39516483779422307,0.98320960749051789
2024,43,2024-11-25,2024-11-29,5,10,True,0.69999999999999996,0.0097667054736015821,0.055242569976643244,0.1477515988638643,0.89954422924477018,0.44014836278899622,1.0161064568941025
2024,44,2024-12-02,2024-12-06,5,16,True,0.1875,-0.0028664045197194462,-0.044124203420756181,0.099438933634121845,0.93198631151080602,0.2638701382701697,1.1304133972723236
2024,45,2024-12-09,2024-12-13,5,8,True,0.625,0.0053057342057381144,0.049222649547628651,0.144252158940297,0.91063815878375109,0.17814435380119903,1.0613181021193525
2024,46,2024-12-16,2024-12-20,5,8,True,0.625,0.0061649682321985623,0.045209590080964389,0.2030234397562603,0.92700376084330693,0.44203471944459649,1.2189823618020814
2024,47,2024-12-23,2024-12-27,5,17,True,0.47058823529411764,-0.00029711012850620162,-0.0090572097927716158,0.12267239412709138,0.90373017180221138,0.30485459109413637,1.2228190087589383
2024,48,2024-12-30,2024-12-31,2,6,False,0.33333333333333331,-0.0021378543126105904,-0.017503259800219259,0.19607632823563723,0.88751747734569952,0.43104544410421586,1.0562544363906707
2025,0,2025-01-02,2025-01-08,5,15,True,0.40000000000000002,0.00077510149388061028,0.018257733595006199,0.2083193608989761,0.87169042640297023,0.60865542173248643,1.0209907909303266
2025,1,2025-01-09,2025-01-15,5,14,True,0.21428571428571427,-0.00054444566429704051,-0.0022060154351649687,0.11210229124289708,0.91239074132017373,0.22536157344252553,1.0012996808886006
2025,2,2025-01-16,2025-01-22,5,21,True,0.095238095238095233,-0.0029131517900088922,-0.068266100193390564,0.092785641464974797,0.895509751840595,0.20999965919786007,1.1662499659470031
2025,3,2025-01-23,2025-02-06,5,12,True,0.5,0.0012028136114116729,0.016619587929084741,0.26439951429221054,0.89215395327739022,0.21500393027108222,1.0377095169542254
2025,4,2025-02-07,2025-02-13,5,13,True,0.46153846153846156,0.0019062348689832303,0.03363208156493798,0.18202980772992236,0.89443766807303471,0.35721521670969103,0.90617148209307352
2025,5,2025-02-14,2025-02-20,5,16,True,0.4375,-0.00047672180931789183,-0.017352298560970633,0.18700616692060137,0.87815108866311742,0.17852336018592707,1.009207882897619
2025,6,2025-02-21,2025-02-27,5,11,True,0.36363636363636365,0.0031531036138689032,0.046443745692881261,0.15835699361698946,0.89212120382802862,0.54721784753400982,0.97421005368371283
2025,7,2025-02-28,2025-03-06,5,10,True,0.40000000000000002,0.0024640520387715654,0.051912615254386243,0.2145372322142424,0.89616969887817355,0.29884765420241582,1.0461860263430864
2025,8,2025-03-07,2025-03-13,5,12,True,0.41666666666666669,0.0050227570008218184,0.01877191177186003,0.12673095691547581,0.9058034669739804,0.29534760615259997,1.0218900754428017
2025,9,2025-03-14,2025-03-20,5,13,True,0.46153846153846156,0.0017527699050194437,0.031871259634278226,0.18654456368329717,0.89861757075468651,0.30158859883108274,1.1168690420396583
2025,10,2025-03-21,2025-03-27,5,14,True,0.35714285714285715,0.00063747561673537379,0.00530270118831048,0.17862051808549356,0.88579331434448716,0.47861055652673012,1.0300051075358423
2025,11,2025-03-28,2025-04-03,5,13,True,0.38461538461538464,-0.0008499596874672903,-0.015092227180029673,0.080565956474687977,0.87468649908590024,0.32713073212559018,0.97930411835397402
2025,12,2025-04-07,2025-04-11,5,19,True,0.36842105263157893,-0.0010001914157504912,-0.014701961207615858,0.18687697484422255,0.83892694720925165,0.28933276618132409,0.756660041446646
2025,13,2025-04-14,2025-04-18,5,13,True,0.30769230769230771,0.00041685882603488973,0.00068525919528431923,0.078192015336330703,0.91282701659438514,0.25457091909541057,1.031770824897285
2025,14,2025-04-21,2025-04-25,5,13,True,0.38461538461538464,0.00054878702593455086,0.010081125666861847,0.11705622130614088,0.92280910579198649,0.22747836173065905,1.21527325930359
2025,15,2025-04-28,2025-05-07,5,11,True,0.54545454545454541,0.00055251045348748669,0.0052939155821273669,0.18036956560194412,0.87132590336046589,0.31791844830103611,1.1954621256608917
2025,16,2025-05-08,2025-05-14,5,17,True,0.29411764705882354,-0.0016645757803172721,-0.028444392135041723,0.14208910897064933,0.90882484261308338,0.3020542830539471,1.1597214297999119
2025,17,2025-05-15,2025-05-21,5,12,True,0.5,0.00052412683399286487,0.0077966960393859031,0.12717893401023833,0.92148938463773045,0.28808032261290772,1.1746770598420031
2025,18,2025-05-22,2025-05-28,5,15,True,0.46666666666666667,0.00051172424299690707,0.0040565380119235109,0.17406076551959887,0.90305928551899051,0.35876633832540195,1.0127546894017858
2025,19,2025-05-29,2025-06-05,5,18,True,0.16666666666666666,-0.001100669292696068,-0.0096229184685993722,0.2591643403976101,0.88124688748925772,0.2648080913523797,0.90192300347856946
2025,20,2025-06-06,2025-06-12,5,11,True,0.54545454545454541,0.00058944847133624598,-0.00036204843018031234,0.16941492446855902,0.89757325024745038,0.29256877397641368,0.93918153784488356
2025,21,2025-06-13,2025-06-19,5,12,True,0.5,0.00047743339991642325,0.012571213678795944,0.14684631619951063,0.89621523328684383,0.35783861693109165,1.0835249287151831
2025,22,2025-06-20,2025-06-26,5,16,True,0.375,0.0005036227349023973,0.0067949486548006567,0.21795269855382146,0.88052597627015905,0.36257483064139662,1.027669703644837
2025,23,2025-06-27,2025-07-03,5,17,True,0.23529411764705882,-0.0015030455856889367,-0.032128630989306892,0.21690720476660083,0.89030347261048903,0.31891344775857872,0.95225485493444673
2025,24,2025-07-04,2025-07-10,5,11,True,0.54545454545454541,0.0021738815220137572,0.022988204485299004,0.2044779192025738,0.88151890043515058,0.19789892714409041,0.88052772642868571
2025,25,2025-07-11,2025-07-17,5,17,True,0.17647058823529413,-0.0023561247496483194,-0.033674739359476076,0.13455147884435401,0.90286937633393727,0.25055098542891396,1.2021455482096139
2025,26,2025-07-18,2025-07-24,5,14,True,0.7142857142857143,0.0015621994307343026,0.015259794608126244,0.13942936310048504,0.90988588201102516,0.39710918075645085,1.0554226285665835
2025,27,2025-07-25,2025-07-31,5,19,True,0.15789473684210525,-0.0018950745632435573,-0.025215702026890774,0.18884954902404591,0.90150404665750616,0.52378249999543414,1.0089431837002709
2025,28,2025-08-01,2025-08-07,5,16,True,0.4375,-0.00019732448161508367,-0.0097834741946086282,0.13114009199508145,0.92002603505055058,0.29915880143418627,1.2302080022571971
2025,29,2025-08-08,2025-08-14,5,18,True,0.27777777777777779,0.00019761533161732111,-0.00035534741460130381,0.18936964818791996,0.85309596443412361,0.30877049069120943,0.97091481595381701
2025,30,2025-08-15,2025-08-21,5,12,True,0.33333333333333331,0.0036226483317153193,0.054986156837572187,0.19289783414731998,0.87886591654860768,0.47611660839778602,0.8545392069968003
2025,31,2025-08-22,2025-08-28,5,15,True,0.26666666666666666,9.2983956846329614e-05,0.01131904170816319,0.22760510413101431,0.91411432304874185,0.55327257876680003,1.0223262679641016
2025,32,2025-08-29,2025-09-04,5,16,True,0.5,0.00085598321338158328,-0.0077429277983513123,0.17378114787638915,0.91058447835782064,0.30606497294432028,1.267456171977198
2025,33,2025-09-05,2025-09-11,5,10,True,0.40000000000000002,0.003734518154740725,0.037518627042595197,0.21934928886018409,0.90517643666387626,0.45414750372030077,1.177254808075165
2025,34,2025-09-12,2025-09-18,5,13,True,0.23076923076923078,-0.0028042891737663275,-0.011383166898345905,0.064537229263821203,0.91348850962310768,0.42477753613427877,1.0990799941762746
2025,35,2025-09-19,2025-09-25,5,15,True,0.46666666666666667,0.00053056559272541702,-0.021563724923834682,0.16169814313000444,0.8983764011959442,0.26211453576481319,1.0523221863960324
2025,36,2025-09-26,2025-10-10,5,7,True,0.42857142857142855,0.0055009051794998806,0.12386421902434426,0.20184215656161553,0.88613148565141486,0.39648370469199962,1.0298694668919244
2025,37,2025-10-13,2025-10-17,5,14,True,0.42857142857142855,0.0057036274600333909,0.014253375199490428,0.19114087902005444,0.89929786594735306,0.389266337151358,1.0417471931742319
2025,38,2025-10-20,2025-10-24,5,17,True,0.41176470588235292,0.00068544919213356587,0.0017213676367490958,0.16684706625288639,0.86269049000448861,0.29196344459362311,0.95334310062046046
2025,39,2025-10-27,2025-10-31,5,17,True,0.23529411764705882,-0.0027323870315362898,-0.042620467881274354,0.16502527010215592,0.91138811702200007,0.40692197880463932,1.1290358597990955
2025,40,2025-11-03,2025-11-07,5,12,True,0.41666666666666669,0.0037191003345526906,0.037966975906709673,0.15242101914964559,0.91428932901269966,0.39512607506248509,1.1337299480419465
2025,41,2025-11-10,2025-11-14,5,12,True,0.33333333333333331,-0.00042528097321937412,0.0034692559107605547,0.16908066491889184,0.94261870996492303,0.30639414928106828,1.5333175866660429
2025,42,2025-11-17,2025-11-21,5,14,True,0.5714285714285714,0.0049969785057874787,0.061633029406804381,0.14354847995266126,0.92091423367298719,0.38367436689878254,1.404295048314752
2025,43,2025-11-24,2025-11-28,5,15,True,0.40000000000000002,-0.0017241402730755195,-0.027653665297053598,0.094816928693997798,0.85833410105653007,0.31610293939796641,0.98270482689719729
2025,44,2025-12-01,2025-12-05,5,16,False,0.3125,-0.0020912055566901259,-0.033874807495009984,0.13408835561070964,0.9282181598996464,0.16483755364495029,1.0855127856843432
2025,45,2025-12-08,2025-12-12,5,12,False,0.41666666666666669,-0.00082371832559159338,0.0049408423549024694,0.14316733933505207,0.90391158029247942,0.23099564308248763,1.1421951312594889
2025,46,2025-12-15,2025-12-19,5,13,False,0.53846153846153844,0.0011651181818241076,0.0033521483292716986,0.22574510303517942,0.89984237911644649,0.28938375756435042,1.0725602684269271
2025,47,2025-12-22,2025-12-26,5,18,False,0.1111111111111111,-0.0025211853144439106,-0.04993970599178299,0.13589427076278751,0.92334116297696434,0.29450055811855769,1.2425566014964073
2025,48,2025-12-29,2025-12-31,3,8,False,0,-0.0068114028402598767,-0.04762073334833819,0.12258863296989127,0.89675297682661659,0.13435965457787397,1.1608346854882154
