view,scenario,cost_bps,year,mdd_improvement_vs_baseline,mdd_improvement_vs_matched
0,delay_1m,0,2021,0.0024119146791740514,-0.016793028257705622
0,delay_1m,0,2022,0.041092583613837594,0.017368704534882665
0,delay_1m,0,2023,0.008636951320743977,-0.008617553054082724
0,delay_1m,0,2024,0.041075583441807034,0.020030412047515017
0,delay_1m,0,2025,-0.013089671056478736,-0.03384933741411168
0,delay_1m,1,2021,0.017714546587357646,-0.004716123586121682
0,delay_1m,1,2022,0.036316293201279715,0.011475090565969154
0,delay_1m,1,2023,0.015078308164255413,-0.004698154320857434
0,delay_1m,1,2024,0.04115015504318341,0.020052696726611224
0,delay_1m,1,2025,-0.012844426883497129,-0.03493778266919002
0,delay_1m,3,2021,0.04197348639928139,0.012418074349571373
0,delay_1m,3,2022,0.03923711514853831,0.00765725698794209
0,delay_1m,3,2023,0.055690255328908506,0.02549420948528905
0,delay_1m,3,2024,0.026855414231798796,0.005092079300849886
0,delay_1m,3,2025,0.016319930340272987,-0.020590608193273324
0,delay_1m,5,2021,0.06650541374149166,0.022609924999358988
0,delay_1m,5,2022,0.05384730348152217,0.008799238800436648
0,delay_1m,5,2023,0.07405715639057953,0.022351071398619637
0,delay_1m,5,2024,0.018815717064499415,-0.008380948892616702
0,delay_1m,5,2025,0.05146144185218565,-0.0017372404477279946
0,delay_1m_observed,0,2021,0.0024119146791740514,-0.016793028257705622
0,delay_1m_observed,0,2022,0.041092583613837594,0.017368704534882665
0,delay_1m_observed,0,2023,0.008636951320743977,-0.008617553054082724
0,delay_1m_observed,0,2024,0.041075583441807034,0.020030412047515017
0,delay_1m_observed,0,2025,-0.013089671056478736,-0.03384933741411168
0,delay_1m_observed,1,2021,0.017714546587357646,-0.004716123586121682
0,delay_1m_observed,1,2022,0.036316293201279715,0.011475090565969154
0,delay_1m_observed,1,2023,0.015078308164255413,-0.004698154320857434
0,delay_1m_observed,1,2024,0.04115015504318341,0.020052696726611224
0,delay_1m_observed,1,2025,-0.012844426883497129,-0.03493778266919002
0,delay_1m_observed,3,2021,0.04197348639928139,0.012418074349571373
0,delay_1m_observed,3,2022,0.03923711514853831,0.00765725698794209
0,delay_1m_observed,3,2023,0.055690255328908506,0.02549420948528905
0,delay_1m_observed,3,2024,0.026855414231798796,0.005092079300849886
0,delay_1m_observed,3,2025,0.016319930340272987,-0.020590608193273324
0,delay_1m_observed,5,2021,0.06650541374149166,0.022609924999358988
0,delay_1m_observed,5,2022,0.05384730348152217,0.008799238800436648
0,delay_1m_observed,5,2023,0.07405715639057953,0.022351071398619637
0,delay_1m_observed,5,2024,0.018815717064499415,-0.008380948892616702
0,delay_1m_observed,5,2025,0.05146144185218565,-0.0017372404477279946
0,legacy_on_minute,0,2021,0.02736225228883929,0.007385284114418134
0,legacy_on_minute,0,2022,0.03627791051272514,0.014069774461408627
0,legacy_on_minute,0,2023,0.012360053315485786,-0.006867496751583171
0,legacy_on_minute,0,2024,0.04194232072240478,0.0202883824783055
0,legacy_on_minute,0,2025,0.005410519237760411,-0.010770379726835116
0,legacy_on_minute,1,2021,0.028890096589743716,0.00596033874158404
0,legacy_on_minute,1,2022,0.03771017632375939,0.014346103709595742
0,legacy_on_minute,1,2023,0.01484791196762085,-0.006268780309919397
0,legacy_on_minute,1,2024,0.04191710969624507,0.02021135953074432
0,legacy_on_minute,1,2025,0.0020006861730185177,-0.015013476047194496
0,legacy_on_minute,3,2021,0.035963872824003235,0.0067330418501745926
0,legacy_on_minute,3,2022,0.03706748134933449,0.00939760118823535
0,legacy_on_minute,3,2023,0.06938173084330732,0.0317079807248479
0,legacy_on_minute,3,2024,0.028861274987367985,0.007051962173909576
0,legacy_on_minute,3,2025,0.004513183974179491,-0.021037068261743258
0,legacy_on_minute,5,2021,0.057553665519498365,0.019687573417144832
0,legacy_on_minute,5,2022,0.05910508408004678,0.015469041350322676
0,legacy_on_minute,5,2023,0.0826705613964287,0.02658625067001813
0,legacy_on_minute,5,2024,0.014029438475282235,-0.012248448080773605
0,legacy_on_minute,5,2025,0.023071165535401228,-0.019993096345103822
0,literal_publication,0,2021,0.028574060451414696,-0.009818239873080892
0,literal_publication,0,2022,0.05596948848113914,0.019243824452961772
0,literal_publication,0,2023,0.08153249952952257,0.018380246435254655
0,literal_publication,0,2024,0.08659874158385505,0.023925550879967172
0,literal_publication,0,2025,0.08637477130094942,0.041652874333226675
0,literal_publication,1,2021,0.027421593017749685,-0.011329063001929207
0,literal_publication,1,2022,0.06005527495441984,0.02172726352158913
0,literal_publication,1,2023,0.08100121333002641,0.01730398199091565
0,literal_publication,1,2024,0.08784249179261866,0.02476990083864644
0,literal_publication,1,2025,0.087570842975944,0.041309811559484294
0,literal_publication,3,2021,0.016363626232400452,-0.02309593061304105
0,literal_publication,3,2022,0.07428058480670352,0.03228514094663937
0,literal_publication,3,2023,0.08082441215569813,0.016126646845331216
0,literal_publication,3,2024,0.09004924192640518,0.026331237672912566
0,literal_publication,3,2025,0.08444703473250703,0.03528407864122107
0,literal_publication,5,2021,0.019547565346849316,-0.02291127724467104
0,literal_publication,5,2022,0.08737399587833661,0.04211240584981368
0,literal_publication,5,2023,0.08218807448539178,0.016608250358826848
0,literal_publication,5,2024,0.09190462545367895,0.027731639851944156
0,literal_publication,5,2025,0.07953078424568177,0.02769553690810328
1,delay_1m,0,2021,0.02584688086554021,-0.0024264467533582634
1,delay_1m,0,2022,0.051081806679831254,0.02126969352655711
1,delay_1m,0,2023,0.03666613698474448,0.014012467591611316
1,delay_1m,0,2024,0.041969649268290096,0.019968613075874664
1,delay_1m,0,2025,0.01492581802874604,-0.01061173427210546
1,delay_1m,1,2021,0.029268445471019783,-0.002135771246262602
1,delay_1m,1,2022,0.052351199861892156,0.021523676785402457
1,delay_1m,1,2023,0.07174796150343682,0.04157299369257497
1,delay_1m,1,2024,0.04015019674484281,0.01809656864545768
1,delay_1m,1,2025,0.01653204587506943,-0.011014167861997326
1,delay_1m,3,2021,0.03556649255884259,-0.0015892107866506966
1,delay_1m,3,2022,0.06395089141601695,0.02122810166357808
1,delay_1m,3,2023,0.0825283745159634,0.03402314882632046
1,delay_1m,3,2024,0.03655887727160065,0.012197853688551002
1,delay_1m,3,2025,0.05816008595763536,0.019429635453349553
1,delay_1m,5,2021,0.04380570879493961,0.0012110334370387665
1,delay_1m,5,2022,0.06955135287700859,0.016462584215551135
1,delay_1m,5,2023,0.08711124857871816,0.026595056920910465
1,delay_1m,5,2024,0.03887130151897644,0.0114362440464775
1,delay_1m,5,2025,0.0651709408196981,0.009205314824009658
1,delay_1m_observed,0,2021,0.02584688086554021,-0.0024264467533582634
1,delay_1m_observed,0,2022,0.051081806679831254,0.02126969352655711
1,delay_1m_observed,0,2023,0.03666613698474448,0.014012467591611316
1,delay_1m_observed,0,2024,0.041969649268290096,0.019968613075874664
1,delay_1m_observed,0,2025,0.01492581802874604,-0.01061173427210546
1,delay_1m_observed,1,2021,0.029268445471019783,-0.002135771246262602
1,delay_1m_observed,1,2022,0.052351199861892156,0.021523676785402457
1,delay_1m_observed,1,2023,0.07174796150343682,0.04157299369257497
1,delay_1m_observed,1,2024,0.04015019674484281,0.01809656864545768
1,delay_1m_observed,1,2025,0.01653204587506943,-0.011014167861997326
1,delay_1m_observed,3,2021,0.03556649255884259,-0.0015892107866506966
1,delay_1m_observed,3,2022,0.06395089141601695,0.02122810166357808
1,delay_1m_observed,3,2023,0.0825283745159634,0.03402314882632046
1,delay_1m_observed,3,2024,0.03655887727160065,0.012197853688551002
1,delay_1m_observed,3,2025,0.05816008595763536,0.019429635453349553
1,delay_1m_observed,5,2021,0.04380570879493961,0.0012110334370387665
1,delay_1m_observed,5,2022,0.06955135287700859,0.016462584215551135
1,delay_1m_observed,5,2023,0.08711124857871816,0.026595056920910465
1,delay_1m_observed,5,2024,0.03887130151897644,0.0114362440464775
1,delay_1m_observed,5,2025,0.0651709408196981,0.009205314824009658
1,legacy_on_minute,0,2021,0.026064744621878716,-8.507480141961565e-05
1,legacy_on_minute,0,2022,0.0513226651290708,0.020955398294896566
1,legacy_on_minute,0,2023,0.061059589617526056,0.03415984557713225
1,legacy_on_minute,0,2024,0.036427228259462124,0.015061583794167763
1,legacy_on_minute,0,2025,0.016555745939586752,-0.010820849255067044
1,legacy_on_minute,1,2021,0.02955356697892339,0.00015687340897382884
1,legacy_on_minute,1,2022,0.05258137279143166,0.021209933020283983
1,legacy_on_minute,1,2023,0.07620867954171853,0.04365932240887535
1,legacy_on_minute,1,2024,0.03568507493264518,0.012946708916676958
1,legacy_on_minute,1,2025,0.018149197984860393,-0.011198349656014267
1,legacy_on_minute,3,2021,0.035975932152627205,0.0006089623330793881
1,legacy_on_minute,3,2022,0.05111591141558655,0.011534033078004713
1,legacy_on_minute,3,2023,0.08751003003396818,0.03800220373341756
1,legacy_on_minute,3,2024,0.03726774925295462,0.011379296911466164
1,legacy_on_minute,3,2025,0.06145072922145309,0.019654041127429633
1,legacy_on_minute,5,2021,0.04170398478044779,0.0010209540157255503
1,legacy_on_minute,5,2022,0.06038310749568887,0.009267012861338464
1,legacy_on_minute,5,2023,0.08922125308185347,0.028066313840757473
1,legacy_on_minute,5,2024,0.03928794013848305,0.010320588693807003
1,legacy_on_minute,5,2025,0.06843105311462133,0.009082086639411846
1,literal_publication,0,2021,0.05553719325212794,0.01791707371174983
1,literal_publication,0,2022,0.034446251588750004,0.0011519015337004557
1,literal_publication,0,2023,0.07407906369881301,0.02264858266865888
1,literal_publication,0,2024,0.06722895596542511,0.00021002316867080317
1,literal_publication,0,2025,0.07232855338655778,0.03161627075506859
1,literal_publication,1,2021,0.05331127311188161,0.015410128534387557
1,literal_publication,1,2022,0.043814175515126536,0.009045332013063373
1,literal_publication,1,2023,0.07826149255219411,0.025866000596424854
1,literal_publication,1,2024,0.06371111744235358,-0.003537953004813299
1,literal_publication,1,2025,0.06991890739089385,0.028560170497038406
1,literal_publication,3,2021,0.053477353018831386,0.014411948180755085
1,literal_publication,3,2022,0.05176084381665014,0.013871449313457074
1,literal_publication,3,2023,0.08342985032999772,0.02925185356177107
1,literal_publication,3,2024,0.06575983803927232,-0.0022024089194778718
1,literal_publication,3,2025,0.06948766707481796,0.026290922609669254
1,literal_publication,5,2021,0.05409493662374773,0.013824002265234725
1,literal_publication,5,2022,0.06663296232947669,0.025004214867804186
1,literal_publication,5,2023,0.08522414287173768,0.02945096246318879
1,literal_publication,5,2024,0.06809787872393469,-0.000408377683947303
1,literal_publication,5,2025,0.06995230385903739,0.024768371943620276
2,delay_1m,0,2021,0.020216676588630494,-0.006937342577267525
2,delay_1m,0,2022,0.04499687355099888,0.019387655717801516
2,delay_1m,0,2023,0.04675309384647289,0.025486668914887725
2,delay_1m,0,2024,0.039066040300226035,0.018343324132517685
2,delay_1m,0,2025,0.003906480569762949,-0.01932771945927185
2,delay_1m,1,2021,0.04569174493116629,0.012024117798727973
2,delay_1m,1,2022,0.03507281713616886,0.00838179320625565
2,delay_1m,1,2023,0.07048122728733111,0.04230878042100425
2,delay_1m,1,2024,0.036592353499166064,0.015816266923520936
2,delay_1m,1,2025,0.03852831316007846,0.00809321952476455
2,delay_1m,3,2021,0.0666006770709312,0.020370035168584544
2,delay_1m,3,2022,0.041797649042378426,0.0024317247666988118
2,delay_1m,3,2023,0.08317844428820481,0.03553383030883572
2,delay_1m,3,2024,0.003487411104549698,-0.017409460981599623
2,delay_1m,3,2025,0.07005070291570309,0.022460327439705163
2,delay_1m,5,2021,0.07619390897498768,0.019194178293250153
2,delay_1m,5,2022,0.05063092146682063,0.0008044175906926632
2,delay_1m,5,2023,0.09173166608330235,0.030622866282687455
2,delay_1m,5,2024,0.03202475083060183,-0.0014094730988230275
2,delay_1m,5,2025,0.07127254294255214,0.010594556972762181
2,delay_1m_observed,0,2021,0.020216676588630494,-0.006937342577267525
2,delay_1m_observed,0,2022,0.04499687355099888,0.019387655717801516
2,delay_1m_observed,0,2023,0.04675309384647289,0.025486668914887725
2,delay_1m_observed,0,2024,0.039066040300226035,0.018343324132517685
2,delay_1m_observed,0,2025,0.003906480569762949,-0.01932771945927185
2,delay_1m_observed,1,2021,0.04569174493116629,0.012024117798727973
2,delay_1m_observed,1,2022,0.03507281713616886,0.00838179320625565
2,delay_1m_observed,1,2023,0.07048122728733111,0.04230878042100425
2,delay_1m_observed,1,2024,0.036592353499166064,0.015816266923520936
2,delay_1m_observed,1,2025,0.03852831316007846,0.00809321952476455
2,delay_1m_observed,3,2021,0.0666006770709312,0.020370035168584544
2,delay_1m_observed,3,2022,0.041797649042378426,0.0024317247666988118
2,delay_1m_observed,3,2023,0.08317844428820481,0.03553383030883572
2,delay_1m_observed,3,2024,0.003487411104549698,-0.017409460981599623
2,delay_1m_observed,3,2025,0.07005070291570309,0.022460327439705163
2,delay_1m_observed,5,2021,0.07619390897498768,0.019194178293250153
2,delay_1m_observed,5,2022,0.05063092146682063,0.0008044175906926632
2,delay_1m_observed,5,2023,0.09173166608330235,0.030622866282687455
2,delay_1m_observed,5,2024,0.03202475083060183,-0.0014094730988230275
2,delay_1m_observed,5,2025,0.07127254294255214,0.010594556972762181
2,legacy_on_minute,0,2021,0.036585402799684835,0.0055243208599270455
2,legacy_on_minute,0,2022,0.03190069455176678,0.006056207064618513
2,legacy_on_minute,0,2023,0.036072039118072,0.013609672170646459
2,legacy_on_minute,0,2024,0.041763983490912704,0.01997978189475999
2,legacy_on_minute,0,2025,-0.002780815919244728,-0.0277881036190461
2,legacy_on_minute,1,2021,0.05168900188578693,0.014786201841493707
2,legacy_on_minute,1,2022,0.029527827564852782,-0.0015977509407791857
2,legacy_on_minute,1,2023,0.07733932774941002,0.044952743301218206
2,legacy_on_minute,1,2024,0.041838027245763715,0.02000129100870114
2,legacy_on_minute,1,2025,-0.002337326384072802,-0.02854648875258789
2,legacy_on_minute,3,2021,0.061502789578054884,0.014413848323997835
2,legacy_on_minute,3,2022,0.0412012954236447,-0.0025715241719163617
2,legacy_on_minute,3,2023,0.0928359118323755,0.040221259964101974
2,legacy_on_minute,3,2024,0.01615162864789399,-0.005790114930169066
2,legacy_on_minute,3,2025,0.04775929054263364,0.005218468498274426
2,legacy_on_minute,5,2021,0.07661513213634119,0.019665083951372564
2,legacy_on_minute,5,2022,0.0505566670034423,-0.0022710679032619807
2,legacy_on_minute,5,2023,0.09734348980179774,0.03401456581158535
2,legacy_on_minute,5,2024,0.029835443314856935,-0.0023149397938369287
2,legacy_on_minute,5,2025,0.06506424758070178,0.007912007413704847
2,literal_publication,0,2021,0.04207288894272637,-0.0030997554723181664
2,literal_publication,0,2022,0.04512541987252533,0.008816433300574689
2,literal_publication,0,2023,0.061761302519409866,0.006483124926374817
2,literal_publication,0,2024,0.06899687416050398,0.003212260127955946
2,literal_publication,0,2025,0.08752898387642266,0.04503770251259051
2,literal_publication,1,2021,0.04204500534962535,-0.004232549534431362
2,literal_publication,1,2022,0.049090035628199497,0.011826500428449266
2,literal_publication,1,2023,0.062190870719173896,0.006110961358920031
2,literal_publication,1,2024,0.06622982086402518,0.00017754948503101442
2,literal_publication,1,2025,0.08771117735833484,0.044844936673964136
2,literal_publication,3,2021,0.04196844573434533,-0.006411267204523452
2,literal_publication,3,2022,0.06533465371601296,0.0242028120820538
2,literal_publication,3,2023,0.06345611748986352,0.005903079075291973
2,literal_publication,3,2024,0.06516572478052174,-0.0015266756773248957
2,literal_publication,3,2025,0.09721398809196735,0.05173017314100836
2,literal_publication,5,2021,0.04186541754620099,-0.008477774887902856
2,literal_publication,5,2022,0.06956076057544891,0.024926273669169496
2,literal_publication,5,2023,0.06451475290369452,0.00570242663662901
2,literal_publication,5,2024,0.0654439439543858,-0.0018059783286911157
2,literal_publication,5,2025,0.09844762490062789,0.05007568730150572
3,delay_1m,0,2021,0.03160754093073834,0.0026665882557486142
3,delay_1m,0,2022,0.006234226054777137,-0.0137937571434458
3,delay_1m,0,2023,0.03247194032389322,0.009093173625812467
3,delay_1m,0,2024,0.013788966635436217,-0.004593727726811672
3,delay_1m,0,2025,0.030314014290101818,0.006639024782442146
3,delay_1m,1,2021,0.03134066832579688,-0.0017800887691758471
3,delay_1m,1,2022,0.0007810919401639582,-0.020390620387401442
3,delay_1m,1,2023,0.061646125107686134,0.02936368588405408
3,delay_1m,1,2024,0.014203621472334463,-0.004728613049167885
3,delay_1m,1,2025,0.03121944019830175,0.006905849945840481
3,delay_1m,3,2021,0.04275468753528644,-0.0006604698988252333
3,delay_1m,3,2022,0.014001614924699313,-0.016620341812917466
3,delay_1m,3,2023,0.07433149458134442,0.02409225940555415
3,delay_1m,3,2024,0.00118475922747735,-0.019528018440590544
3,delay_1m,3,2025,0.054765262321543995,0.022528346860402254
3,delay_1m,5,2021,0.038429480731681565,-0.01530478229830301
3,delay_1m,5,2022,0.029288136699007927,-0.01421878587524572
3,delay_1m,5,2023,0.08241674423056361,0.02062703727548526
3,delay_1m,5,2024,0.04098624845932744,0.006640121521190229
3,delay_1m,5,2025,0.06697838996445293,0.018790031787722594
3,delay_1m_observed,0,2021,0.03160754093073834,0.0026665882557486142
3,delay_1m_observed,0,2022,0.006234226054777137,-0.0137937571434458
3,delay_1m_observed,0,2023,0.03247194032389322,0.009093173625812467
3,delay_1m_observed,0,2024,0.013788966635436217,-0.004593727726811672
3,delay_1m_observed,0,2025,0.030314014290101818,0.006639024782442146
3,delay_1m_observed,1,2021,0.03134066832579688,-0.0017800887691758471
3,delay_1m_observed,1,2022,0.0007810919401639582,-0.020390620387401442
3,delay_1m_observed,1,2023,0.061646125107686134,0.02936368588405408
3,delay_1m_observed,1,2024,0.014203621472334463,-0.004728613049167885
3,delay_1m_observed,1,2025,0.03121944019830175,0.006905849945840481
3,delay_1m_observed,3,2021,0.04275468753528644,-0.0006604698988252333
3,delay_1m_observed,3,2022,0.014001614924699313,-0.016620341812917466
3,delay_1m_observed,3,2023,0.07433149458134442,0.02409225940555415
3,delay_1m_observed,3,2024,0.00118475922747735,-0.019528018440590544
3,delay_1m_observed,3,2025,0.054765262321543995,0.022528346860402254
3,delay_1m_observed,5,2021,0.038429480731681565,-0.01530478229830301
3,delay_1m_observed,5,2022,0.029288136699007927,-0.01421878587524572
3,delay_1m_observed,5,2023,0.08241674423056361,0.02062703727548526
3,delay_1m_observed,5,2024,0.04098624845932744,0.006640121521190229
3,delay_1m_observed,5,2025,0.06697838996445293,0.018790031787722594
3,legacy_on_minute,0,2021,0.031076720868736696,0.0032709138619734512
3,legacy_on_minute,0,2022,0.040081659410924536,0.016641205979616047
3,legacy_on_minute,0,2023,0.050616894712166904,0.02476787966966143
3,legacy_on_minute,0,2024,0.03145102185859548,0.010506921328541294
3,legacy_on_minute,0,2025,0.03249183338672822,0.00760793992679866
3,legacy_on_minute,1,2021,0.029597257446586672,-0.0020161046130592886
3,legacy_on_minute,1,2022,0.03283422696093488,0.008313528414746335
3,legacy_on_minute,1,2023,0.0647618211922763,0.031249456577996715
3,legacy_on_minute,1,2024,0.028647068877322476,0.0076501404567065195
3,legacy_on_minute,1,2025,0.03337933104786581,0.007868837417926405
3,legacy_on_minute,3,2021,0.043730887152937076,0.0012206821320726313
3,legacy_on_minute,3,2022,0.024633438221955628,-0.009877730988687605
3,legacy_on_minute,3,2023,0.07055854127977129,0.020389550427931946
3,legacy_on_minute,3,2024,0.012533137176681697,-0.00856938489693082
3,legacy_on_minute,3,2025,0.06880103959735673,0.03220589927547296
3,legacy_on_minute,5,2021,0.03919077619374234,-0.014915162022739514
3,legacy_on_minute,5,2022,0.03303214486999789,-0.012752987543698913
3,legacy_on_minute,5,2023,0.08061316812596286,0.018232166764591384
3,legacy_on_minute,5,2024,0.03963721254554309,0.007928638649383063
3,legacy_on_minute,5,2025,0.06204396064467321,0.01211578283669379
3,literal_publication,0,2021,0.03247780400560846,-0.004744217633224607
3,literal_publication,0,2022,0.05323334144487685,0.014513891888386948
3,literal_publication,0,2023,0.05339642739261663,0.0028448832985070727
3,literal_publication,0,2024,0.0620723751960261,-0.00024522802417437095
3,literal_publication,0,2025,0.09378792705445477,0.03831387805517622
3,literal_publication,1,2021,0.034161538316349965,-0.0047068492220691815
3,literal_publication,1,2022,0.0506423233956966,0.01123766017727551
3,literal_publication,1,2023,0.05409383304221821,0.0026676929348340983
3,literal_publication,1,2024,0.06241048553282991,-0.0002838270844839341
3,literal_publication,1,2025,0.09414001855201254,0.03757742397465447
3,literal_publication,3,2021,0.037365623383170427,-0.004632527244505691
3,literal_publication,3,2022,0.0455910050954236,0.004851161849929231
3,literal_publication,3,2023,0.05540592392690569,0.002325071901120468
3,literal_publication,3,2024,0.057167553560468154,-0.006228555078812259
3,literal_publication,3,2025,0.09475786834248967,0.03614221389058586
3,literal_publication,5,2021,0.04035983773198465,-0.004558778089811255
3,literal_publication,5,2022,0.044191851503771196,0.001703100828396198
3,literal_publication,5,2023,0.056611695227038294,0.0019976724836280324
3,literal_publication,5,2024,0.05151602934783184,-0.012515335603820454
3,literal_publication,5,2025,0.10195609772168468,0.04079374178648365
4,delay_1m,0,2021,0.01651695181706196,-0.0035832261574200164
4,delay_1m,0,2022,-0.03340540657907856,-0.05270786207502269
4,delay_1m,0,2023,0.01724181099205495,-0.004326447935184455
4,delay_1m,0,2024,0.0053807209807243545,-0.009287206803141032
4,delay_1m,0,2025,0.0346110307284771,0.01021342750181467
4,delay_1m,1,2021,0.02004574660274816,-0.003219502177708153
4,delay_1m,1,2022,-0.040715828581788904,-0.06238114850412585
4,delay_1m,1,2023,0.054808487240028625,0.02354471329988625
4,delay_1m,1,2024,0.00611516652824988,-0.010544660732676542
4,delay_1m,1,2025,0.0417743328603926,0.01580577389917741
4,delay_1m,3,2021,0.034685908928883125,0.004364840005364717
4,delay_1m,3,2022,0.03156683855267978,-0.005904071626654017
4,delay_1m,3,2023,0.07020442185209869,0.02028260705290036
4,delay_1m,3,2024,-0.0050304768249303244,-0.02646734625142308
4,delay_1m,3,2025,0.05332389567753726,0.02433045168829992
4,delay_1m,5,2021,0.04984170127948756,0.006411849105292244
4,delay_1m,5,2022,0.054451179924112414,0.004236092719109574
4,delay_1m,5,2023,0.08013021792429126,0.018262422476612195
4,delay_1m,5,2024,0.01910832568533663,-0.011825911026586533
4,delay_1m,5,2025,0.100019673163292,0.05406607686353235
4,delay_1m_observed,0,2021,0.01651695181706196,-0.0035832261574200164
4,delay_1m_observed,0,2022,-0.03340540657907856,-0.05270993000497996
4,delay_1m_observed,0,2023,0.01724181099205495,-0.004326447935184455
4,delay_1m_observed,0,2024,0.0053807209807243545,-0.009287206803141032
4,delay_1m_observed,0,2025,0.0346110307284771,0.01021342750181467
4,delay_1m_observed,1,2021,0.02004574660274816,-0.003219502177708153
4,delay_1m_observed,1,2022,-0.04051027706412902,-0.06220696941060333
4,delay_1m_observed,1,2023,0.054808487240028625,0.02354471329988625
4,delay_1m_observed,1,2024,0.00611516652824988,-0.010544660732676542
4,delay_1m_observed,1,2025,0.0417743328603926,0.01580577389917741
4,delay_1m_observed,3,2021,0.034685908928883125,0.004364840005364717
4,delay_1m_observed,3,2022,0.031605318629847,-0.00589083784478403
4,delay_1m_observed,3,2023,0.07020442185209869,0.02028260705290036
4,delay_1m_observed,3,2024,-0.0050304768249303244,-0.02646734625142308
4,delay_1m_observed,3,2025,0.05332389567753726,0.02433045168829992
4,delay_1m_observed,5,2021,0.04984170127948756,0.006411849105292244
4,delay_1m_observed,5,2022,0.05447846001271256,0.004243829433318025
4,delay_1m_observed,5,2023,0.08013021792429126,0.018262422476612195
4,delay_1m_observed,5,2024,0.01910832568533663,-0.011825911026586533
4,delay_1m_observed,5,2025,0.100019673163292,0.05406607686353235
4,legacy_on_minute,0,2021,0.006038422331092641,-0.012040292466274763
4,legacy_on_minute,0,2022,-0.004596314112180561,-0.025248879520226905
4,legacy_on_minute,0,2023,0.035676914535562015,0.010135722331862856
4,legacy_on_minute,0,2024,0.012677081880624413,-0.006609056385296769
4,legacy_on_minute,0,2025,0.026442581734430606,0.0028206743911951965
4,legacy_on_minute,1,2021,0.019554431747419526,-0.0018358350368595094
4,legacy_on_minute,1,2022,-0.004992583837574116,-0.02756169907172512
4,legacy_on_minute,1,2023,0.0665699253013188,0.032111305149924385
4,legacy_on_minute,1,2024,0.014121681751651474,-0.005913517348323599
4,legacy_on_minute,1,2025,0.02333460019463851,-0.000963211170381284
4,legacy_on_minute,3,2021,0.03121536773043021,0.0029536063994810846
4,legacy_on_minute,3,2022,0.04075076130750671,0.004514789043951528
4,legacy_on_minute,3,2023,0.07987312076457936,0.027915645393099486
4,legacy_on_minute,3,2024,0.006718086926165212,-0.014791699095819288
4,legacy_on_minute,3,2025,0.06678374741634632,0.033977130965509805
4,legacy_on_minute,5,2021,0.05283880899962731,0.010746087925265296
4,legacy_on_minute,5,2022,0.06172623663814847,0.012310887901175516
4,legacy_on_minute,5,2023,0.08658699050195823,0.023491662191303664
4,legacy_on_minute,5,2024,0.021838209199016634,-0.007884692588997239
4,legacy_on_minute,5,2025,0.09445449248640841,0.044665630376224785
4,literal_publication,0,2021,0.02915082432379132,-0.008779044580826317
4,literal_publication,0,2022,0.03546086402137985,0.0042018160573886465
4,literal_publication,0,2023,0.052511488347779356,0.007297065124087787
4,literal_publication,0,2024,-0.005018378522228584,-0.05170399658527075
4,literal_publication,0,2025,0.1319923186996057,0.07469171855775197
4,literal_publication,1,2021,0.03110943568851479,-0.008518992448624085
4,literal_publication,1,2022,0.037565620635606894,0.0058088947814502745
4,literal_publication,1,2023,0.053498701180046515,0.007264400259194781
4,literal_publication,1,2024,-0.004397284450274541,-0.051544852792925144
4,literal_publication,1,2025,0.13279166584787605,0.07450514189770768
4,literal_publication,3,2021,0.03450587963117771,-0.008347272262008681
4,literal_publication,3,2022,0.03735620033241105,0.004462183444518125
4,literal_publication,3,2023,0.05536551189366923,0.007198330848182999
4,literal_publication,3,2024,-0.0031764975147007823,-0.05122689133299063
4,literal_publication,3,2025,0.12815859767585114,0.0680328349589242
4,literal_publication,5,2021,0.037678155192240215,-0.008178524973380508
4,literal_publication,5,2022,0.056929534799782605,0.019570752753104853
4,literal_publication,5,2023,0.0570939969142385,0.007131341686307746
4,literal_publication,5,2024,-0.0019838409784058153,-0.050909389256408255
4,literal_publication,5,2025,0.12177222580539815,0.05997657227771247
