horizon,endpoint,c_decile,m3_decile,n,target_mean,sigma_mean,tail_rate
30,log_future_sigma,0,0,731,-7.489350384038178,0.0006210559960948957,0.03283173734610123
30,log_future_sigma,0,1,497,-7.379674608504649,0.0006785892312349765,0.028169014084507043
30,log_future_sigma,0,2,353,-7.349616254295148,0.000703364474025325,0.019830028328611898
30,log_future_sigma,0,3,240,-7.283167016931888,0.0007478099774437427,0.016666666666666666
30,log_future_sigma,0,4,176,-7.261889094151584,0.0007583571859193905,0.011363636363636364
30,log_future_sigma,0,5,136,-7.213493704359834,0.0008064381266585298,0.022058823529411766
30,log_future_sigma,0,6,103,-7.232800061005966,0.0007744662849365387,0.009708737864077669
30,log_future_sigma,0,7,76,-7.171594500944718,0.0008578734978776432,0.07894736842105263
30,log_future_sigma,0,8,67,-7.025968957275417,0.0009559731078754081,0.04477611940298507
30,log_future_sigma,0,9,35,-7.01011899865336,0.0009577236480284725,0.0
30,log_future_sigma,1,0,445,-7.232516406291156,0.0007833907742882492,0.02247191011235955
30,log_future_sigma,1,1,387,-7.166825449727239,0.0008289540979848172,0.03617571059431524
30,log_future_sigma,1,2,377,-7.126700242700402,0.0008669940176404766,0.029177718832891247
30,log_future_sigma,1,3,292,-7.100206848958812,0.0008857158522357876,0.03767123287671233
30,log_future_sigma,1,4,255,-7.118934293399354,0.0008781589297773286,0.03137254901960784
30,log_future_sigma,1,5,205,-7.055031838394424,0.0009408068469235806,0.04878048780487805
30,log_future_sigma,1,6,156,-6.988026921176206,0.0010084866494703656,0.04487179487179487
30,log_future_sigma,1,7,130,-6.9760599151081895,0.0010075623633005587,0.06153846153846154
30,log_future_sigma,1,8,108,-6.93896022897716,0.0010290171205198295,0.027777777777777776
30,log_future_sigma,1,9,58,-6.896982836553036,0.0011236626292157816,0.034482758620689655
30,log_future_sigma,2,0,369,-7.113881529871652,0.0008863373826017195,0.02981029810298103
30,log_future_sigma,2,1,336,-7.072673352312622,0.0009178434197522724,0.047619047619047616
30,log_future_sigma,2,2,329,-7.043770775744726,0.0009489639636488464,0.030395136778115502
30,log_future_sigma,2,3,318,-7.022176455759209,0.0009754629135899619,0.03773584905660377
30,log_future_sigma,2,4,256,-6.967785570818872,0.0010272415629205363,0.03125
30,log_future_sigma,2,5,216,-6.891570612495094,0.0010986205550637669,0.06481481481481481
30,log_future_sigma,2,6,201,-6.949029367762472,0.001055312621471446,0.05472636815920398
30,log_future_sigma,2,7,152,-6.960855987394738,0.0010192819682098692,0.013157894736842105
30,log_future_sigma,2,8,136,-6.860664480909058,0.0011423573961552764,0.058823529411764705
30,log_future_sigma,2,9,100,-6.757728814259086,0.001258767526818596,0.05
30,log_future_sigma,3,0,234,-7.064262602916145,0.0009249990278861172,0.029914529914529916
30,log_future_sigma,3,1,281,-6.953837553417151,0.0010368444763391737,0.0711743772241993
30,log_future_sigma,3,2,301,-6.920947533826626,0.0010900953924361757,0.07308970099667775
30,log_future_sigma,3,3,301,-6.944364374916815,0.0010550796896410027,0.04318936877076412
30,log_future_sigma,3,4,280,-6.858294458785513,0.0011360961113216187,0.04285714285714286
30,log_future_sigma,3,5,262,-6.849649757536574,0.0011382792585146863,0.030534351145038167
30,log_future_sigma,3,6,234,-6.841368622260201,0.001156435138154321,0.042735042735042736
30,log_future_sigma,3,7,221,-6.778509494175784,0.001230928148361534,0.04072398190045249
30,log_future_sigma,3,8,165,-6.8355816349698495,0.0011470013683466534,0.05454545454545454
30,log_future_sigma,3,9,135,-6.7411150475530235,0.0012704717639829268,0.02962962962962963
30,log_future_sigma,4,0,191,-6.865699840010544,0.0011302750934662367,0.07329842931937172
30,log_future_sigma,4,1,243,-6.916164120345636,0.001097603554001803,0.053497942386831275
30,log_future_sigma,4,2,282,-6.84444193367612,0.0011686469776004578,0.05319148936170213
30,log_future_sigma,4,3,276,-6.885500705048408,0.00111175872219202,0.021739130434782608
30,log_future_sigma,4,4,259,-6.7754173993497995,0.0012633917639946874,0.0694980694980695
30,log_future_sigma,4,5,281,-6.761855439301082,0.0012448314528360515,0.03558718861209965
30,log_future_sigma,4,6,268,-6.733101193877521,0.001285544554384851,0.041044776119402986
30,log_future_sigma,4,7,241,-6.709984613076824,0.001339396302888692,0.06224066390041494
30,log_future_sigma,4,8,222,-6.740706788791735,0.0012755539281515504,0.03153153153153153
30,log_future_sigma,4,9,150,-6.679884133422614,0.001369493993918582,0.02666666666666667
30,log_future_sigma,5,0,177,-6.879089134728763,0.0011081652375641933,0.03954802259887006
30,log_future_sigma,5,1,206,-6.791223503241248,0.0012371258320342546,0.043689320388349516
30,log_future_sigma,5,2,233,-6.783129894763246,0.0012300279598555144,0.07296137339055794
30,log_future_sigma,5,3,237,-6.755270097191891,0.0012552261682267766,0.04219409282700422
30,log_future_sigma,5,4,276,-6.656324812060553,0.001413327323893078,0.06884057971014493
30,log_future_sigma,5,5,278,-6.680488736555314,0.001350196913017607,0.04316546762589928
30,log_future_sigma,5,6,257,-6.697774181211598,0.0013340800504021608,0.03501945525291829
30,log_future_sigma,5,7,276,-6.6193292651736,0.0014415970752339586,0.03260869565217391
30,log_future_sigma,5,8,245,-6.5910815029214955,0.0014717585639854999,0.05714285714285714
30,log_future_sigma,5,9,228,-6.506186770284624,0.001610707998600358,0.09210526315789473
30,log_future_sigma,6,0,116,-6.763864966152727,0.0012951055013227387,0.12931034482758622
30,log_future_sigma,6,1,172,-6.729428320517646,0.0012703960168180678,0.01744186046511628
30,log_future_sigma,6,2,200,-6.701726127153545,0.001320288147283577,0.045
30,log_future_sigma,6,3,235,-6.6445551537526315,0.0014117992769106078,0.05106382978723404
30,log_future_sigma,6,4,257,-6.5998083590785335,0.001460300628440453,0.04669260700389105
30,log_future_sigma,6,5,262,-6.642823357921554,0.001413312614601784,0.05343511450381679
30,log_future_sigma,6,6,275,-6.58423740358921,0.0014867064921332822,0.04363636363636364
30,log_future_sigma,6,7,312,-6.561853544433219,0.0015099352608204887,0.05448717948717949
30,log_future_sigma,6,8,316,-6.518462989601913,0.001598128181882627,0.05063291139240506
30,log_future_sigma,6,9,269,-6.470838421446289,0.00166454265747286,0.055762081784386616
30,log_future_sigma,7,0,69,-6.698427430246348,0.0013494790102592576,0.043478260869565216
30,log_future_sigma,7,1,126,-6.638992136178877,0.0014172452918622563,0.05555555555555555
30,log_future_sigma,7,2,151,-6.612400250085719,0.0014526842650469964,0.033112582781456956
30,log_future_sigma,7,3,218,-6.5544989664209545,0.001525884152008258,0.04128440366972477
30,log_future_sigma,7,4,264,-6.601737088278205,0.0014391397307404847,0.041666666666666664
30,log_future_sigma,7,5,294,-6.54963722498285,0.001524672982922747,0.030612244897959183
30,log_future_sigma,7,6,321,-6.531825853630083,0.0015458481692524405,0.028037383177570093
30,log_future_sigma,7,7,306,-6.475571273270169,0.0016526200411859128,0.03594771241830065
30,log_future_sigma,7,8,309,-6.440156124566873,0.0017169002965015914,0.038834951456310676
30,log_future_sigma,7,9,355,-6.396198422469361,0.0018034038668930837,0.04225352112676056
30,log_future_sigma,8,0,49,-6.589943707104551,0.001478726001625788,0.061224489795918366
30,log_future_sigma,8,1,110,-6.536204590820339,0.00154453363799364,0.01818181818181818
30,log_future_sigma,8,2,119,-6.546486506160009,0.0015199522042540672,0.008403361344537815
30,log_future_sigma,8,3,171,-6.4941544520352394,0.001618856285813676,0.03508771929824561
30,log_future_sigma,8,4,240,-6.487925639606954,0.0016287044668236081,0.05416666666666667
30,log_future_sigma,8,5,260,-6.455751901326463,0.0016759132533565276,0.046153846153846156
30,log_future_sigma,8,6,306,-6.431075013466432,0.001718006281625985,0.0196078431372549
30,log_future_sigma,8,7,350,-6.3585207992209,0.001841841618131007,0.04
30,log_future_sigma,8,8,395,-6.338790827718561,0.001889727798092522,0.03291139240506329
30,log_future_sigma,8,9,413,-6.269238628830848,0.0020691609941052218,0.03631961259079903
30,log_future_sigma,9,0,33,-6.4685199204731365,0.0018400106632728138,0.030303030303030304
30,log_future_sigma,9,1,55,-6.389840222326047,0.0020135588475894434,0.05454545454545454
30,log_future_sigma,9,2,68,-6.373709367174249,0.001853471148401507,0.07352941176470588
30,log_future_sigma,9,3,126,-6.332222668915408,0.0019096478445216006,0.03968253968253968
30,log_future_sigma,9,4,150,-6.231463604493673,0.002141867275223925,0.06666666666666667
30,log_future_sigma,9,5,219,-6.2506092835174725,0.0020773823962409693,0.0319634703196347
30,log_future_sigma,9,6,293,-6.238314820135488,0.002094530163060866,0.023890784982935155
30,log_future_sigma,9,7,349,-6.208931329924736,0.0021617679248353396,0.017191977077363897
30,log_future_sigma,9,8,450,-6.150414332523755,0.002323643343407468,0.035555555555555556
30,log_future_sigma,9,9,671,-6.073812637542848,0.002507610582291465,0.02384500745156483
30,future_tail,0,0,358,0.00558659217877095,0.0008167952344809851,0.00558659217877095
30,future_tail,0,1,424,0.01650943396226415,0.001030479388309917,0.01650943396226415
30,future_tail,0,2,534,0.00749063670411985,0.001081068317779881,0.00749063670411985
30,future_tail,0,3,567,0.007054673721340388,0.001253661551312227,0.007054673721340388
30,future_tail,0,4,650,0.02,0.0013422399479111843,0.02
30,future_tail,0,5,701,0.017118402282453638,0.001435274538113775,0.017118402282453638
30,future_tail,0,6,760,0.009210526315789473,0.001484226361802785,0.009210526315789473
30,future_tail,0,7,914,0.024070021881838075,0.0016324334442554065,0.024070021881838075
30,future_tail,0,8,1063,0.016933207902163686,0.0017368219377744203,0.016933207902163686
30,future_tail,0,9,1269,0.019700551615445233,0.0020870933112839937,0.019700551615445233
30,future_tail,1,0,202,0.019801980198019802,0.0008552086064498416,0.019801980198019802
30,future_tail,1,1,223,0.02242152466367713,0.0009541433276475215,0.02242152466367713
30,future_tail,1,2,232,0.01293103448275862,0.0010465957347960226,0.01293103448275862
30,future_tail,1,3,245,0.00816326530612245,0.00108843845476834,0.00816326530612245
30,future_tail,1,4,262,0.015267175572519083,0.0012156611381603439,0.015267175572519083
30,future_tail,1,5,243,0.03292181069958848,0.0012928062810337497,0.03292181069958848
30,future_tail,1,6,259,0.03088803088803089,0.0014221124766746205,0.03088803088803089
30,future_tail,1,7,247,0.024291497975708502,0.0015094957914560453,0.024291497975708502
30,future_tail,1,8,251,0.027888446215139442,0.001608165922540149,0.027888446215139442
30,future_tail,1,9,250,0.036,0.00181047237991667,0.036
30,future_tail,2,0,215,0.004651162790697674,0.0008442393243849504,0.004651162790697674
30,future_tail,2,1,242,0.02066115702479339,0.0009723461111193222,0.02066115702479339
30,future_tail,2,2,238,0.02100840336134454,0.0010547736033298459,0.02100840336134454
30,future_tail,2,3,245,0.004081632653061225,0.0010384647608531158,0.004081632653061225
30,future_tail,2,4,262,0.011450381679389313,0.0011926617581572636,0.011450381679389313
30,future_tail,2,5,260,0.019230769230769232,0.001246685191524764,0.019230769230769232
30,future_tail,2,6,276,0.021739130434782608,0.0013498072829418578,0.021739130434782608
30,future_tail,2,7,238,0.058823529411764705,0.0015288286663862366,0.058823529411764705
30,future_tail,2,8,227,0.04405286343612335,0.0015403961075716045,0.04405286343612335
30,future_tail,2,9,210,0.05238095238095238,0.0016307387869119068,0.05238095238095238
30,future_tail,3,0,269,0.048327137546468404,0.0008070759038897093,0.048327137546468404
30,future_tail,3,1,248,0.020161290322580645,0.0009263207752297101,0.020161290322580645
30,future_tail,3,2,243,0.02880658436213992,0.0009982340472668469,0.02880658436213992
30,future_tail,3,3,273,0.02564102564102564,0.0011388883595799672,0.02564102564102564
30,future_tail,3,4,239,0.012552301255230125,0.0011609367984475208,0.012552301255230125
30,future_tail,3,5,249,0.040160642570281124,0.0012843371675058527,0.040160642570281124
30,future_tail,3,6,250,0.028,0.0013595522609317534,0.028
30,future_tail,3,7,242,0.012396694214876033,0.001437405446059751,0.012396694214876033
30,future_tail,3,8,212,0.03773584905660377,0.0016615297657471655,0.03773584905660377
30,future_tail,3,9,188,0.03723404255319149,0.0017199314995374234,0.03723404255319149
30,future_tail,4,0,252,0.01984126984126984,0.0008230197970033252,0.01984126984126984
30,future_tail,4,1,312,0.02564102564102564,0.0009267043601820842,0.02564102564102564
30,future_tail,4,2,268,0.029850746268656716,0.000982413807931767,0.029850746268656716
30,future_tail,4,3,248,0.04838709677419355,0.0010989663784465112,0.04838709677419355
30,future_tail,4,4,248,0.04435483870967742,0.0011851551582302503,0.04435483870967742
30,future_tail,4,5,261,0.034482758620689655,0.001252357370609212,0.034482758620689655
30,future_tail,4,6,225,0.03111111111111111,0.0013045980619243631,0.03111111111111111
30,future_tail,4,7,198,0.015151515151515152,0.0013511133974786413,0.015151515151515152
30,future_tail,4,8,207,0.06763285024154589,0.001492870677663303,0.06763285024154589
30,future_tail,4,9,195,0.07179487179487179,0.001644472350565582,0.07179487179487179
30,future_tail,5,0,346,0.028901734104046242,0.000784923119664978,0.028901734104046242
30,future_tail,5,1,313,0.01597444089456869,0.0009287406160798227,0.01597444089456869
30,future_tail,5,2,280,0.03214285714285714,0.0010140273671449455,0.03214285714285714
30,future_tail,5,3,274,0.051094890510948905,0.0011095598962023358,0.051094890510948905
30,future_tail,5,4,218,0.06422018348623854,0.0012533736300518684,0.06422018348623854
30,future_tail,5,5,228,0.043859649122807015,0.0013260990606000942,0.043859649122807015
30,future_tail,5,6,215,0.027906976744186046,0.0013732539399318715,0.027906976744186046
30,future_tail,5,7,221,0.06787330316742081,0.001492603484160758,0.06787330316742081
30,future_tail,5,8,171,0.05847953216374269,0.0015085585554603664,0.05847953216374269
30,future_tail,5,9,147,0.047619047619047616,0.0015452258274506264,0.047619047619047616
30,future_tail,6,0,356,0.056179775280898875,0.0009109481224143358,0.056179775280898875
30,future_tail,6,1,300,0.056666666666666664,0.0010550519990231327,0.056666666666666664
30,future_tail,6,2,304,0.05263157894736842,0.0011099365445054945,0.05263157894736842
30,future_tail,6,3,274,0.08759124087591241,0.0012297297945494511,0.08759124087591241
30,future_tail,6,4,259,0.07722007722007722,0.0013245856305923371,0.07722007722007722
30,future_tail,6,5,230,0.06956521739130435,0.0013194233142137298,0.06956521739130435
30,future_tail,6,6,247,0.05668016194331984,0.0014088576708232482,0.05668016194331984
30,future_tail,6,7,179,0.061452513966480445,0.001418472048642002,0.061452513966480445
30,future_tail,6,8,161,0.09316770186335403,0.0015879260186885773,0.09316770186335403
30,future_tail,6,9,103,0.08737864077669903,0.0017044533446797956,0.08737864077669903
30,future_tail,7,0,416,0.09615384615384616,0.0011240371994575748,0.09615384615384616
30,future_tail,7,1,351,0.1396011396011396,0.0012707353488437744,0.1396011396011396
30,future_tail,7,2,314,0.1592356687898089,0.0013490686982475207,0.1592356687898089
30,future_tail,7,3,288,0.08333333333333333,0.001374049678909548,0.08333333333333333
30,future_tail,7,4,275,0.16363636363636364,0.001571113441401926,0.16363636363636364
30,future_tail,7,5,241,0.12033195020746888,0.0015582980222424402,0.12033195020746888
30,future_tail,7,6,182,0.15384615384615385,0.0016820048219443316,0.15384615384615385
30,future_tail,7,7,174,0.13218390804597702,0.0016771873125511626,0.13218390804597702
30,future_tail,7,8,121,0.15702479338842976,0.0017910492195056412,0.15702479338842976
30,future_tail,7,9,52,0.28846153846153844,0.0019917017114109196,0.28846153846153844
