year,view,scenario,cost_bps,rank,phase,mdd,start,end,minutes,days,baseline_net_log,slow_net_log,matched_net_log,slow_vs_matched_log,conflict_share,both_share,wins_removed_log,losses_avoided_log,gross_delta_log,cost_savings_log,net_delta_log
2021,0,legacy_on_minute,0,1,decline,0.12280838267782289,2021-03-09 10:00:00,2021-04-23 09:31:00,7651,33,-0.13102981866033314,-0.10031341858358678,-0.10851149088511086,0.008198072301524074,0.36661874264801986,0.07907463076721997,0.3510661177628305,0.38178251783957684,0.030716400076746364,0.0,0.030716400076746364
2021,0,legacy_on_minute,0,1,recovery,0.12280838267782289,2021-04-23 09:31:00,2021-05-31 14:59:00,5758,24,0.1318797699553924,0.1268443905252492,0.10921537251411392,0.01762901801113529,0.3403959708232025,0.029524140326502257,0.21692670115773538,0.21189132172759217,-0.005035379430143205,0.0,-0.005035379430143205
2021,0,legacy_on_minute,0,2,decline,0.08620997039927956,2021-06-29 09:48:00,2021-07-13 10:17:00,2429,11,-0.09015446083312906,-0.09143825078724932,-0.07466082953458081,-0.01677742125266852,0.2622478386167147,0.051461506792918894,0.135152591791734,0.13386880183761374,-0.0012837899541202624,0.0,-0.0012837899541202624
2021,0,legacy_on_minute,0,2,recovery,0.08620997039927956,2021-07-13 10:17:00,2021-07-26 13:22:00,2255,10,0.0904165156555834,0.07285172518257355,0.07487784852895082,-0.002026123346377282,0.3960088691796009,0.03325942350332594,0.1657971691101099,0.14823237863710004,-0.01756479047300985,0.0,-0.01756479047300985
2021,0,legacy_on_minute,0,3,decline,0.0785096484681927,2021-08-02 09:40:00,2021-08-12 14:56:00,2146,9,-0.0817629723212061,-0.08387858971043372,-0.06771147297983729,-0.01616711673059643,0.22367194780987884,0.06989748369058714,0.11473509882771982,0.11261948143849221,-0.0021156173892276087,0.0,-0.0021156173892276087
2021,0,legacy_on_minute,0,3,recovery,0.0785096484681927,2021-08-12 14:56:00,2021-09-17 10:45:00,6079,27,0.08216415866916371,0.07989135229128008,0.06804371284084544,0.011847639450434648,0.272248725119263,0.019740088830399738,0.2911003995894932,0.28882759321160956,-0.0022728063778836294,0.0,-0.0022728063778836294
2021,0,legacy_on_minute,0,4,decline,0.07669982122012513,2021-01-04 13:23:00,2021-01-14 10:25:00,1832,9,-0.07980087657217005,-0.07959766432854831,-0.06608657616502017,-0.013511088163528147,0.384825327510917,0.14465065502183405,0.11356904433129422,0.11377225657491596,0.00020321224362174206,0.0,0.00020321224362174206
2021,0,legacy_on_minute,0,4,recovery,0.07669982122012513,2021-01-14 10:25:00,2021-02-04 10:43:00,3618,16,0.08012726894079059,0.08209846423154721,0.06635687587919704,0.01574158835235016,0.4201216141514649,0.04836926478717524,0.2520708697734273,0.2540420650641839,0.001971195290756622,0.0,0.001971195290756622
2021,0,legacy_on_minute,0,5,decline,0.0503689814032007,2021-09-17 10:50:00,2021-09-30 09:58:00,1628,8,-0.05168177131199414,-0.04760223991159496,-0.042799922292387126,-0.004802317619207823,0.2414004914004914,0.006142506142506142,0.05679886414363011,0.060878395544029296,0.004079531400399183,0.0,0.004079531400399183
2021,0,legacy_on_minute,0,5,recovery,0.0503689814032007,2021-09-30 09:58:00,2021-10-12 14:22:00,894,4,0.0518042705542161,0.04803130421487545,0.04290136924195713,0.005129934972918314,0.12527964205816555,0.0,0.014195865710595612,0.010422899371254957,-0.0037729663393406554,0.0,-0.0037729663393406554
2021,0,legacy_on_minute,0,6,decline,0.044448233901384984,2021-06-03 09:44:00,2021-06-07 10:57:00,553,3,-0.04546633979537251,-0.029029620880828055,-0.037652653164958395,0.008623032284130338,0.38155515370705245,0.21699819168173598,0.026321154028975613,0.04275787294352007,0.016436718914544457,0.0,0.016436718914544457
2021,0,legacy_on_minute,0,6,recovery,0.044448233901384984,2021-06-07 10:57:00,2021-06-16 13:52:00,1525,7,0.04565179189467994,0.0343152700653242,0.037806234113091954,-0.003490964047767754,0.3344262295081967,0.2,0.07913972809030412,0.06780320626094838,-0.011336521829355739,0.0,-0.011336521829355739
2021,0,legacy_on_minute,0,7,decline,0.04435065724456684,2021-11-12 09:34:00,2021-11-19 11:23:00,1309,6,-0.04536422949787333,-0.03944040642188584,-0.037568091187160944,-0.0018723152347248956,0.306340718105424,0.10695187165775401,0.04025659380466129,0.04618041688064878,0.005923823075987489,0.0,0.005923823075987489
2021,0,legacy_on_minute,0,7,recovery,0.04435065724456684,2021-11-19 11:23:00,2021-11-29 09:55:00,1352,7,0.04548007168270818,0.03907143490263998,0.037664025138015325,0.0014074097646246553,0.3698224852071006,0.07026627218934911,0.053060211557893755,0.046651574777825555,-0.0064086367800682,0.0,-0.0064086367800682
2021,0,legacy_on_minute,0,8,decline,0.03990293069653068,2021-07-28 09:45:00,2021-07-28 10:10:00,25,1,-0.04072088577413613,-0.04072088577413613,-0.03372273632590692,-0.00699814944822921,0.0,0.0,-0.0,0.0,0.0,0.0,0.0
2021,0,legacy_on_minute,0,8,recovery,0.03990293069653068,2021-07-28 10:10:00,2021-07-29 09:44:00,214,2,0.041918268194065966,0.039319076110786,0.034714340778043286,0.004604735332742706,0.06542056074766354,0.0,0.010531975520989612,0.007932783437709645,-0.0025991920832799664,0.0,-0.0025991920832799664
2021,0,legacy_on_minute,0,9,decline,0.03960136920012248,2021-02-26 09:30:00,2021-03-04 09:50:00,980,5,-0.04040684029215935,-0.03899663195216707,-0.0334626616054849,-0.005533970346682168,0.5612244897959183,0.15306122448979592,0.08266223371696046,0.08407244205695275,0.0014102083399922805,0.0,0.0014102083399922805
2021,0,legacy_on_minute,0,9,recovery,0.03960136920012248,2021-03-04 09:50:00,2021-03-08 14:25:00,665,3,0.040460876378859645,0.04224440169699317,0.033507411238731716,0.00873699045826146,0.24060150375939848,0.06766917293233082,0.018616494184555687,0.020400019502689215,0.0017835253181335275,0.0,0.0017835253181335275
2021,0,legacy_on_minute,0,10,decline,0.03181639842937044,2021-02-23 09:30:00,2021-02-25 13:03:00,603,3,-0.03233353864679955,-0.025713409449977576,-0.02677680943183447,0.0010633999818568949,0.4228855721393035,0.0,0.03613738201730943,0.042757511214131405,0.006620129196821978,0.0,0.006620129196821978
2021,0,legacy_on_minute,0,10,recovery,0.03181639842937044,2021-02-25 13:03:00,2021-02-26 09:30:00,117,2,0.03263119487375832,0.03263119487375832,0.027023311497461695,0.005607883376296623,0.0,0.0,-0.0,0.0,0.0,0.0,0.0
2021,0,legacy_on_minute,3,1,decline,0.18546510874989142,2021-03-09 10:00:00,2021-05-06 10:33:00,9153,39,-0.20513801422696107,-0.1614013287595392,-0.16988040322211495,0.008479074462575766,0.36545394952474597,0.0688298918387414,0.4159657077426404,0.44379363605233113,0.02782792830969072,0.01590875715773119,0.043736685467421904
2021,0,legacy_on_minute,3,1,recovery,0.18546510874989142,2021-05-06 10:33:00,2021-07-27 14:34:00,13831,58,0.20557890921039237,0.17388299044158714,0.17025311598772921,0.0036298744538579477,0.3437206275757357,0.05856409514857928,0.7419780374767724,0.6933223372250517,-0.048655700251720724,0.016959781482915548,-0.031695918768805176
2021,0,legacy_on_minute,3,2,decline,0.1138057203282208,2021-08-02 09:40:00,2021-09-30 09:58:00,9858,42,-0.12081907513288773,-0.11257280097049131,-0.10005250501060481,-0.01252029595988654,0.25644146885778046,0.028403327246906068,0.4626343625608431,0.46232547019413106,-0.00030889236671205467,0.008555166529108472,0.008246274162396417
2021,0,legacy_on_minute,3,2,recovery,0.1138057203282208,2021-09-30 09:58:00,2021-12-20 09:31:00,12453,53,0.12248348362464903,0.09346524516624634,0.10143728323181272,-0.007972038065566383,0.35236489199389703,0.050590219224283306,0.5282985310282817,0.4869727510064594,-0.0413257800218223,0.01230754156341968,-0.02901823845840262
2021,0,legacy_on_minute,3,3,decline,0.09534986303981587,2021-01-04 13:23:00,2021-01-14 10:25:00,1832,9,-0.10020699902127217,-0.09700207586366315,-0.08298490191268494,-0.014017173950978214,0.384825327510917,0.14465065502183405,0.11356904433129422,0.11377225657491596,0.00020321224362174206,0.0030017109139872725,0.0032049231576090145
2021,0,legacy_on_minute,3,3,recovery,0.09534986303981587,2021-01-14 10:25:00,2021-03-09 09:45:00,7880,34,0.10160581898240836,0.10813507680354273,0.08414658141068791,0.02398849539285479,0.39847715736040606,0.0583756345177665,0.5065659532021756,0.501989177819854,-0.004576775382321596,0.01110603320345596,0.006529257821134364
2021,0,legacy_on_minute,3,4,decline,0.04146983617026481,2021-12-23 09:35:00,2021-12-29 09:53:00,978,5,-0.042354247164022786,-0.031056345474040542,-0.03507493246213561,0.00401858698809507,0.5725971370143149,0.1687116564417178,0.049806935898708105,0.058403419339041474,0.008596483440333369,0.0027014182496488846,0.011297901689982254
2021,0,legacy_on_minute,3,4,recovery,0.04146983617026481,2021-12-29 09:53:00,2021-12-31 14:59:00,696,3,0.03461349849194548,0.026301382211085737,0.028665020237530953,-0.0023636380264452183,0.20833333333333334,0.0,0.02080536027468627,0.0124931764533045,-0.008312183821381769,6.754052203367805e-08,-0.008312116280859736
2021,0,legacy_on_minute,3,5,decline,0.040478988938112755,2021-07-28 09:45:00,2021-07-28 10:10:00,25,1,-0.04132106584616854,-0.04132106584616854,-0.03421974590672059,-0.007101319939447955,0.0,0.0,-0.0,0.0,0.0,0.0,0.0
2021,0,legacy_on_minute,3,5,recovery,0.040478988938112755,2021-07-28 10:10:00,2021-07-29 10:57:00,287,2,0.042048452554060145,0.04094155569442931,0.03482220338119734,0.0061193523132319644,0.1916376306620209,0.0,0.022560955926016035,0.021754081568635453,-0.0008068743573805826,-0.00030002250225025315,-0.0011068968596308357
2021,0,legacy_on_minute,3,6,decline,0.022151184411559954,2021-07-29 14:23:00,2021-07-30 09:48:00,55,2,-0.022400206184750443,-0.018222900214160037,-0.018550559215630563,0.00032765900147052076,0.509090909090909,0.0,0.01086843136795057,0.015195748589666103,0.004327317221715532,-0.00015001125112512658,0.004177305970590406
2021,0,legacy_on_minute,3,6,recovery,0.022151184411559954,2021-07-30 09:48:00,2021-08-02 09:34:00,226,2,0.02307966582524898,0.019368065368434263,0.019113351838088107,0.00025471353034615236,0.49557522123893805,0.0,0.03868071115090288,0.034518874319146686,-0.004161836831756194,0.00045023637494148077,-0.003711600456814713
2021,0,legacy_on_minute,3,7,decline,0.016908788983779274,2021-12-20 13:06:00,2021-12-21 13:22:00,256,2,-0.017053374720199944,-0.012292465595691327,-0.01412251301714589,0.0018300474214545657,0.26171875,0.0078125,0.007353875822440514,0.011364390988713335,0.004010515166272821,0.0007503939582358013,0.004760909124508623
2021,0,legacy_on_minute,3,7,recovery,0.016908788983779274,2021-12-21 13:22:00,2021-12-23 09:34:00,342,3,0.017356562313595975,0.013322212306883682,0.01437374966793033,-0.0010515373610466509,0.5350877192982456,0.038011695906432746,0.01928815641066084,0.015103727612301387,-0.004184428798359452,0.00015007879164716026,-0.004034350006712291
2021,0,legacy_on_minute,3,8,decline,0.01474658501818565,2021-07-27 14:38:00,2021-07-27 14:44:00,6,1,-0.014856396806139927,-0.007428198403069963,-0.012303228250617072,0.004875029847547108,1.0,0.0,-0.0,0.007428198403069963,0.007428198403069963,0.0,0.007428198403069963
2021,0,legacy_on_minute,3,8,recovery,0.01474658501818565,2021-07-27 14:44:00,2021-07-28 09:30:00,16,2,0.020673355214714917,0.02036351580945872,0.017120504468997738,0.0032430113404609846,0.0625,0.0,0.00015982815413106977,0.0,-0.00015982815413106977,-0.00015001125112512658,-0.00030983940525619634
2021,0,legacy_on_minute,3,9,decline,0.009623152438748518,2021-07-28 09:30:00,2021-07-28 09:31:00,1,1,-0.009669754181619972,-0.009669754181619972,-0.008007943943356521,-0.0016618102382634503,0.0,0.0,-0.0,0.0,0.0,0.0,0.0
2021,0,legacy_on_minute,3,9,recovery,0.009623152438748518,2021-07-28 09:31:00,2021-07-28 09:34:00,3,1,0.015245101049734977,0.015245101049734977,0.012625131138197247,0.0026199699115377296,0.0,0.0,-0.0,0.0,0.0,0.0,0.0
2021,0,legacy_on_minute,3,10,decline,0.006765311949154471,2021-08-02 09:34:00,2021-08-02 09:35:00,1,1,-0.00678830041345968,-0.00678830041345968,-0.005621686773069762,-0.0011666136403899185,0.0,0.0,-0.0,0.0,0.0,0.0,0.0
2021,0,legacy_on_minute,3,10,recovery,0.006765311949154471,2021-08-02 09:35:00,2021-08-02 09:38:00,3,1,0.008741504753564833,0.008741504753564833,0.007239220225493302,0.00150228452807153,0.0,0.0,-0.0,0.0,0.0,0.0,0.0
2021,0,delay_1m,0,1,decline,0.11777389151441009,2021-06-29 09:48:00,2021-07-13 10:17:00,2429,11,-0.12530689700245556,-0.12067908555709117,-0.10377172132415535,-0.016907364232935804,0.26183614656237136,0.051461506792918894,0.1300138703294862,0.13464168177485059,0.004627811445364394,0.0,0.004627811445364394
2021,0,delay_1m,0,1,recovery,0.11777389151441009,2021-07-13 10:17:00,2021-07-27 11:02:00,2445,11,0.12541674387772428,0.11006227660823331,0.10386268997473566,0.006199586633497669,0.3656441717791411,0.03067484662576687,0.16524813970604635,0.14989367243655538,-0.015354467269490968,0.0,-0.015354467269490968
2021,0,delay_1m,0,2,decline,0.11647874757356727,2021-03-09 10:00:00,2021-05-06 10:33:00,9153,39,-0.12383993269966354,-0.09553550889121931,-0.10255686871457527,0.007021359823355954,0.36545394952474597,0.0688298918387414,0.4142015474431142,0.44250597125155844,0.028304423808444223,0.0,0.028304423808444223
2021,0,delay_1m,0,2,recovery,0.11647874757356727,2021-05-06 10:33:00,2021-05-31 10:21:00,4068,18,0.12545635493673934,0.12264015134898854,0.10389549349853039,0.018744657850458153,0.34906588003933137,0.035644051130776795,0.15266925072443938,0.14985304713668857,-0.0028162035877508096,0.0,-0.0028162035877508096
2021,0,delay_1m,0,3,decline,0.0874693430301839,2021-01-04 13:23:00,2021-01-14 10:26:00,1833,9,-0.09153359741059575,-0.08848613138072814,-0.07580268276935812,-0.01268344861137002,0.38461538461538464,0.14457174031642117,0.11142157655210028,0.11446904258196788,0.003047466029867607,0.0,0.003047466029867607
2021,0,delay_1m,0,3,recovery,0.0874693430301839,2021-01-14 10:26:00,2021-02-08 11:11:00,4125,18,0.09160896113101913,0.08635903316747973,0.07586509452147079,0.010493938646008928,0.42787878787878786,0.04242424242424243,0.3012509871493201,0.2960010591857807,-0.0052499279635394025,0.0,-0.0052499279635394025
2021,0,delay_1m,0,4,decline,0.06458971358106888,2021-09-17 10:50:00,2021-09-30 09:58:00,1628,8,-0.06677003693776129,-0.06514415109559346,-0.055294974432039005,-0.009849176663554464,0.24078624078624078,0.006142506142506142,0.0594419837300415,0.06106786957220933,0.001625885842167829,0.0,0.001625885842167829
2021,0,delay_1m,0,4,recovery,0.06458971358106888,2021-09-30 09:58:00,2021-10-18 14:35:00,1867,8,0.0667708198936845,0.050163471162261164,0.05529562282957989,-0.005132151667318719,0.25066952329941083,0.0,0.07666260020280191,0.06005525147137858,-0.016607348731423333,0.0,-0.016607348731423333
2021,0,delay_1m,0,5,decline,0.05812251527046312,2021-08-02 09:40:00,2021-08-11 09:51:00,1691,8,-0.05988007153766439,-0.0648808953634652,-0.04958911476640611,-0.015291780597059096,0.2838557066824364,0.08870490833826139,0.11478384309617962,0.10978301927037881,-0.005000823825800804,0.0,-0.005000823825800804
2021,0,delay_1m,0,5,recovery,0.05812251527046312,2021-08-11 09:51:00,2021-08-31 09:31:00,3340,15,0.06059443295889455,0.052613117884727334,0.05018070641939523,0.002432411465332092,0.20808383233532934,0.025449101796407185,0.13372903895808053,0.1257477238839133,-0.007981315074167217,0.0,-0.007981315074167217
2021,0,delay_1m,0,6,decline,0.057400266171472446,2021-06-03 09:44:00,2021-06-15 10:27:00,1723,8,-0.059113546872636036,-0.0368901456002555,-0.04895432461654024,0.012064179016284746,0.3116656993615786,0.19442832269297736,0.06902113894896811,0.09124454022134865,0.02222340127238054,0.0,0.02222340127238054
2021,0,delay_1m,0,6,recovery,0.057400266171472446,2021-06-15 10:27:00,2021-06-17 14:09:00,612,3,0.05918067564812457,0.03656483051472392,0.04900991667690936,-0.01244508616218544,0.4738562091503268,0.14705882352941177,0.05816794272227277,0.03555209758887212,-0.022615845133400647,0.0,-0.022615845133400647
2021,0,delay_1m,0,7,decline,0.056037660003385455,2021-08-31 13:35:00,2021-09-10 10:55:00,1850,9,-0.057669007703808894,-0.045776672319324696,-0.04775804316950688,0.0019813708501821873,0.38054054054054054,0.01891891891891892,0.11438044676455084,0.12627278214903503,0.011892335384484198,0.0,0.011892335384484198
2021,0,delay_1m,0,7,recovery,0.056037660003385455,2021-09-10 10:55:00,2021-09-17 10:30:00,1175,6,0.057963858687389624,0.051140693636289036,0.048002221222209714,0.0031384724140793296,0.2093617021276596,0.0,0.03901293660450422,0.032189771553403634,-0.006823165051100588,0.0,-0.006823165051100588
2021,0,delay_1m,0,8,decline,0.04796756798950517,2021-11-12 09:34:00,2021-11-19 11:23:00,1309,6,-0.04915617753313217,-0.04452014694389028,-0.04070822339674518,-0.0038119235471451114,0.30710466004583653,0.10695187165775401,0.04127440618373379,0.04591043677297568,0.004636030589241891,0.0,0.004636030589241891
2021,0,delay_1m,0,8,recovery,0.04796756798950517,2021-11-19 11:23:00,2021-12-02 10:44:00,2121,10,0.04960829632186137,0.04400404856019424,0.041082641294496645,0.0029214072656975907,0.3088165959453088,0.07779349363507779,0.06816968277706081,0.06256543501539369,-0.005604247761667125,0.0,-0.005604247761667125
2021,0,delay_1m,0,9,decline,0.0472776004051631,2021-02-26 09:30:00,2021-03-08 09:31:00,1441,7,-0.04843170884763914,-0.04253870860758813,-0.04010826150847348,-0.0024304470991146463,0.49271339347675225,0.13532269257460097,0.10004008447446511,0.10593308471451612,0.005893000240051016,0.0,0.005893000240051016
2021,0,delay_1m,0,9,recovery,0.0472776004051631,2021-03-08 09:31:00,2021-03-09 09:30:00,239,2,0.04850186629747899,0.04850186629747899,0.04016636173685477,0.00833550456062422,0.0,0.0,-0.0,0.0,0.0,0.0,0.0
2021,0,delay_1m,0,10,decline,0.04012963305104813,2021-07-28 09:45:00,2021-07-28 10:10:00,25,1,-0.0409570380663995,-0.0409570380663995,-0.03391818361287762,-0.007038854453521879,0.0,0.0,-0.0,0.0,0.0,0.0,0.0
2021,0,delay_1m,0,10,recovery,0.04012963305104813,2021-07-28 10:10:00,2021-07-29 09:30:00,200,2,0.05082388777450486,0.05082388777450486,0.04208932185626392,0.008734565918240938,0.0,0.0,-0.0,0.0,0.0,0.0,0.0
2021,0,delay_1m,3,1,decline,0.18772690505411274,2021-03-09 10:00:00,2021-07-13 10:17:00,20417,86,-0.2079186715396551,-0.15518764319248363,-0.17217895888595716,0.016991315693473518,0.35098202478326884,0.06685605132977421,0.9677802563579547,0.9897440517691058,0.02196379541115112,0.030767232936020388,0.05273102834717151
2021,0,delay_1m,3,1,recovery,0.18772690505411274,2021-07-13 10:17:00,2021-07-29 10:57:00,2920,13,0.2089833185852756,0.18259389178187171,0.17306830173597573,0.009525590045895961,0.3421232876712329,0.025684931506849314,0.2093104207349601,0.18126972198030522,-0.02804069875465487,0.0016512719512509649,-0.026389426803403903
2021,0,delay_1m,3,2,decline,0.11414411674326674,2021-08-02 09:40:00,2021-09-30 09:58:00,9858,42,-0.12120100158873928,-0.11644285224328804,-0.10036843771073943,-0.016074414532548622,0.25634002840332726,0.028403327246906068,0.4634026634030941,0.4596056462194369,-0.003797017183657214,0.008555166529108472,0.004758149345451258
2021,0,delay_1m,3,2,recovery,0.11414411674326674,2021-09-30 09:58:00,2021-12-31 14:59:00,14851,62,0.10289108469466218,0.07911476006926439,0.08521238034380665,-0.006097620274542264,0.36145714093327047,0.05454178169820214,0.6302080497186946,0.5903721461981761,-0.03983590352051847,0.01605957889512072,-0.02377632462539775
2021,0,delay_1m,3,3,decline,0.10590184776198942,2021-01-04 13:23:00,2021-01-14 10:26:00,1833,9,-0.11193971985969786,-0.10589054291584299,-0.09270094837065722,-0.013189594545185767,0.38461538461538464,0.14457174031642117,0.11142157655210028,0.11446904258196788,0.003047466029867607,0.0030017109139872725,0.0060491769438548795
2021,0,delay_1m,3,3,recovery,0.10590184776198942,2021-01-14 10:26:00,2021-03-09 09:53:00,7887,34,0.11262663354356314,0.11692352002522119,0.09327306534199103,0.023650454683230182,0.398123494357804,0.05832382401420058,0.5074614587346833,0.5006523120128854,-0.006809146721797887,0.01110603320345596,0.0042968864816580726
2021,0,delay_1m,3,4,decline,0.018535349814935667,2021-07-29 14:23:00,2021-07-30 09:48:00,55,2,-0.01870928202724373,-0.01503040824490995,-0.015493889280267336,0.0004634810353573844,0.4909090909090909,0.0,0.01086843136795057,0.014697316401409477,0.0038288850334589064,-0.00015001125112512658,0.00367887378233378
2021,0,delay_1m,3,4,recovery,0.018535349814935667,2021-07-30 09:48:00,2021-08-02 09:34:00,226,2,0.023033253550031243,0.01933325616202096,0.019074847939330758,0.0002584082226902021,0.5,0.0,0.03866910808209845,0.034518874319146686,-0.0041502337629517605,0.00045023637494148077,-0.0036999973880102797
2021,0,delay_1m,3,5,decline,0.006765311949154471,2021-08-02 09:34:00,2021-08-02 09:35:00,1,1,-0.00678830041345968,-0.00678830041345968,-0.005621666768720498,-0.0011666336447391824,0.0,0.0,-0.0,0.0,0.0,0.0,0.0
2021,0,delay_1m,3,5,recovery,0.006765311949154471,2021-08-02 09:35:00,2021-08-02 09:38:00,3,1,0.008741504753564833,0.008741504753564833,0.007239194465272993,0.0015023102882918398,0.0,0.0,-0.0,0.0,0.0,0.0,0.0
2021,0,delay_1m,3,6,decline,0.006189122586272685,2021-01-04 09:30:00,2021-01-04 09:35:00,5,1,-0.0062083545993871555,-0.0062083545993871555,-0.0051413837222874965,-0.0010669708770996596,0.0,0.0,-0.0,0.0,0.0,0.0,0.0
2021,0,delay_1m,3,6,recovery,0.006189122586272685,2021-01-04 09:35:00,2021-01-04 09:42:00,7,1,0.007422779494020482,0.007422779494020482,0.006147104616987313,0.0012756748770331677,0.0,0.0,-0.0,0.0,0.0,0.0,0.0
2021,0,delay_1m,3,7,decline,0.0059857766243013415,2021-07-29 11:15:00,2021-07-29 11:24:00,9,1,-0.006003763196853917,-0.006003763196853917,-0.004971959694668171,-0.0010318035021857467,0.0,0.0,-0.0,0.0,0.0,0.0,0.0
2021,0,delay_1m,3,7,recovery,0.0059857766243013415,2021-07-29 11:24:00,2021-07-29 13:08:00,14,1,0.006468014282350332,0.006468014282350332,0.0053564248392134585,0.0011115894431368736,0.0,0.0,-0.0,0.0,0.0,0.0,0.0
2021,0,delay_1m,3,8,decline,0.004539949430204091,2021-01-04 10:32:00,2021-01-04 10:38:00,6,1,-0.004550286298389494,-0.004550286298389494,-0.0037682765513884194,-0.0007820097470010752,0.0,0.0,-0.0,0.0,0.0,0.0,0.0
2021,0,delay_1m,3,8,recovery,0.004539949430204091,2021-01-04 10:38:00,2021-01-04 10:44:00,6,1,0.004642355917250818,0.004642355917250818,0.003844523135251327,0.0007978327819994913,0.0,0.0,-0.0,0.0,0.0,0.0,0.0
2021,0,delay_1m,3,9,decline,0.0037404753494468456,2021-07-29 13:32:00,2021-07-29 13:39:00,7,1,-0.003747488420976275,-0.003747488420976275,-0.0031034470838379176,-0.0006440413371383572,0.0,0.0,-0.0,0.0,0.0,0.0,0.0
2021,0,delay_1m,3,9,recovery,0.0037404753494468456,2021-07-29 13:39:00,2021-07-29 13:44:00,5,1,0.004188931062675039,0.004188931062675039,0.0034690236314246434,0.0007199074312503955,0.0,0.0,-0.0,0.0,0.0,0.0,0.0
2021,0,delay_1m,3,10,decline,0.0032703991144763978,2021-07-29 13:50:00,2021-07-29 13:58:00,8,1,-0.0032757585578631065,-0.0032757585578631065,-0.0027127884603600546,-0.0005629700975030518,0.0,0.0,-0.0,0.0,0.0,0.0,0.0
2021,0,delay_1m,3,10,recovery,0.0032703991144763978,2021-07-29 13:58:00,2021-07-29 14:02:00,4,1,0.0033512264588848595,0.0033512264588848595,0.002775286488649709,0.0005759399702351506,0.0,0.0,-0.0,0.0,0.0,0.0,0.0
2021,0,delay_1m_observed,0,1,decline,0.11777389151441009,2021-06-29 09:48:00,2021-07-13 10:17:00,2429,11,-0.12530689700245556,-0.12067908555709117,-0.10377172132415535,-0.016907364232935804,0.26183614656237136,0.051461506792918894,0.1300138703294862,0.13464168177485059,0.004627811445364394,0.0,0.004627811445364394
2021,0,delay_1m_observed,0,1,recovery,0.11777389151441009,2021-07-13 10:17:00,2021-07-27 11:02:00,2445,11,0.12541674387772428,0.11006227660823331,0.10386268997473566,0.006199586633497669,0.3656441717791411,0.03067484662576687,0.16524813970604635,0.14989367243655538,-0.015354467269490968,0.0,-0.015354467269490968
2021,0,delay_1m_observed,0,2,decline,0.11647874757356727,2021-03-09 10:00:00,2021-05-06 10:33:00,9153,39,-0.12383993269966354,-0.09553550889121931,-0.10255686871457527,0.007021359823355954,0.36545394952474597,0.0688298918387414,0.4142015474431142,0.44250597125155844,0.028304423808444223,0.0,0.028304423808444223
2021,0,delay_1m_observed,0,2,recovery,0.11647874757356727,2021-05-06 10:33:00,2021-05-31 10:21:00,4068,18,0.12545635493673934,0.12264015134898854,0.10389549349853039,0.018744657850458153,0.34906588003933137,0.035644051130776795,0.15266925072443938,0.14985304713668857,-0.0028162035877508096,0.0,-0.0028162035877508096
2021,0,delay_1m_observed,0,3,decline,0.0874693430301839,2021-01-04 13:23:00,2021-01-14 10:26:00,1833,9,-0.09153359741059575,-0.08848613138072814,-0.07580268276935812,-0.01268344861137002,0.38461538461538464,0.14457174031642117,0.11142157655210028,0.11446904258196788,0.003047466029867607,0.0,0.003047466029867607
2021,0,delay_1m_observed,0,3,recovery,0.0874693430301839,2021-01-14 10:26:00,2021-02-08 11:11:00,4125,18,0.09160896113101913,0.08635903316747973,0.07586509452147079,0.010493938646008928,0.42787878787878786,0.04242424242424243,0.3012509871493201,0.2960010591857807,-0.0052499279635394025,0.0,-0.0052499279635394025
2021,0,delay_1m_observed,0,4,decline,0.06458971358106888,2021-09-17 10:50:00,2021-09-30 09:58:00,1628,8,-0.06677003693776129,-0.06514415109559346,-0.055294974432039005,-0.009849176663554464,0.24078624078624078,0.006142506142506142,0.0594419837300415,0.06106786957220933,0.001625885842167829,0.0,0.001625885842167829
2021,0,delay_1m_observed,0,4,recovery,0.06458971358106888,2021-09-30 09:58:00,2021-10-18 14:35:00,1867,8,0.0667708198936845,0.050163471162261164,0.05529562282957989,-0.005132151667318719,0.25066952329941083,0.0,0.07666260020280191,0.06005525147137858,-0.016607348731423333,0.0,-0.016607348731423333
2021,0,delay_1m_observed,0,5,decline,0.05812251527046312,2021-08-02 09:40:00,2021-08-11 09:51:00,1691,8,-0.05988007153766439,-0.0648808953634652,-0.04958911476640611,-0.015291780597059096,0.2838557066824364,0.08870490833826139,0.11478384309617962,0.10978301927037881,-0.005000823825800804,0.0,-0.005000823825800804
2021,0,delay_1m_observed,0,5,recovery,0.05812251527046312,2021-08-11 09:51:00,2021-08-31 09:31:00,3340,15,0.06059443295889455,0.052613117884727334,0.05018070641939523,0.002432411465332092,0.20808383233532934,0.025449101796407185,0.13372903895808053,0.1257477238839133,-0.007981315074167217,0.0,-0.007981315074167217
2021,0,delay_1m_observed,0,6,decline,0.057400266171472446,2021-06-03 09:44:00,2021-06-15 10:27:00,1723,8,-0.059113546872636036,-0.0368901456002555,-0.04895432461654024,0.012064179016284746,0.3116656993615786,0.19442832269297736,0.06902113894896811,0.09124454022134865,0.02222340127238054,0.0,0.02222340127238054
2021,0,delay_1m_observed,0,6,recovery,0.057400266171472446,2021-06-15 10:27:00,2021-06-17 14:09:00,612,3,0.05918067564812457,0.03656483051472392,0.04900991667690936,-0.01244508616218544,0.4738562091503268,0.14705882352941177,0.05816794272227277,0.03555209758887212,-0.022615845133400647,0.0,-0.022615845133400647
2021,0,delay_1m_observed,0,7,decline,0.056037660003385455,2021-08-31 13:35:00,2021-09-10 10:55:00,1850,9,-0.057669007703808894,-0.045776672319324696,-0.04775804316950688,0.0019813708501821873,0.38054054054054054,0.01891891891891892,0.11438044676455084,0.12627278214903503,0.011892335384484198,0.0,0.011892335384484198
2021,0,delay_1m_observed,0,7,recovery,0.056037660003385455,2021-09-10 10:55:00,2021-09-17 10:30:00,1175,6,0.057963858687389624,0.051140693636289036,0.048002221222209714,0.0031384724140793296,0.2093617021276596,0.0,0.03901293660450422,0.032189771553403634,-0.006823165051100588,0.0,-0.006823165051100588
2021,0,delay_1m_observed,0,8,decline,0.04796756798950517,2021-11-12 09:34:00,2021-11-19 11:23:00,1309,6,-0.04915617753313217,-0.04452014694389028,-0.04070822339674518,-0.0038119235471451114,0.30710466004583653,0.10695187165775401,0.04127440618373379,0.04591043677297568,0.004636030589241891,0.0,0.004636030589241891
2021,0,delay_1m_observed,0,8,recovery,0.04796756798950517,2021-11-19 11:23:00,2021-12-02 10:44:00,2121,10,0.04960829632186137,0.04400404856019424,0.041082641294496645,0.0029214072656975907,0.3088165959453088,0.07779349363507779,0.06816968277706081,0.06256543501539369,-0.005604247761667125,0.0,-0.005604247761667125
2021,0,delay_1m_observed,0,9,decline,0.0472776004051631,2021-02-26 09:30:00,2021-03-08 09:31:00,1441,7,-0.04843170884763914,-0.04253870860758813,-0.04010826150847348,-0.0024304470991146463,0.49271339347675225,0.13532269257460097,0.10004008447446511,0.10593308471451612,0.005893000240051016,0.0,0.005893000240051016
2021,0,delay_1m_observed,0,9,recovery,0.0472776004051631,2021-03-08 09:31:00,2021-03-09 09:30:00,239,2,0.04850186629747899,0.04850186629747899,0.04016636173685477,0.00833550456062422,0.0,0.0,-0.0,0.0,0.0,0.0,0.0
2021,0,delay_1m_observed,0,10,decline,0.04012963305104813,2021-07-28 09:45:00,2021-07-28 10:10:00,25,1,-0.0409570380663995,-0.0409570380663995,-0.03391818361287762,-0.007038854453521879,0.0,0.0,-0.0,0.0,0.0,0.0,0.0
2021,0,delay_1m_observed,0,10,recovery,0.04012963305104813,2021-07-28 10:10:00,2021-07-29 09:30:00,200,2,0.05082388777450486,0.05082388777450486,0.04208932185626392,0.008734565918240938,0.0,0.0,-0.0,0.0,0.0,0.0,0.0
2021,0,delay_1m_observed,3,1,decline,0.18772690505411274,2021-03-09 10:00:00,2021-07-13 10:17:00,20417,86,-0.2079186715396551,-0.15518764319248363,-0.17217895888595716,0.016991315693473518,0.35098202478326884,0.06685605132977421,0.9677802563579547,0.9897440517691058,0.02196379541115112,0.030767232936020388,0.05273102834717151
2021,0,delay_1m_observed,3,1,recovery,0.18772690505411274,2021-07-13 10:17:00,2021-07-29 10:57:00,2920,13,0.2089833185852756,0.18259389178187171,0.17306830173597573,0.009525590045895961,0.3421232876712329,0.025684931506849314,0.2093104207349601,0.18126972198030522,-0.02804069875465487,0.0016512719512509649,-0.026389426803403903
2021,0,delay_1m_observed,3,2,decline,0.11414411674326674,2021-08-02 09:40:00,2021-09-30 09:58:00,9858,42,-0.12120100158873928,-0.11644285224328804,-0.10036843771073943,-0.016074414532548622,0.25634002840332726,0.028403327246906068,0.4634026634030941,0.4596056462194369,-0.003797017183657214,0.008555166529108472,0.004758149345451258
2021,0,delay_1m_observed,3,2,recovery,0.11414411674326674,2021-09-30 09:58:00,2021-12-31 14:59:00,14851,62,0.10289108469466218,0.07911476006926439,0.08521238034380665,-0.006097620274542264,0.36145714093327047,0.05454178169820214,0.6302080497186946,0.5903721461981761,-0.03983590352051847,0.01605957889512072,-0.02377632462539775
2021,0,delay_1m_observed,3,3,decline,0.10590184776198942,2021-01-04 13:23:00,2021-01-14 10:26:00,1833,9,-0.11193971985969786,-0.10589054291584299,-0.09270094837065722,-0.013189594545185767,0.38461538461538464,0.14457174031642117,0.11142157655210028,0.11446904258196788,0.003047466029867607,0.0030017109139872725,0.0060491769438548795
2021,0,delay_1m_observed,3,3,recovery,0.10590184776198942,2021-01-14 10:26:00,2021-03-09 09:53:00,7887,34,0.11262663354356314,0.11692352002522119,0.09327306534199103,0.023650454683230182,0.398123494357804,0.05832382401420058,0.5074614587346833,0.5006523120128854,-0.006809146721797887,0.01110603320345596,0.0042968864816580726
2021,0,delay_1m_observed,3,4,decline,0.018535349814935667,2021-07-29 14:23:00,2021-07-30 09:48:00,55,2,-0.01870928202724373,-0.01503040824490995,-0.015493889280267336,0.0004634810353573844,0.4909090909090909,0.0,0.01086843136795057,0.014697316401409477,0.0038288850334589064,-0.00015001125112512658,0.00367887378233378
2021,0,delay_1m_observed,3,4,recovery,0.018535349814935667,2021-07-30 09:48:00,2021-08-02 09:34:00,226,2,0.023033253550031243,0.01933325616202096,0.019074847939330758,0.0002584082226902021,0.5,0.0,0.03866910808209845,0.034518874319146686,-0.0041502337629517605,0.00045023637494148077,-0.0036999973880102797
2021,0,delay_1m_observed,3,5,decline,0.006765311949154471,2021-08-02 09:34:00,2021-08-02 09:35:00,1,1,-0.00678830041345968,-0.00678830041345968,-0.005621666768720498,-0.0011666336447391824,0.0,0.0,-0.0,0.0,0.0,0.0,0.0
2021,0,delay_1m_observed,3,5,recovery,0.006765311949154471,2021-08-02 09:35:00,2021-08-02 09:38:00,3,1,0.008741504753564833,0.008741504753564833,0.007239194465272993,0.0015023102882918398,0.0,0.0,-0.0,0.0,0.0,0.0,0.0
2021,0,delay_1m_observed,3,6,decline,0.006189122586272685,2021-01-04 09:30:00,2021-01-04 09:35:00,5,1,-0.0062083545993871555,-0.0062083545993871555,-0.0051413837222874965,-0.0010669708770996596,0.0,0.0,-0.0,0.0,0.0,0.0,0.0
2021,0,delay_1m_observed,3,6,recovery,0.006189122586272685,2021-01-04 09:35:00,2021-01-04 09:42:00,7,1,0.007422779494020482,0.007422779494020482,0.006147104616987313,0.0012756748770331677,0.0,0.0,-0.0,0.0,0.0,0.0,0.0
2021,0,delay_1m_observed,3,7,decline,0.0059857766243013415,2021-07-29 11:15:00,2021-07-29 11:24:00,9,1,-0.006003763196853917,-0.006003763196853917,-0.004971959694668171,-0.0010318035021857467,0.0,0.0,-0.0,0.0,0.0,0.0,0.0
2021,0,delay_1m_observed,3,7,recovery,0.0059857766243013415,2021-07-29 11:24:00,2021-07-29 13:08:00,14,1,0.006468014282350332,0.006468014282350332,0.0053564248392134585,0.0011115894431368736,0.0,0.0,-0.0,0.0,0.0,0.0,0.0
2021,0,delay_1m_observed,3,8,decline,0.004539949430204091,2021-01-04 10:32:00,2021-01-04 10:38:00,6,1,-0.004550286298389494,-0.004550286298389494,-0.0037682765513884194,-0.0007820097470010752,0.0,0.0,-0.0,0.0,0.0,0.0,0.0
2021,0,delay_1m_observed,3,8,recovery,0.004539949430204091,2021-01-04 10:38:00,2021-01-04 10:44:00,6,1,0.004642355917250818,0.004642355917250818,0.003844523135251327,0.0007978327819994913,0.0,0.0,-0.0,0.0,0.0,0.0,0.0
2021,0,delay_1m_observed,3,9,decline,0.0037404753494468456,2021-07-29 13:32:00,2021-07-29 13:39:00,7,1,-0.003747488420976275,-0.003747488420976275,-0.0031034470838379176,-0.0006440413371383572,0.0,0.0,-0.0,0.0,0.0,0.0,0.0
2021,0,delay_1m_observed,3,9,recovery,0.0037404753494468456,2021-07-29 13:39:00,2021-07-29 13:44:00,5,1,0.004188931062675039,0.004188931062675039,0.0034690236314246434,0.0007199074312503955,0.0,0.0,-0.0,0.0,0.0,0.0,0.0
2021,0,delay_1m_observed,3,10,decline,0.0032703991144763978,2021-07-29 13:50:00,2021-07-29 13:58:00,8,1,-0.0032757585578631065,-0.0032757585578631065,-0.0027127884603600546,-0.0005629700975030518,0.0,0.0,-0.0,0.0,0.0,0.0,0.0
2021,0,delay_1m_observed,3,10,recovery,0.0032703991144763978,2021-07-29 13:58:00,2021-07-29 14:02:00,4,1,0.0033512264588848595,0.0033512264588848595,0.002775286488649709,0.0005759399702351506,0.0,0.0,-0.0,0.0,0.0,0.0,0.0
2021,0,literal_publication,0,1,decline,0.2476620212981828,2021-01-19 14:38:00,2021-03-08 09:31:00,6743,30,-0.28456961623704125,-0.21097797665708296,-0.2347983566883895,0.02382038003130656,0.39477977161500816,0.10677739878392407,0.3981960570587484,0.4717876966387067,0.07359163957995829,0.0,0.07359163957995829
2021,0,literal_publication,0,1,recovery,0.2476620212981828,2021-03-08 09:31:00,2021-12-31 14:59:00,48718,203,0.12445765055649272,0.041037962202303824,0.10268999274898191,-0.06165203054667803,0.3448417422718502,0.054189416642719326,2.309027685488168,2.225607997133979,-0.08341968835418889,0.0,-0.08341968835418889
2021,0,literal_publication,0,2,decline,0.04588942156719088,2021-01-06 09:32:00,2021-01-08 09:56:00,504,3,-0.0469757039440033,-0.0469757039440033,-0.038759647766276766,-0.008216056177726533,0.0,0.0,-0.0,0.0,0.0,0.0,0.0
2021,0,literal_publication,0,2,recovery,0.04588942156719088,2021-01-08 09:56:00,2021-01-13 13:48:00,862,4,0.0474113113432173,0.038348518419861755,0.039119067379829446,-0.0007705489599676891,0.4733178654292343,0.27842227378190254,0.08044689643811376,0.07138410351475821,-0.009062792923355545,0.0,-0.009062792923355545
2021,0,literal_publication,0,3,decline,0.027777332494064975,2021-01-14 13:16:00,2021-01-15 10:18:00,152,2,-0.028170418960696608,-0.023365410327764735,-0.02324340935149368,-0.00012200097627105156,0.3157894736842105,0.0,0.010519514276846387,0.01532452290977826,0.004805008632931873,0.0,0.004805008632931873
2021,0,literal_publication,0,3,recovery,0.027777332494064975,2021-01-15 10:18:00,2021-01-18 10:10:00,232,2,0.028408802262977595,0.02117174107838382,0.02344009938600146,-0.002268358307617636,0.8275862068965517,0.0,0.03462932553447651,0.027392264349882733,-0.007237061184593774,0.0,-0.007237061184593774
2021,0,literal_publication,0,4,decline,0.0163369083489609,2021-01-14 09:46:00,2021-01-14 10:05:00,19,1,-0.016471827091032232,-0.016471827091032232,-0.013590902583949998,-0.0028809245070822334,0.0,0.0,-0.0,0.0,0.0,0.0,0.0
2021,0,literal_publication,0,4,recovery,0.0163369083489609,2021-01-14 10:05:00,2021-01-14 10:34:00,29,1,0.01698441895625802,0.01698441895625802,0.0140138420713006,0.0029705768849574202,0.0,0.0,-0.0,0.0,0.0,0.0,0.0
2021,0,literal_publication,0,5,decline,0.013647396136431641,2021-01-13 13:50:00,2021-01-13 14:55:00,65,1,-0.013741377897565243,-0.006870688948782622,-0.0113380092774729,0.004467320328690276,1.0,0.0,0.004456390666007337,0.011327079614789959,0.006870688948782622,0.0,0.006870688948782622
2021,0,literal_publication,0,5,recovery,0.013647396136431641,2021-01-13 14:55:00,2021-01-14 09:37:00,12,2,0.014072232184259015,0.013003001799988034,0.011610997110278975,0.001392004689709059,0.4166666666666667,0.0,0.00116154812800362,9.231774373263946e-05,-0.0010692303842709805,0.0,-0.0010692303842709805
2021,0,literal_publication,0,6,decline,0.012666688947562125,2021-01-18 13:19:00,2021-01-18 14:43:00,84,1,-0.012747595389243749,-0.012747595389243749,-0.010518039447435998,-0.0022295559418077505,0.0,0.0,-0.0,0.0,0.0,0.0,0.0
2021,0,literal_publication,0,6,recovery,0.012666688947562125,2021-01-18 14:43:00,2021-01-19 09:51:00,38,2,0.013232451543978563,0.009438117038465421,0.01091809420334204,-0.0014799771648766192,0.5526315789473685,0.0,0.0074821480922317996,0.003687813586718658,-0.0037943345055131417,0.0,-0.0037943345055131417
2021,0,literal_publication,0,7,decline,0.010536129882511316,2021-01-05 10:15:00,2021-01-05 11:21:00,66,1,-0.010592027878008281,-0.010592027878008281,-0.008739480948951122,-0.0018525469290571592,0.0,0.0,-0.0,0.0,0.0,0.0,0.0
2021,0,literal_publication,0,7,recovery,0.010536129882511316,2021-01-05 11:21:00,2021-01-06 09:30:00,129,2,0.013077510098099765,0.013077510098099765,0.010790252034679306,0.0022872580634204567,0.0,0.0,-0.0,0.0,0.0,0.0,0.0
2021,0,literal_publication,0,8,decline,0.010048629190144815,2021-01-04 13:23:00,2021-01-05 09:33:00,100,2,-0.010099457454033178,-0.010099457454033178,-0.008333061150407628,-0.0017663963036255485,0.0,0.0,-0.0,0.0,0.0,0.0,0.0
2021,0,literal_publication,0,8,recovery,0.010048629190144815,2021-01-05 09:33:00,2021-01-05 10:14:00,41,1,0.010730806035530449,0.010730806035530449,0.008853986790303156,0.001876819245227295,0.0,0.0,-0.0,0.0,0.0,0.0,0.0
2021,0,literal_publication,0,9,decline,0.006119520186293254,2021-01-19 09:57:00,2021-01-19 10:11:00,14,1,-0.006138321191277996,-0.003069160595638998,-0.005064728088669316,0.0019955674930303186,1.0,0.0,0.0012067976512137868,0.004275958246852785,0.003069160595638998,0.0,0.003069160595638998
2021,0,literal_publication,0,9,recovery,0.006119520186293254,2021-01-19 10:11:00,2021-01-19 10:39:00,28,1,0.006744689438887619,0.0033723447194438094,0.005565042458029687,-0.002192697738585878,1.0,0.0,0.006378198689526826,0.0030058539700830167,-0.0033723447194438094,0.0,-0.0033723447194438094
2021,0,literal_publication,0,10,decline,0.006113019299967263,2021-01-19 11:10:00,2021-01-19 13:33:00,53,1,-0.006131780299091005,-0.0030658901495455027,-0.005059331199299716,0.0019934410497542123,1.0,0.0,0.004864082088629207,0.00792997223817471,0.0030658901495455027,0.0,0.0030658901495455027
2021,0,literal_publication,0,10,recovery,0.006113019299967263,2021-01-19 13:33:00,2021-01-19 13:44:00,11,1,0.006701063052509504,0.003350531526254752,0.005529046331790751,-0.0021785148055359993,1.0,0.0,0.003395017490962271,4.448596470751909e-05,-0.003350531526254752,0.0,-0.003350531526254752
2021,0,literal_publication,3,1,decline,0.2557459649985197,2021-01-19 14:38:00,2021-03-08 09:31:00,6743,30,-0.2953728575336247,-0.21983005858120924,-0.2437116418978486,0.023881583316639362,0.39477977161500816,0.10677739878392407,0.3981960570587484,0.4717876966387067,0.07359163957995829,0.0019511593724571507,0.07554279895241545
2021,0,literal_publication,3,1,recovery,0.2557459649985197,2021-03-08 09:31:00,2021-12-31 14:59:00,48718,203,0.06023838284902444,-0.013575249752185534,0.04970546400386379,-0.06328071375604935,0.3448417422718502,0.054189416642719326,2.309027685488168,2.225607997133979,-0.08341968835418889,0.009606055752979004,-0.07381363260120989
2021,0,literal_publication,3,2,decline,0.04588942156719088,2021-01-06 09:32:00,2021-01-08 09:56:00,504,3,-0.0469757039440033,-0.0469757039440033,-0.038759647766276766,-0.008216056177726533,0.0,0.0,-0.0,0.0,0.0,0.0,0.0
2021,0,literal_publication,3,2,recovery,0.04588942156719088,2021-01-08 09:56:00,2021-01-13 13:50:00,864,4,0.047530385004550896,0.037958021503909256,0.039217341038494766,-0.0012593195345855144,0.47453703703703703,0.2777777777777778,0.08080652330479676,0.07138410351475821,-0.00942241979003855,-0.0001499437106030929,-0.009572363500641643
2021,0,literal_publication,3,3,decline,0.028360666094568533,2021-01-14 13:16:00,2021-01-15 10:18:00,152,2,-0.028770599032729022,-0.02381551160814999,-0.0237385918631303,-7.691974501968868e-05,0.3157894736842105,0.0,0.010519514276846387,0.01532452290977826,0.004805008632931873,0.00015007879164716026,0.004955087424579034
2021,0,literal_publication,3,3,recovery,0.028360666094568533,2021-01-15 10:18:00,2021-01-18 10:13:00,235,2,0.029057773374367907,0.021970790981421292,0.023975591368013874,-0.0020048003865925836,0.8170212765957446,0.0,0.03462932553447651,0.027392264349882733,-0.007237061184593774,0.00015007879164716026,-0.007086982392946613
2021,0,literal_publication,3,4,decline,0.0163369083489609,2021-01-14 09:46:00,2021-01-14 10:05:00,19,1,-0.016471827091032232,-0.016471827091032232,-0.013590902583949998,-0.0028809245070822334,0.0,0.0,-0.0,0.0,0.0,0.0,0.0
2021,0,literal_publication,3,4,recovery,0.0163369083489609,2021-01-14 10:05:00,2021-01-14 10:34:00,29,1,0.01698441895625802,0.01698441895625802,0.0140138420713006,0.0029705768849574202,0.0,0.0,-0.0,0.0,0.0,0.0,0.0
2021,0,literal_publication,3,5,decline,0.013647396136431641,2021-01-13 13:50:00,2021-01-13 14:55:00,65,1,-0.013741377897565243,-0.006870688948782622,-0.0113380092774729,0.004467320328690276,1.0,0.0,0.004456390666007337,0.011327079614789959,0.006870688948782622,0.0,0.006870688948782622
2021,0,literal_publication,3,5,recovery,0.013647396136431641,2021-01-13 14:55:00,2021-01-14 09:46:00,21,2,0.014062209153277742,0.013143057560653922,0.011602753103389351,0.001540304457264571,0.23809523809523808,0.0,0.00116154812800362,9.231774373263946e-05,-0.0010692303842709805,0.00015007879164716026,-0.0009191515926238202
2021,0,literal_publication,3,6,decline,0.012666688947562125,2021-01-18 13:19:00,2021-01-18 14:43:00,84,1,-0.012747595389243749,-0.012747595389243749,-0.010518039447435998,-0.0022295559418077505,0.0,0.0,-0.0,0.0,0.0,0.0,0.0
2021,0,literal_publication,3,6,recovery,0.012666688947562125,2021-01-18 14:43:00,2021-01-19 09:52:00,39,2,0.015206415326965676,0.01027508768558993,0.012546837481922757,-0.002271749796332826,0.5641025641025641,0.0,0.008769220019741564,0.003687813586718658,-0.005081406433022906,0.00015007879164716026,-0.004931327641375745
2021,0,literal_publication,3,7,decline,0.010536129882511316,2021-01-05 10:15:00,2021-01-05 11:21:00,66,1,-0.010592027878008281,-0.010592027878008281,-0.008739480948951122,-0.0018525469290571592,0.0,0.0,-0.0,0.0,0.0,0.0,0.0
2021,0,literal_publication,3,7,recovery,0.010536129882511316,2021-01-05 11:21:00,2021-01-06 09:30:00,129,2,0.013077510098099765,0.013077510098099765,0.010790252034679306,0.0022872580634204567,0.0,0.0,-0.0,0.0,0.0,0.0,0.0
2021,0,literal_publication,3,8,decline,0.010048629190144815,2021-01-04 13:23:00,2021-01-05 09:33:00,100,2,-0.010099457454033178,-0.010099457454033178,-0.008333061150407628,-0.0017663963036255485,0.0,0.0,-0.0,0.0,0.0,0.0,0.0
2021,0,literal_publication,3,8,recovery,0.010048629190144815,2021-01-05 09:33:00,2021-01-05 10:14:00,41,1,0.010730806035530449,0.010730806035530449,0.008853986790303156,0.001876819245227295,0.0,0.0,-0.0,0.0,0.0,0.0,0.0
2021,0,literal_publication,3,9,decline,0.006324097186481289,2021-01-04 09:30:00,2021-01-04 09:35:00,6,1,-0.006344179000091521,-0.006344179000091521,-0.0052345748460411665,-0.001109604154050354,0.0,0.0,-0.0,0.0,0.0,0.0,0.0
2021,0,literal_publication,3,9,recovery,0.006324097186481289,2021-01-04 09:35:00,2021-01-04 09:42:00,7,1,0.007422779494020482,0.007422779494020482,0.006124534482291733,0.001298245011728749,0.0,0.0,-0.0,0.0,0.0,0.0,0.0
2021,0,literal_publication,3,10,decline,0.006119520186293254,2021-01-19 09:57:00,2021-01-19 10:11:00,14,1,-0.006138321191277996,-0.003069160595638998,-0.005064728088669316,0.0019955674930303186,1.0,0.0,0.0012067976512137868,0.004275958246852785,0.003069160595638998,0.0,0.003069160595638998
2021,0,literal_publication,3,10,recovery,0.006119520186293254,2021-01-19 10:11:00,2021-01-19 10:39:00,28,1,0.006744689438887619,0.0033723447194438094,0.005565042458029687,-0.002192697738585878,1.0,0.0,0.006378198689526826,0.0030058539700830167,-0.0033723447194438094,0.0,-0.0033723447194438094
2021,4,legacy_on_minute,0,1,decline,0.11125231150795742,2021-03-09 10:00:00,2021-05-07 10:30:00,9390,40,-0.11794189872090399,-0.10013858700399592,-0.09780424377948074,-0.0023343432245152163,0.34494142705005326,0.05825346112886049,0.40289806071430245,0.42070137243121053,0.017803311716908077,0.0,0.017803311716908077
2021,4,legacy_on_minute,0,1,recovery,0.11125231150795742,2021-05-07 10:30:00,2021-06-02 10:03:00,4293,19,0.11875040980448137,0.11992451148160743,0.09847470793152677,0.021449803550080665,0.38155136268343814,0.03610528767761472,0.1928375322578324,0.19401163393495846,0.0011741016771260604,0.0,0.0011741016771260604
2021,4,legacy_on_minute,0,2,decline,0.09801081685157596,2021-07-02 10:02:00,2021-07-14 14:11:00,2079,9,-0.10315275106633681,-0.10310205956145113,-0.08554022719008475,-0.017561832371366385,0.17989417989417988,0.040885040885040885,0.07914374045269001,0.0791944319575757,5.0691504885680416e-05,0.0,5.0691504885680416e-05
2021,4,legacy_on_minute,0,2,recovery,0.09801081685157596,2021-07-14 14:11:00,2021-07-27 10:23:00,2022,10,0.10342702449416308,0.09702464270031452,0.08576767057948474,0.011256972120829777,0.35855588526211674,0.03956478733926805,0.13889685923791317,0.13249447744406462,-0.006402381793848555,0.0,-0.006402381793848555
2021,4,legacy_on_minute,0,3,decline,0.0932316334387527,2021-01-04 13:23:00,2021-01-13 13:05:00,1662,8,-0.09786824564930008,-0.09072679773073578,-0.08115800966037627,-0.0095687880703595,0.351985559566787,0.1233453670276775,0.0907683887855355,0.0979098367040998,0.007141447918564303,0.0,0.007141447918564303
2021,4,legacy_on_minute,0,3,recovery,0.0932316334387527,2021-01-13 13:05:00,2021-02-18 09:31:00,4916,22,0.0981759848830066,0.08759843773387832,0.0814132048315611,0.006185232902317225,0.3984947111472742,0.04271765663140765,0.33250403846393484,0.32192649131480655,-0.010577547149128286,0.0,-0.010577547149128286
2021,4,legacy_on_minute,0,4,decline,0.0877076665060921,2021-07-28 09:45:00,2021-08-11 09:55:00,2410,11,-0.09179479915839117,-0.10877181283780502,-0.07612155656253239,-0.03265025627527263,0.2692946058091286,0.058091286307053944,0.18320148637109623,0.1662244726916824,-0.016977013679413844,0.0,-0.016977013679413844
2021,4,legacy_on_minute,0,4,recovery,0.0877076665060921,2021-08-11 09:55:00,2021-08-30 10:00:00,3125,14,0.09228733965468372,0.07137859826683046,0.07652999962893287,-0.005151401362102425,0.21952,0.024,0.13857383299581727,0.11766509160796401,-0.020908741387853258,0.0,-0.020908741387853258
2021,4,legacy_on_minute,0,5,decline,0.056098026684627954,2021-11-10 11:14:00,2021-11-19 11:23:00,1689,8,-0.05773296005550854,-0.04704782081513015,-0.04787550955697129,0.0008276887418411398,0.3404381290704559,0.09769094138543517,0.05985100061211224,0.07053613985249063,0.010685139240378394,0.0,0.010685139240378394
2021,4,legacy_on_minute,0,5,recovery,0.056098026684627954,2021-11-19 11:23:00,2021-12-07 10:34:00,2831,13,0.05789892367963567,0.05631729006045871,0.04801313619287161,0.008304153867587089,0.31261038502296007,0.05121865065347934,0.09119360492530149,0.08961197130612453,-0.0015816336191769587,0.0,-0.0015816336191769587
2021,4,legacy_on_minute,0,6,decline,0.04564281250406927,2021-09-17 10:50:00,2021-09-30 09:58:00,1628,8,-0.04671726723483083,-0.041267430109489744,-0.038740659959688326,-0.0025267701498014224,0.24815724815724816,0.003071253071253071,0.06103148203949571,0.0664813191648368,0.005449837125341084,0.0,0.005449837125341084
2021,4,legacy_on_minute,0,6,recovery,0.04564281250406927,2021-09-30 09:58:00,2021-10-12 14:19:00,891,4,0.04691986393516423,0.042730647763477236,0.038908664861112,0.0038219829023652414,0.13019079685746351,0.0,0.014798238101320305,0.010609021929633311,-0.0041892161716869936,0.0,-0.0041892161716869936
2021,4,legacy_on_minute,0,7,decline,0.043890535616902114,2021-02-23 09:30:00,2021-03-01 13:25:00,1105,5,-0.044882869992865615,-0.03164174688093402,-0.03721947167132499,0.005577724790390972,0.3764705882352941,0.03619909502262444,0.05988506157813367,0.07312618469006527,0.013241123111931596,0.0,0.013241123111931596
2021,4,legacy_on_minute,0,7,recovery,0.043890535616902114,2021-03-01 13:25:00,2021-03-08 13:09:00,1184,6,0.04575479057845744,0.04095446675684,0.037942518649832356,0.0030119481070076497,0.4206081081081081,0.04222972972972973,0.06862614060662953,0.06382581678501209,-0.004800323821617436,0.0,-0.004800323821617436
2021,4,legacy_on_minute,0,8,decline,0.03744974385401251,2021-06-18 09:44:00,2021-06-24 09:31:00,947,5,-0.03816900000566115,-0.02221161963368301,-0.03165194237042608,0.009440322736743074,0.32312565997888065,0.007391763463569166,0.037560381067157866,0.053517761439136,0.015957380371978136,0.0,0.015957380371978136
2021,4,legacy_on_minute,0,8,recovery,0.03744974385401251,2021-06-24 09:31:00,2021-06-28 09:36:00,485,3,0.03829766993843098,0.027752891394641654,0.0317586429205121,-0.004005751525870448,0.37731958762886597,0.07835051546391752,0.03428282340530009,0.023738044861510765,-0.010544778543789324,0.0,-0.010544778543789324
2021,4,legacy_on_minute,0,9,decline,0.03689120797570146,2021-06-03 09:44:00,2021-06-07 10:14:00,510,3,-0.037588901577017,-0.026693723266130398,-0.03117089120246528,0.004477167936334878,0.4980392156862745,0.3196078431372549,0.034286001203471805,0.045181179514358405,0.0108951783108866,0.0,0.0108951783108866
2021,4,legacy_on_minute,0,9,recovery,0.03689120797570146,2021-06-07 10:14:00,2021-06-16 10:32:00,1458,7,0.03836556026722704,0.029207807832785537,0.03181494150769656,-0.002607133674911019,0.4046639231824417,0.26406035665294925,0.0861328549185707,0.0769751024841292,-0.009157752434441502,0.0,-0.009157752434441502
2021,4,legacy_on_minute,0,10,decline,0.03509932317420316,2021-02-18 09:31:00,2021-02-18 13:15:00,134,1,-0.035730108509473446,-0.031048078153451897,-0.029629472484560437,-0.0014186056688914594,0.31343283582089554,0.0,0.005634309020059458,0.010316339376081007,0.004682030356021549,0.0,0.004682030356021549
2021,4,legacy_on_minute,0,10,recovery,0.03509932317420316,2021-02-18 13:15:00,2021-02-23 09:30:00,585,4,0.0450642567831494,0.03646924126398021,0.03736988808862615,-0.000900646824645932,0.28888888888888886,0.0,0.031059073925765013,0.02246405840659582,-0.008595015519169191,0.0,-0.008595015519169191
2021,4,legacy_on_minute,3,1,decline,0.17996859847738914,2021-01-04 13:23:00,2021-05-07 10:30:00,19117,81,-0.19841264491728647,-0.15280264782327285,-0.16452899202226634,0.01172634419899347,0.36135376889679344,0.05502955484647173,0.9913750730943605,1.010270099707871,0.018895026613510613,0.026714970480502996,0.04560999709401361
2021,4,legacy_on_minute,3,1,recovery,0.17996859847738914,2021-05-07 10:30:00,2021-07-28 09:43:00,13633,58,0.2010019548956625,0.18079997207660636,0.16668652702876866,0.014113445047837698,0.35641458226362505,0.07027066676446857,0.7596936305970559,0.7223817875034371,-0.03731184309361879,0.017109860274562707,-0.020201982819056084
2021,4,legacy_on_minute,3,2,decline,0.10613535726418198,2021-07-28 09:45:00,2021-08-11 09:55:00,2410,11,-0.11220092160749329,-0.12797689971059764,-0.09304262635755321,-0.03493427335304445,0.2692946058091286,0.058091286307053944,0.18320148637109623,0.1662244726916824,-0.016977013679413844,0.0012010355763094841,-0.01577597810310436
2021,4,legacy_on_minute,3,2,recovery,0.10613535726418198,2021-08-11 09:55:00,2021-09-03 09:38:00,4063,18,0.11255743890847886,0.09990990834442966,0.09334028599692683,0.006569622347502801,0.24021658872754123,0.018459266551809007,0.186687890249146,0.17088836735789625,-0.01579952289124975,0.0031519923272005338,-0.012647530564049218
2021,4,legacy_on_minute,3,3,decline,0.08007465202013633,2021-10-28 09:35:00,2021-11-19 11:23:00,3948,17,-0.08346275573151123,-0.06341331736360378,-0.06921076700038008,0.005797449636776286,0.378419452887538,0.08738601823708207,0.1834504171101763,0.19764651244175635,0.014196095331580061,0.005853343036327384,0.020049438367907443
2021,4,legacy_on_minute,3,3,recovery,0.08007465202013633,2021-11-19 11:23:00,2021-12-23 09:35:00,5652,25,0.08399322700287037,0.07786356405782191,0.06965334245586718,0.008210221601954708,0.3600495399858457,0.027423920736022647,0.20882599766163068,0.19699293539085794,-0.011833062270772743,0.005703399325724292,-0.006129662945048451
2021,4,legacy_on_minute,3,4,decline,0.058750659696412244,2021-09-16 11:17:00,2021-09-30 09:58:00,1841,9,-0.060547200740961656,-0.049601288983495855,-0.05020860308126074,0.0006073140977648761,0.23030961434003258,0.0027159152634437804,0.06256302130196101,0.07125768364419738,0.00869466234223637,0.0022512494152294375,0.010945911757465808
2021,4,legacy_on_minute,3,4,recovery,0.058750659696412244,2021-09-30 09:58:00,2021-10-19 09:45:00,1907,9,0.06212906877343164,0.04558636308907393,0.05152137422813267,-0.005935011139058746,0.24698479286837965,0.0,0.07674415904632781,0.05975108190598455,-0.01699307714034326,0.0004503714559855481,-0.01654270568435771
2021,4,legacy_on_minute,3,5,decline,0.03316776009182964,2021-09-03 11:12:00,2021-09-10 10:55:00,1183,6,-0.03373028367925744,-0.0323063737174062,-0.027970770510762438,-0.004335603206643781,0.3863060016906171,0.029585798816568046,0.07760333857200052,0.07797662945179962,0.00037329087979909303,0.0010506190820521555,0.0014239099618512485
2021,4,legacy_on_minute,3,5,recovery,0.03316776009182964,2021-09-10 10:55:00,2021-09-15 09:34:00,639,4,0.03590340683707513,0.025412683121601075,0.02977325799498525,-0.004360574873384178,0.3427230046948357,0.0,0.03613005270195346,0.025489182654310216,-0.010640870047643247,0.00015014633216919393,-0.010490723715474054
2021,4,legacy_on_minute,3,6,decline,0.023044242549217227,2021-10-20 09:41:00,2021-10-22 09:46:00,485,3,-0.02331391204783857,-0.02422237070456323,-0.01933309123942894,-0.004889279465134291,0.6082474226804123,0.05154639175257732,0.031475948791140684,0.02996710742730535,-0.0015088413638353337,0.0006003827071106747,-0.000908458656724659
2021,4,legacy_on_minute,3,6,recovery,0.023044242549217227,2021-10-22 09:46:00,2021-10-26 13:39:00,623,3,0.02371501167114661,0.02045842029893687,0.019665935787887077,0.0007924845110497921,0.26484751203852325,0.0,0.022997959020996106,0.01959122131661717,-0.003406737704378937,0.00015014633216919393,-0.003256591372209743
2021,4,legacy_on_minute,3,7,decline,0.022465997851531746,2021-12-23 09:35:00,2021-12-24 09:31:00,236,2,-0.02272220292097644,-0.018872625857213637,-0.018842411808982308,-3.0214048231324837e-05,0.614406779661017,0.211864406779661,0.010350729023186123,0.01329983333706597,0.0029491043138798467,0.0009004727498829615,0.0038495770637628083
2021,4,legacy_on_minute,3,7,recovery,0.022465997851531746,2021-12-24 09:31:00,2021-12-30 09:37:00,966,5,0.022833005599000825,0.019366211647406446,0.01893467836899671,0.00043153327840973906,0.515527950310559,0.10351966873706005,0.053083054224596804,0.04826555114817799,-0.0048175030764188165,0.0013507091248244423,-0.003466793951594374
2021,4,legacy_on_minute,3,8,decline,0.019165005458954578,2021-09-15 10:01:00,2021-09-15 13:04:00,93,1,-0.019351034847534258,-0.017510195425186593,-0.01604694628445504,-0.001463249140731554,0.26881720430107525,0.0,0.0023603999751160565,0.004201171856941688,0.0018407718818256313,6.754052203367805e-08,0.001840839422347665
2021,4,legacy_on_minute,3,8,recovery,0.019165005458954578,2021-09-15 13:04:00,2021-09-16 10:37:00,183,2,0.019570238574646126,0.019570238574646126,0.016228773702436937,0.003341464872209195,0.0,0.0,-0.0,0.0,0.0,0.0,0.0
2021,4,legacy_on_minute,3,9,decline,0.017928251402393146,2021-12-30 11:17:00,2021-12-31 09:46:00,149,2,-0.018090909551679416,-0.018090909551679416,-0.015001977507751488,-0.0030889320439279285,0.0,0.0,-0.0,0.0,0.0,0.0,0.0
2021,4,legacy_on_minute,3,9,recovery,0.017928251402393146,2021-12-31 09:46:00,2021-12-31 14:59:00,223,1,0.007984934320990789,0.007984934320990789,0.006621569360532163,0.0013633649604586264,0.0,0.0,-0.0,0.0,0.0,0.0,0.0
2021,4,legacy_on_minute,3,10,decline,0.01226932983459354,2021-10-19 09:46:00,2021-10-19 10:59:00,73,1,-0.01234521944384798,-0.01234521944384798,-0.01023731895907496,-0.0021079004847730214,0.0,0.0,-0.0,0.0,0.0,0.0,0.0
2021,4,legacy_on_minute,3,10,recovery,0.01226932983459354,2021-10-19 10:59:00,2021-10-20 09:31:00,152,2,0.012914552224315479,0.012914552224315479,0.010709493638378358,0.0022050585859371215,0.0,0.0,-0.0,0.0,0.0,0.0,0.0
2021,4,delay_1m,0,1,decline,0.1244801796918953,2021-03-09 10:00:00,2021-05-07 09:41:00,9341,40,-0.1329374886682766,-0.11424792289626007,-0.11023906502650295,-0.004008857869757114,0.34675088320308317,0.058559040787924205,0.3998259800688886,0.4185155458409051,0.018689565772016525,0.0,0.018689565772016525
2021,4,delay_1m,0,1,recovery,0.1244801796918953,2021-05-07 09:41:00,2021-06-16 14:43:00,6692,28,0.1335461845609407,0.12948102033851505,0.11074382908339142,0.01873719125512363,0.39868499701135685,0.10505080693365212,0.3435940842447285,0.33952892002230284,-0.0040651642224256435,0.0,-0.0040651642224256435
2021,4,delay_1m,0,2,decline,0.09208132220916214,2021-07-29 14:23:00,2021-08-11 09:55:00,1982,10,-0.09660046629611418,-0.0993240381010998,-0.08010641085736928,-0.019217627243730512,0.29969727547931385,0.07063572149344097,0.1472772683892143,0.14455369658422867,-0.002723571804985614,0.0,-0.002723571804985614
2021,4,delay_1m,0,2,recovery,0.09208132220916214,2021-08-11 09:55:00,2021-08-30 13:18:00,3233,14,0.09660238757455897,0.07884178048369828,0.0801080040869506,-0.0012662236032522996,0.22579647386328489,0.023198267862666256,0.1441707741090239,0.1264101670181632,-0.01776060709086069,0.0,-0.01776060709086069
2021,4,delay_1m,0,3,decline,0.09048575882671697,2021-01-04 13:23:00,2021-01-13 13:05:00,1662,8,-0.09484462290214779,-0.08802071713929616,-0.0786503691040395,-0.009370348035256663,0.351985559566787,0.1233453670276775,0.09126170076158058,0.09808560652443221,0.006823905762851634,0.0,0.006823905762851634
2021,4,delay_1m,0,3,recovery,0.09048575882671697,2021-01-13 13:05:00,2021-03-08 11:11:00,7896,34,0.09497894524683304,0.08678959213523862,0.07876175656771589,0.008027835567522732,0.3905775075987842,0.037993920972644375,0.4971640611043111,0.4889747079927167,-0.00818935311159441,0.0,-0.00818935311159441
2021,4,delay_1m,0,4,decline,0.08499286530574648,2021-06-29 09:48:00,2021-07-14 14:11:00,2813,12,-0.08882341625695744,-0.09979400165446606,-0.07365725393730511,-0.026136747717160933,0.2566654816921436,0.046214006398862424,0.1485800437902025,0.1376094583926939,-0.010970585397508614,0.0,-0.010970585397508614
2021,4,delay_1m,0,4,recovery,0.08499286530574648,2021-07-14 14:11:00,2021-07-26 14:56:00,1965,9,0.0893261286268281,0.08066012146156165,0.0740741306376773,0.006585990823884321,0.36895674300254455,0.04071246819338423,0.13994826232192414,0.1312822551566577,-0.008666007165266443,0.0,-0.008666007165266443
2021,4,delay_1m,0,5,decline,0.06056742843492538,2021-11-10 11:14:00,2021-11-19 11:23:00,1689,8,-0.06247923325765292,-0.05024643318676558,-0.05181121086982047,0.0015647776830548773,0.3410301953818828,0.09828300769686205,0.05850319912493429,0.07073599919582163,0.01223280007088734,0.0,0.01223280007088734
2021,4,delay_1m,0,5,recovery,0.06056742843492538,2021-11-19 11:23:00,2021-12-02 11:09:00,2146,10,0.06276001454820346,0.05093504448437303,0.052044050133276565,-0.0011090056489035374,0.3191985088536813,0.05358807082945014,0.07283883767491073,0.0610138676110803,-0.011824970063830431,0.0,-0.011824970063830431
2021,4,delay_1m,0,6,decline,0.052436741922786904,2021-07-28 09:45:00,2021-07-28 11:16:00,91,1,-0.05386158111193762,-0.05386158111193762,-0.04466498052664116,-0.009196600585296453,0.0,0.0,-0.0,0.0,0.0,0.0,0.0
2021,4,delay_1m,0,6,recovery,0.052436741922786904,2021-07-28 11:16:00,2021-07-29 14:09:00,323,2,0.05560145375975889,0.04103280587184477,0.046107778460334745,-0.005074972588489972,0.17027863777089783,0.0,0.03436120229721329,0.019792554409299168,-0.014568647887914121,0.0,-0.014568647887914121
2021,4,delay_1m,0,7,decline,0.04074238557977104,2021-06-18 09:44:00,2021-06-24 09:31:00,947,5,-0.04159561199736572,-0.024781578627461442,-0.034493365428596615,0.009711786801135176,0.3220696937697994,0.006335797254487857,0.03614217069804049,0.05295620406794477,0.01681403336990428,0.0,0.01681403336990428
2021,4,delay_1m,0,7,recovery,0.04074238557977104,2021-06-24 09:31:00,2021-06-28 09:45:00,494,3,0.04184694746588313,0.03152150506821938,0.03470178659959147,-0.003180281531372092,0.3724696356275304,0.07894736842105263,0.03428282340530009,0.023957381007636336,-0.010325442397663753,0.0,-0.010325442397663753
2021,4,delay_1m,0,8,decline,0.03659978325864717,2021-09-17 10:50:00,2021-09-27 10:45:00,955,5,-0.03728635981058748,-0.0374593725025143,-0.03091989689994665,-0.006539475602567641,0.3036649214659686,0.0,0.04808094252944528,0.04790792983751846,-0.00017301269192682156,0.0,-0.00017301269192682156
2021,4,delay_1m,0,8,recovery,0.03659978325864717,2021-09-27 10:45:00,2021-10-12 11:17:00,1472,7,0.037680091897172474,0.03594206726689331,0.031246401165454286,0.004695666101439024,0.15625,0.0033967391304347825,0.02883724537738619,0.027099220747107022,-0.0017380246302791669,0.0,-0.0017380246302791669
2021,4,delay_1m,0,9,decline,0.0350236228282936,2021-09-03 09:49:00,2021-09-06 10:17:00,268,2,-0.03565165755759381,-0.025940306079406117,-0.02956431203241227,0.003624005953006153,0.5373134328358209,0.11940298507462686,0.022743804070423312,0.032455155548611,0.00971135147818769,0.0,0.00971135147818769
2021,4,delay_1m,0,9,recovery,0.0350236228282936,2021-09-06 10:17:00,2021-09-14 10:16:00,1439,7,0.03566141255205402,0.017831295275676506,0.02957240140945261,-0.01174110613377609,0.3467685892981237,0.0020847810979847115,0.08919981715652048,0.07136969988014297,-0.01783011727637751,0.0,-0.01783011727637751
2021,4,delay_1m,0,10,decline,0.029016608549684037,2021-11-01 10:16:00,2021-11-03 10:24:00,488,3,-0.029445915419676005,-0.0207895972774077,-0.024418169902506948,0.0036285726250992424,0.5081967213114754,0.19467213114754098,0.03061074232526062,0.039267060467528925,0.008656318142268304,0.0,0.008656318142268304
2021,4,delay_1m,0,10,recovery,0.029016608549684037,2021-11-03 10:24:00,2021-11-10 09:52:00,1168,6,0.02960419342661691,0.023785456495128088,0.02454942271669966,-0.0007639662215715697,0.4460616438356164,0.012842465753424657,0.06552198322439873,0.059703246292909906,-0.0058187369314888215,0.0,-0.0058187369314888215
2021,4,delay_1m,3,1,decline,0.1945856340904373,2021-01-04 13:23:00,2021-05-07 10:30:00,19117,81,-0.2163983937365716,-0.17235930483279494,-0.17944318149387967,0.007083876661084742,0.36135376889679344,0.05502955484647173,0.9882517419347803,1.005575860358054,0.01732411842327375,0.026714970480502996,0.044039088903776745
2021,4,delay_1m,3,1,recovery,0.1945856340904373,2021-05-07 10:30:00,2021-09-15 09:38:00,22028,93,0.21669888840527254,0.15714250179589756,0.17970514621647743,-0.02256264442057988,0.3269021245687307,0.054839295442164517,1.2528371510544867,1.1704670320611705,-0.08237011899331614,0.022813732383941236,-0.05955638660937491
2021,4,delay_1m,3,2,decline,0.08147210211399057,2021-10-28 09:35:00,2021-11-19 11:23:00,3948,17,-0.0849830014773733,-0.06338694406568224,-0.07047119385579187,0.007084249790109635,0.3786727456940223,0.08738601823708207,0.18223726683099928,0.19797998120636295,0.015742714375363676,0.005853343036327384,0.021596057411691058
2021,4,delay_1m,3,2,recovery,0.08147210211399057,2021-11-19 11:23:00,2021-12-17 13:07:00,4814,21,0.08534310751488128,0.07240218020765124,0.07077228754750525,0.0016298926601459919,0.3583298712089738,0.030120481927710843,0.17771460205928724,0.1602709057595102,-0.017443696299777045,0.00450276899254701,-0.012940927307230034
2021,4,delay_1m,3,3,decline,0.04717791651337166,2021-09-17 10:50:00,2021-09-30 09:42:00,1612,8,-0.04832708374676385,-0.04508808465564411,-0.04007491030777083,-0.005013174347873279,0.24193548387096775,0.0,0.059762134099157205,0.06120012014998899,0.0014379860508317854,0.0018010130402879567,0.003238999091119742
2021,4,delay_1m,3,3,recovery,0.04717791651337166,2021-09-30 09:42:00,2021-10-13 09:32:00,950,5,0.04981772818422522,0.04207593795341537,0.04131177417187161,0.0007641637815437594,0.14421052631578948,0.005263157894736842,0.021698966997615532,0.013807030434636491,-0.00789193656297904,0.00015014633216919393,-0.007741790230809847
2021,4,delay_1m,3,4,decline,0.028810647674948085,2021-10-13 10:13:00,2021-10-15 09:58:00,465,3,-0.02923382215848889,-0.02710879635968473,-0.024242162999183726,-0.002866633360501008,0.4774193548387097,0.0,0.02774948874921268,0.029424278173075358,0.001674789423862677,0.00045023637494148077,0.002125025798804158
2021,4,delay_1m,3,4,recovery,0.028810647674948085,2021-10-15 09:58:00,2021-10-19 09:33:00,455,3,0.03007136620559311,0.023935300202965575,0.02493690455210076,-0.0010016043491351857,0.18681318681318682,0.0,0.018463619069606363,0.012327485526456794,-0.006136133543149569,6.754052203367805e-08,-0.006136066002627535
2021,4,delay_1m,3,5,decline,0.025275532458866858,2021-12-23 09:35:00,2021-12-24 09:31:00,236,2,-0.025600445316167408,-0.021031307653606862,-0.021229141912507164,0.0001978342589003051,0.614406779661017,0.211864406779661,0.009965993787584448,0.013634658700262037,0.0036686649126775883,0.0009004727498829615,0.00456913766256055
2021,4,delay_1m,3,5,recovery,0.025275532458866858,2021-12-24 09:31:00,2021-12-30 09:39:00,968,5,0.025844719817596076,0.020909804380120318,0.021432090318037614,-0.0005222859379172954,0.515495867768595,0.10330578512396695,0.05469016016430217,0.048404535602001975,-0.006285624562300196,0.0013507091248244423,-0.004934915437475753
2021,4,delay_1m,3,6,decline,0.022406174313975676,2021-10-20 09:41:00,2021-10-22 09:46:00,485,3,-0.022661006372369185,-0.023554324101788586,-0.01879159773958091,-0.004762726362207677,0.6082474226804123,0.05154639175257732,0.03150284222677646,0.030009141790246385,-0.0014937004365300766,0.0006003827071106747,-0.0008933177294194019
2021,4,delay_1m,3,6,recovery,0.022406174313975676,2021-10-22 09:46:00,2021-10-26 14:34:00,678,3,0.022724749496498577,0.01922820301443175,0.018844686583852563,0.00038351643057918405,0.3230088495575221,0.0,0.0282733524875729,0.02462665967333688,-0.003646692814236019,0.00015014633216919393,-0.003496546482066825
2021,4,delay_1m,3,7,decline,0.02113417796011976,2021-12-30 11:17:00,2021-12-31 09:46:00,149,2,-0.021360701983717145,-0.021360701983717145,-0.01771341596281353,-0.0036472860209036152,0.0,0.0,-0.0,0.0,0.0,0.0,0.0
2021,4,delay_1m,3,7,recovery,0.02113417796011976,2021-12-31 09:46:00,2021-12-31 14:59:00,223,1,0.007984934320990789,0.007984934320990789,0.006621545981213624,0.0013633883397771629,0.0,0.0,-0.0,0.0,0.0,0.0,0.0
2021,4,delay_1m,3,8,decline,0.015138321049973244,2021-09-16 11:17:00,2021-09-16 13:54:00,67,1,-0.015254075132809134,-0.012068769124132135,-0.012649465671186855,0.0005806965470547172,0.29850746268656714,0.0,0.001531539262465298,0.0044166876878479755,0.0028851484253826776,0.0003001575832943205,0.003185306008676998
2021,4,delay_1m,3,8,recovery,0.015138321049973244,2021-09-16 13:54:00,2021-09-17 10:45:00,141,2,0.015384232118500485,0.015384232118500485,0.012757450000624993,0.0026267821178754917,0.0,0.0,-0.0,0.0,0.0,0.0,0.0
2021,4,delay_1m,3,9,decline,0.01501209711871871,2021-09-15 10:01:00,2021-09-15 13:04:00,93,1,-0.015125919224265153,-0.013596522746420293,-0.012543191754949695,-0.0010533309914705963,0.26881720430107525,0.0,0.002671842919618861,0.004201171856941688,0.001529328937322827,6.754052203367805e-08,0.0015293964778448606
2021,4,delay_1m,3,9,recovery,0.01501209711871871,2021-09-15 13:04:00,2021-09-16 10:07:00,153,2,0.01551566870241583,0.01551566870241583,0.012866444433017658,0.002649224269398172,0.0,0.0,-0.0,0.0,0.0,0.0,0.0
2021,4,delay_1m,3,10,decline,0.01427416904462144,2021-12-20 09:30:00,2021-12-20 10:13:00,43,1,-0.014377024957263621,-0.011151351904099114,-0.011922167507952181,0.0007708156038530685,0.46511627906976744,0.0,0.002513468091081439,0.005438983560951627,0.002925515469870188,0.0003001575832943205,0.0032256730531645085
2021,4,delay_1m,3,10,recovery,0.01427416904462144,2021-12-20 10:13:00,2021-12-20 14:30:00,167,1,0.014455082714239616,0.015821544412620174,0.011986999306393246,0.0038345451062269265,0.059880239520958084,0.0,0.0005280600609176567,0.001594364176003893,0.0010663041150862362,0.0003001575832943205,0.0013664616983805567
2021,4,delay_1m_observed,0,1,decline,0.1244801796918953,2021-03-09 10:00:00,2021-05-07 09:41:00,9341,40,-0.1329374886682766,-0.11424792289626007,-0.11023906502650295,-0.004008857869757114,0.34675088320308317,0.058559040787924205,0.3998259800688886,0.4185155458409051,0.018689565772016525,0.0,0.018689565772016525
2021,4,delay_1m_observed,0,1,recovery,0.1244801796918953,2021-05-07 09:41:00,2021-06-16 14:43:00,6692,28,0.1335461845609407,0.12948102033851505,0.11074382908339142,0.01873719125512363,0.39868499701135685,0.10505080693365212,0.3435940842447285,0.33952892002230284,-0.0040651642224256435,0.0,-0.0040651642224256435
2021,4,delay_1m_observed,0,2,decline,0.09208132220916214,2021-07-29 14:23:00,2021-08-11 09:55:00,1982,10,-0.09660046629611418,-0.0993240381010998,-0.08010641085736928,-0.019217627243730512,0.29969727547931385,0.07063572149344097,0.1472772683892143,0.14455369658422867,-0.002723571804985614,0.0,-0.002723571804985614
2021,4,delay_1m_observed,0,2,recovery,0.09208132220916214,2021-08-11 09:55:00,2021-08-30 13:18:00,3233,14,0.09660238757455897,0.07884178048369828,0.0801080040869506,-0.0012662236032522996,0.22579647386328489,0.023198267862666256,0.1441707741090239,0.1264101670181632,-0.01776060709086069,0.0,-0.01776060709086069
2021,4,delay_1m_observed,0,3,decline,0.09048575882671697,2021-01-04 13:23:00,2021-01-13 13:05:00,1662,8,-0.09484462290214779,-0.08802071713929616,-0.0786503691040395,-0.009370348035256663,0.351985559566787,0.1233453670276775,0.09126170076158058,0.09808560652443221,0.006823905762851634,0.0,0.006823905762851634
2021,4,delay_1m_observed,0,3,recovery,0.09048575882671697,2021-01-13 13:05:00,2021-03-08 11:11:00,7896,34,0.09497894524683304,0.08678959213523862,0.07876175656771589,0.008027835567522732,0.3905775075987842,0.037993920972644375,0.4971640611043111,0.4889747079927167,-0.00818935311159441,0.0,-0.00818935311159441
2021,4,delay_1m_observed,0,4,decline,0.08499286530574648,2021-06-29 09:48:00,2021-07-14 14:11:00,2813,12,-0.08882341625695744,-0.09979400165446606,-0.07365725393730511,-0.026136747717160933,0.2566654816921436,0.046214006398862424,0.1485800437902025,0.1376094583926939,-0.010970585397508614,0.0,-0.010970585397508614
2021,4,delay_1m_observed,0,4,recovery,0.08499286530574648,2021-07-14 14:11:00,2021-07-26 14:56:00,1965,9,0.0893261286268281,0.08066012146156165,0.0740741306376773,0.006585990823884321,0.36895674300254455,0.04071246819338423,0.13994826232192414,0.1312822551566577,-0.008666007165266443,0.0,-0.008666007165266443
2021,4,delay_1m_observed,0,5,decline,0.06056742843492538,2021-11-10 11:14:00,2021-11-19 11:23:00,1689,8,-0.06247923325765292,-0.05024643318676558,-0.05181121086982047,0.0015647776830548773,0.3410301953818828,0.09828300769686205,0.05850319912493429,0.07073599919582163,0.01223280007088734,0.0,0.01223280007088734
2021,4,delay_1m_observed,0,5,recovery,0.06056742843492538,2021-11-19 11:23:00,2021-12-02 11:09:00,2146,10,0.06276001454820346,0.05093504448437303,0.052044050133276565,-0.0011090056489035374,0.3191985088536813,0.05358807082945014,0.07283883767491073,0.0610138676110803,-0.011824970063830431,0.0,-0.011824970063830431
2021,4,delay_1m_observed,0,6,decline,0.052436741922786904,2021-07-28 09:45:00,2021-07-28 11:16:00,91,1,-0.05386158111193762,-0.05386158111193762,-0.04466498052664116,-0.009196600585296453,0.0,0.0,-0.0,0.0,0.0,0.0,0.0
2021,4,delay_1m_observed,0,6,recovery,0.052436741922786904,2021-07-28 11:16:00,2021-07-29 14:09:00,323,2,0.05560145375975889,0.04103280587184477,0.046107778460334745,-0.005074972588489972,0.17027863777089783,0.0,0.03436120229721329,0.019792554409299168,-0.014568647887914121,0.0,-0.014568647887914121
2021,4,delay_1m_observed,0,7,decline,0.04074238557977104,2021-06-18 09:44:00,2021-06-24 09:31:00,947,5,-0.04159561199736572,-0.024781578627461442,-0.034493365428596615,0.009711786801135176,0.3220696937697994,0.006335797254487857,0.03614217069804049,0.05295620406794477,0.01681403336990428,0.0,0.01681403336990428
2021,4,delay_1m_observed,0,7,recovery,0.04074238557977104,2021-06-24 09:31:00,2021-06-28 09:45:00,494,3,0.04184694746588313,0.03152150506821938,0.03470178659959147,-0.003180281531372092,0.3724696356275304,0.07894736842105263,0.03428282340530009,0.023957381007636336,-0.010325442397663753,0.0,-0.010325442397663753
2021,4,delay_1m_observed,0,8,decline,0.03659978325864717,2021-09-17 10:50:00,2021-09-27 10:45:00,955,5,-0.03728635981058748,-0.0374593725025143,-0.03091989689994665,-0.006539475602567641,0.3036649214659686,0.0,0.04808094252944528,0.04790792983751846,-0.00017301269192682156,0.0,-0.00017301269192682156
2021,4,delay_1m_observed,0,8,recovery,0.03659978325864717,2021-09-27 10:45:00,2021-10-12 11:17:00,1472,7,0.037680091897172474,0.03594206726689331,0.031246401165454286,0.004695666101439024,0.15625,0.0033967391304347825,0.02883724537738619,0.027099220747107022,-0.0017380246302791669,0.0,-0.0017380246302791669
2021,4,delay_1m_observed,0,9,decline,0.0350236228282936,2021-09-03 09:49:00,2021-09-06 10:17:00,268,2,-0.03565165755759381,-0.025940306079406117,-0.02956431203241227,0.003624005953006153,0.5373134328358209,0.11940298507462686,0.022743804070423312,0.032455155548611,0.00971135147818769,0.0,0.00971135147818769
2021,4,delay_1m_observed,0,9,recovery,0.0350236228282936,2021-09-06 10:17:00,2021-09-14 10:16:00,1439,7,0.03566141255205402,0.017831295275676506,0.02957240140945261,-0.01174110613377609,0.3467685892981237,0.0020847810979847115,0.08919981715652048,0.07136969988014297,-0.01783011727637751,0.0,-0.01783011727637751
2021,4,delay_1m_observed,0,10,decline,0.029016608549684037,2021-11-01 10:16:00,2021-11-03 10:24:00,488,3,-0.029445915419676005,-0.0207895972774077,-0.024418169902506948,0.0036285726250992424,0.5081967213114754,0.19467213114754098,0.03061074232526062,0.039267060467528925,0.008656318142268304,0.0,0.008656318142268304
2021,4,delay_1m_observed,0,10,recovery,0.029016608549684037,2021-11-03 10:24:00,2021-11-10 09:52:00,1168,6,0.02960419342661691,0.023785456495128088,0.02454942271669966,-0.0007639662215715697,0.4460616438356164,0.012842465753424657,0.06552198322439873,0.059703246292909906,-0.0058187369314888215,0.0,-0.0058187369314888215
2021,4,delay_1m_observed,3,1,decline,0.1945856340904373,2021-01-04 13:23:00,2021-05-07 10:30:00,19117,81,-0.2163983937365716,-0.17235930483279494,-0.17944318149387967,0.007083876661084742,0.36135376889679344,0.05502955484647173,0.9882517419347803,1.005575860358054,0.01732411842327375,0.026714970480502996,0.044039088903776745
2021,4,delay_1m_observed,3,1,recovery,0.1945856340904373,2021-05-07 10:30:00,2021-09-15 09:38:00,22028,93,0.21669888840527254,0.15714250179589756,0.17970514621647743,-0.02256264442057988,0.3269021245687307,0.054839295442164517,1.2528371510544867,1.1704670320611705,-0.08237011899331614,0.022813732383941236,-0.05955638660937491
2021,4,delay_1m_observed,3,2,decline,0.08147210211399057,2021-10-28 09:35:00,2021-11-19 11:23:00,3948,17,-0.0849830014773733,-0.06338694406568224,-0.07047119385579187,0.007084249790109635,0.3786727456940223,0.08738601823708207,0.18223726683099928,0.19797998120636295,0.015742714375363676,0.005853343036327384,0.021596057411691058
2021,4,delay_1m_observed,3,2,recovery,0.08147210211399057,2021-11-19 11:23:00,2021-12-17 13:07:00,4814,21,0.08534310751488128,0.07240218020765124,0.07077228754750525,0.0016298926601459919,0.3583298712089738,0.030120481927710843,0.17771460205928724,0.1602709057595102,-0.017443696299777045,0.00450276899254701,-0.012940927307230034
2021,4,delay_1m_observed,3,3,decline,0.04717791651337166,2021-09-17 10:50:00,2021-09-30 09:42:00,1612,8,-0.04832708374676385,-0.04508808465564411,-0.04007491030777083,-0.005013174347873279,0.24193548387096775,0.0,0.059762134099157205,0.06120012014998899,0.0014379860508317854,0.0018010130402879567,0.003238999091119742
2021,4,delay_1m_observed,3,3,recovery,0.04717791651337166,2021-09-30 09:42:00,2021-10-13 09:32:00,950,5,0.04981772818422522,0.04207593795341537,0.04131177417187161,0.0007641637815437594,0.14421052631578948,0.005263157894736842,0.021698966997615532,0.013807030434636491,-0.00789193656297904,0.00015014633216919393,-0.007741790230809847
2021,4,delay_1m_observed,3,4,decline,0.028810647674948085,2021-10-13 10:13:00,2021-10-15 09:58:00,465,3,-0.02923382215848889,-0.02710879635968473,-0.024242162999183726,-0.002866633360501008,0.4774193548387097,0.0,0.02774948874921268,0.029424278173075358,0.001674789423862677,0.00045023637494148077,0.002125025798804158
2021,4,delay_1m_observed,3,4,recovery,0.028810647674948085,2021-10-15 09:58:00,2021-10-19 09:33:00,455,3,0.03007136620559311,0.023935300202965575,0.02493690455210076,-0.0010016043491351857,0.18681318681318682,0.0,0.018463619069606363,0.012327485526456794,-0.006136133543149569,6.754052203367805e-08,-0.006136066002627535
2021,4,delay_1m_observed,3,5,decline,0.025275532458866858,2021-12-23 09:35:00,2021-12-24 09:31:00,236,2,-0.025600445316167408,-0.021031307653606862,-0.021229141912507164,0.0001978342589003051,0.614406779661017,0.211864406779661,0.009965993787584448,0.013634658700262037,0.0036686649126775883,0.0009004727498829615,0.00456913766256055
2021,4,delay_1m_observed,3,5,recovery,0.025275532458866858,2021-12-24 09:31:00,2021-12-30 09:39:00,968,5,0.025844719817596076,0.020909804380120318,0.021432090318037614,-0.0005222859379172954,0.515495867768595,0.10330578512396695,0.05469016016430217,0.048404535602001975,-0.006285624562300196,0.0013507091248244423,-0.004934915437475753
2021,4,delay_1m_observed,3,6,decline,0.022406174313975676,2021-10-20 09:41:00,2021-10-22 09:46:00,485,3,-0.022661006372369185,-0.023554324101788586,-0.01879159773958091,-0.004762726362207677,0.6082474226804123,0.05154639175257732,0.03150284222677646,0.030009141790246385,-0.0014937004365300766,0.0006003827071106747,-0.0008933177294194019
2021,4,delay_1m_observed,3,6,recovery,0.022406174313975676,2021-10-22 09:46:00,2021-10-26 14:34:00,678,3,0.022724749496498577,0.01922820301443175,0.018844686583852563,0.00038351643057918405,0.3230088495575221,0.0,0.0282733524875729,0.02462665967333688,-0.003646692814236019,0.00015014633216919393,-0.003496546482066825
2021,4,delay_1m_observed,3,7,decline,0.02113417796011976,2021-12-30 11:17:00,2021-12-31 09:46:00,149,2,-0.021360701983717145,-0.021360701983717145,-0.01771341596281353,-0.0036472860209036152,0.0,0.0,-0.0,0.0,0.0,0.0,0.0
2021,4,delay_1m_observed,3,7,recovery,0.02113417796011976,2021-12-31 09:46:00,2021-12-31 14:59:00,223,1,0.007984934320990789,0.007984934320990789,0.006621545981213624,0.0013633883397771629,0.0,0.0,-0.0,0.0,0.0,0.0,0.0
2021,4,delay_1m_observed,3,8,decline,0.015138321049973244,2021-09-16 11:17:00,2021-09-16 13:54:00,67,1,-0.015254075132809134,-0.012068769124132135,-0.012649465671186855,0.0005806965470547172,0.29850746268656714,0.0,0.001531539262465298,0.0044166876878479755,0.0028851484253826776,0.0003001575832943205,0.003185306008676998
2021,4,delay_1m_observed,3,8,recovery,0.015138321049973244,2021-09-16 13:54:00,2021-09-17 10:45:00,141,2,0.015384232118500485,0.015384232118500485,0.012757450000624993,0.0026267821178754917,0.0,0.0,-0.0,0.0,0.0,0.0,0.0
2021,4,delay_1m_observed,3,9,decline,0.01501209711871871,2021-09-15 10:01:00,2021-09-15 13:04:00,93,1,-0.015125919224265153,-0.013596522746420293,-0.012543191754949695,-0.0010533309914705963,0.26881720430107525,0.0,0.002671842919618861,0.004201171856941688,0.001529328937322827,6.754052203367805e-08,0.0015293964778448606
2021,4,delay_1m_observed,3,9,recovery,0.01501209711871871,2021-09-15 13:04:00,2021-09-16 10:07:00,153,2,0.01551566870241583,0.01551566870241583,0.012866444433017658,0.002649224269398172,0.0,0.0,-0.0,0.0,0.0,0.0,0.0
2021,4,delay_1m_observed,3,10,decline,0.01427416904462144,2021-12-20 09:30:00,2021-12-20 10:13:00,43,1,-0.014377024957263621,-0.011151351904099114,-0.011922167507952181,0.0007708156038530685,0.46511627906976744,0.0,0.002513468091081439,0.005438983560951627,0.002925515469870188,0.0003001575832943205,0.0032256730531645085
2021,4,delay_1m_observed,3,10,recovery,0.01427416904462144,2021-12-20 10:13:00,2021-12-20 14:30:00,167,1,0.014455082714239616,0.015821544412620174,0.011986999306393246,0.0038345451062269265,0.059880239520958084,0.0,0.0005280600609176567,0.001594364176003893,0.0010663041150862362,0.0003001575832943205,0.0013664616983805567
2021,4,literal_publication,0,1,decline,0.23751962506613705,2021-01-19 14:38:00,2021-09-14 10:18:00,38230,161,-0.27117850862344817,-0.22746886707484393,-0.22263087795555606,-0.004837989119287886,0.3459325137326707,0.0627779230970442,2.01595563629307,2.0596652778416744,0.04370964154860424,0.0,0.04370964154860424
2021,4,literal_publication,0,1,recovery,0.23751962506613705,2021-09-14 10:18:00,2021-12-31 14:59:00,17231,72,0.09837076934766475,0.08165086642344921,0.0807599793073736,0.0008908871160756351,0.38999477685566714,0.013928384887702396,0.7533884396061841,0.7366685366819685,-0.016719902924215546,0.0,-0.016719902924215546
2021,4,literal_publication,0,2,decline,0.04588942156719088,2021-01-06 09:32:00,2021-01-08 09:56:00,504,3,-0.0469757039440033,-0.0469757039440033,-0.03856589618669151,-0.00840980775731179,0.0,0.0,-0.0,0.0,0.0,0.0,0.0
2021,4,literal_publication,0,2,recovery,0.04588942156719088,2021-01-08 09:56:00,2021-01-14 10:55:00,1019,5,0.04754914361567142,0.04610491845381226,0.039036676036488874,0.007068242417323392,0.47105004906771347,0.23552502453385674,0.08483642142713421,0.08339219626527505,-0.0014442251618591584,0.0,-0.0014442251618591584
2021,4,literal_publication,0,3,decline,0.021975048036589506,2021-01-14 13:16:00,2021-01-14 14:45:00,89,1,-0.02222009601775632,-0.02222009601775632,-0.018242151672715916,-0.0039779443450404,0.0,0.0,-0.0,0.0,0.0,0.0,0.0
2021,4,literal_publication,0,3,recovery,0.021975048036589506,2021-01-14 14:45:00,2021-01-15 13:07:00,142,2,0.02235325488092066,0.014523957778878938,0.018351471820408763,-0.003827514041529827,0.8732394366197183,0.0,0.03025430130829765,0.022425004206255927,-0.007829297102041721,0.0,-0.007829297102041721
2021,4,literal_publication,0,4,decline,0.015284398494947444,2021-01-15 13:08:00,2021-01-15 14:47:00,99,1,-0.015402408936911804,-0.007701204468455902,-0.012644998461204291,0.004943793992748391,1.0,0.0,0.009984961191408903,0.017686165659864805,0.007701204468455902,0.0,0.007701204468455902
2021,4,literal_publication,0,4,recovery,0.015284398494947444,2021-01-15 14:47:00,2021-01-18 09:51:00,34,2,0.01669361657161339,0.012767721885224237,0.01370504813400375,-0.0009373262487795122,0.47058823529411764,0.0,0.004901793259875831,0.0009758985734866776,-0.003925894686389153,0.0,-0.003925894686389153
2021,4,literal_publication,0,5,decline,0.012666688947562125,2021-01-18 13:19:00,2021-01-18 14:43:00,84,1,-0.012747595389243749,-0.012747595389243749,-0.010465461911918406,-0.002282133477325343,0.0,0.0,-0.0,0.0,0.0,0.0,0.0
2021,4,literal_publication,0,5,recovery,0.012666688947562125,2021-01-18 14:43:00,2021-01-19 09:45:00,32,2,0.013180001942875386,0.009822370905984812,0.010820457044672166,-0.0009980861386873533,0.375,0.0,0.005426515556874012,0.0020688845199834383,-0.0033576310368905737,0.0,-0.0033576310368905737
2021,4,literal_publication,0,6,decline,0.010536129882511316,2021-01-05 10:15:00,2021-01-05 11:21:00,66,1,-0.010592027878008281,-0.010592027878008281,-0.008695794064879699,-0.001896233813128583,0.0,0.0,-0.0,0.0,0.0,0.0,0.0
2021,4,literal_publication,0,6,recovery,0.010536129882511316,2021-01-05 11:21:00,2021-01-06 09:30:00,129,2,0.013077510098099765,0.013077510098099765,0.010736313763917696,0.0023411963341820686,0.0,0.0,-0.0,0.0,0.0,0.0,0.0
2021,4,literal_publication,0,7,decline,0.010048629190144815,2021-01-04 13:23:00,2021-01-05 09:33:00,100,2,-0.010099457454033178,-0.010099457454033178,-0.008291405876076763,-0.001808051577956416,0.0,0.0,-0.0,0.0,0.0,0.0,0.0
2021,4,literal_publication,0,7,recovery,0.010048629190144815,2021-01-05 09:33:00,2021-01-05 10:14:00,41,1,0.010730806035530449,0.010730806035530449,0.008809727514868233,0.001921078520662217,0.0,0.0,-0.0,0.0,0.0,0.0,0.0
2021,4,literal_publication,0,8,decline,0.006119520186293254,2021-01-19 09:57:00,2021-01-19 10:11:00,14,1,-0.006138321191277996,-0.003069160595638998,-0.005039410545195578,0.0019702499495565804,1.0,0.0,0.0012067976512137868,0.004275958246852785,0.003069160595638998,0.0,0.003069160595638998
2021,4,literal_publication,0,8,recovery,0.006119520186293254,2021-01-19 10:11:00,2021-01-19 10:39:00,28,1,0.006744689438887619,0.0033723447194438094,0.005537223944992517,-0.0021648792255487084,1.0,0.0,0.006378198689526826,0.0030058539700830167,-0.0033723447194438094,0.0,-0.0033723447194438094
2021,4,literal_publication,0,9,decline,0.006113019299967263,2021-01-19 11:10:00,2021-01-19 13:33:00,53,1,-0.006131780299091005,-0.0030658901495455027,-0.005034040633775997,0.0019681504842304935,1.0,0.0,0.004864082088629207,0.00792997223817471,0.0030658901495455027,0.0,0.0030658901495455027
2021,4,literal_publication,0,9,recovery,0.006113019299967263,2021-01-19 13:33:00,2021-01-19 13:44:00,11,1,0.006701063052509504,0.003350531526254752,0.005501407756052285,-0.0021508762297975325,1.0,0.0,0.003395017490962271,4.448596470751909e-05,-0.003350531526254752,0.0,-0.003350531526254752
2021,4,literal_publication,0,10,decline,0.0047667103257250645,2021-01-04 09:33:00,2021-01-04 09:35:00,2,1,-0.004778107321263825,-0.004778107321263825,-0.003922708452445759,-0.0008553988688180657,0.0,0.0,-0.0,0.0,0.0,0.0,0.0
2021,4,literal_publication,0,10,recovery,0.0047667103257250645,2021-01-04 09:35:00,2021-01-04 09:39:00,4,1,0.005064355256866548,0.005064355256866548,0.004157710958874801,0.0009066442979917476,0.0,0.0,-0.0,0.0,0.0,0.0,0.0
2021,4,literal_publication,3,1,decline,0.2741364827001438,2021-01-19 14:38:00,2021-09-14 10:18:00,38230,161,-0.3203932745301061,-0.26932902926531843,-0.26303281794861866,-0.006296211316699898,0.3459325137326707,0.0627779230970442,2.01595563629307,2.0596652778416744,0.04370964154860424,0.007354603716183465,0.05106424526478771
2021,4,literal_publication,3,1,recovery,0.2741364827001438,2021-09-14 10:18:00,2021-12-31 14:59:00,17231,72,0.075563926610433,0.06274638745138986,0.06203712906668605,0.000709258384703787,0.38999477685566714,0.013928384887702396,0.7533884396061841,0.7366685366819685,-0.016719902924215546,0.0039023637651724044,-0.012817539159043143
2021,4,literal_publication,3,2,decline,0.04588942156719088,2021-01-06 09:32:00,2021-01-08 09:56:00,504,3,-0.0469757039440033,-0.0469757039440033,-0.03856589618669151,-0.00840980775731179,0.0,0.0,-0.0,0.0,0.0,0.0,0.0
2021,4,literal_publication,3,2,recovery,0.04588942156719088,2021-01-08 09:56:00,2021-01-14 10:56:00,1020,5,0.047359204833559876,0.04591511475274478,0.03888079392300976,0.007034320829735017,0.47058823529411764,0.23529411764705882,0.08483642142713421,0.08339219626527505,-0.0014442251618591584,1.350810440673561e-07,-0.001444090080815091
2021,4,literal_publication,3,3,decline,0.022444944869873997,2021-01-14 13:16:00,2021-01-15 10:18:00,152,2,-0.022700666324901503,-0.01926306207727935,-0.018636661586350606,-0.0006264004909287439,0.29605263157894735,0.0,0.009949498419491665,0.013237023875466658,0.0032875254559749933,0.00015007879164716026,0.0034376042476221536
2021,4,literal_publication,3,3,recovery,0.022444944869873997,2021-01-15 10:18:00,2021-01-15 13:08:00,80,1,0.023008727987449795,0.011504363993724898,0.018889599100198,-0.007385235106473101,1.0,0.0,0.020692344324514167,0.00918798033078927,-0.011504363993724898,0.0,-0.011504363993724898
2021,4,literal_publication,3,4,decline,0.015284398494947444,2021-01-15 13:08:00,2021-01-15 14:47:00,99,1,-0.015402408936911804,-0.007701204468455902,-0.012644998461204291,0.004943793992748391,1.0,0.0,0.009984961191408903,0.017686165659864805,0.007701204468455902,0.0,0.007701204468455902
2021,4,literal_publication,3,4,recovery,0.015284398494947444,2021-01-15 14:47:00,2021-01-18 09:51:00,34,2,0.016093436499580976,0.012317620604838982,0.013212341548722497,-0.0008947209438835164,0.47058823529411764,0.0,0.004901793259875831,0.0009758985734866776,-0.003925894686389153,0.00015007879164716026,-0.003775815894741993
2021,4,literal_publication,3,5,decline,0.012666688947562125,2021-01-18 13:19:00,2021-01-18 14:43:00,84,1,-0.012747595389243749,-0.012747595389243749,-0.010465461911918406,-0.002282133477325343,0.0,0.0,-0.0,0.0,0.0,0.0,0.0
2021,4,literal_publication,3,5,recovery,0.012666688947562125,2021-01-18 14:43:00,2021-01-19 09:50:00,37,2,0.01293201324985818,0.009548365315107162,0.010616890909039932,-0.0010685255939327715,0.4594594594594595,0.0,0.006343565148494434,0.002809838422096256,-0.0035337267263981786,0.00015007879164716026,-0.0033836479347510184
2021,4,literal_publication,3,6,decline,0.010536129882511316,2021-01-05 10:15:00,2021-01-05 11:21:00,66,1,-0.010592027878008281,-0.010592027878008281,-0.008695794064879699,-0.001896233813128583,0.0,0.0,-0.0,0.0,0.0,0.0,0.0
2021,4,literal_publication,3,6,recovery,0.010536129882511316,2021-01-05 11:21:00,2021-01-06 09:30:00,129,2,0.013077510098099765,0.013077510098099765,0.010736313763917696,0.0023411963341820686,0.0,0.0,-0.0,0.0,0.0,0.0,0.0
2021,4,literal_publication,3,7,decline,0.010048629190144815,2021-01-04 13:23:00,2021-01-05 09:33:00,100,2,-0.010099457454033178,-0.010099457454033178,-0.008291405876076763,-0.001808051577956416,0.0,0.0,-0.0,0.0,0.0,0.0,0.0
2021,4,literal_publication,3,7,recovery,0.010048629190144815,2021-01-05 09:33:00,2021-01-05 10:14:00,41,1,0.010730806035530449,0.010730806035530449,0.008809727514868233,0.001921078520662217,0.0,0.0,-0.0,0.0,0.0,0.0,0.0
2021,4,literal_publication,3,8,decline,0.006119520186293254,2021-01-19 09:57:00,2021-01-19 10:11:00,14,1,-0.006138321191277996,-0.003069160595638998,-0.005039410545195578,0.0019702499495565804,1.0,0.0,0.0012067976512137868,0.004275958246852785,0.003069160595638998,0.0,0.003069160595638998
2021,4,literal_publication,3,8,recovery,0.006119520186293254,2021-01-19 10:11:00,2021-01-19 10:39:00,28,1,0.006744689438887619,0.0033723447194438094,0.005537223944992517,-0.0021648792255487084,1.0,0.0,0.006378198689526826,0.0030058539700830167,-0.0033723447194438094,0.0,-0.0033723447194438094
2021,4,literal_publication,3,9,decline,0.006113019299967263,2021-01-19 11:10:00,2021-01-19 13:33:00,53,1,-0.006131780299091005,-0.0030658901495455027,-0.005034040633775997,0.0019681504842304935,1.0,0.0,0.004864082088629207,0.00792997223817471,0.0030658901495455027,0.0,0.0030658901495455027
2021,4,literal_publication,3,9,recovery,0.006113019299967263,2021-01-19 13:33:00,2021-01-19 13:44:00,11,1,0.006701063052509504,0.003350531526254752,0.005501407756052285,-0.0021508762297975325,1.0,0.0,0.003395017490962271,4.448596470751909e-05,-0.003350531526254752,0.0,-0.003350531526254752
2021,4,literal_publication,3,10,decline,0.005065280312627347,2021-01-04 09:33:00,2021-01-04 09:35:00,3,1,-0.00507815233026585,-0.00507815233026585,-0.004169031400114294,-0.0009091209301515562,0.0,0.0,-0.0,0.0,0.0,0.0,0.0
2021,4,literal_publication,3,10,recovery,0.005065280312627347,2021-01-04 09:35:00,2021-01-04 09:41:00,6,1,0.005422049989690869,0.005422049989690869,0.004451369526483986,0.0009706804632068841,0.0,0.0,-0.0,0.0,0.0,0.0,0.0
