entry_i,exit_i,side,entry_time,exit_time,entry,exit,bars,gross_bp,net_bp,forced_year_end
0,866,1,2023-01-03 09:30:00+08:00,2023-01-06 13:26:00+08:00,960.51,992.6,866,334.0933462431428,329.9605354668,False
978,3604,1,2023-01-09 09:48:00+08:00,2023-01-31 09:34:00+08:00,999.98,1025.19,2626,252.10504210084306,248.0050200884043,False
4082,4344,1,2023-02-02 09:32:00+08:00,2023-02-03 09:54:00+08:00,1032.96,1024.89,262,-78.12499999999889,-82.09295640871694,False
4347,4591,-1,2023-02-03 09:57:00+08:00,2023-02-06 10:01:00+08:00,1023.49,1036.61,244,-128.18884405318977,-132.18804421315733,False
5283,5315,-1,2023-02-09 09:33:00+08:00,2023-02-09 10:05:00+08:00,1006.16,1016.97,32,-107.43818080623413,-111.4373809662017,False
6675,8184,-1,2023-02-16 14:15:00+08:00,2023-02-27 09:54:00+08:00,1011.9,995.85,1509,158.61251111769948,154.6133109577319,False
9121,10323,1,2023-03-03 09:31:00+08:00,2023-03-10 09:33:00+08:00,998.9,991.91,1202,-69.97697467213904,-73.94818963927685,False
11801,13041,1,2023-03-20 10:11:00+08:00,2023-03-27 10:51:00+08:00,1030.21,1056.08,1240,251.11385057415393,247.0142249590479,False
13563,14480,1,2023-03-29 13:03:00+08:00,2023-04-04 10:50:00+08:00,1067.33,1126.84,917,557.5595176749459,553.3373383037499,False
14575,14650,-1,2023-04-04 13:55:00+08:00,2023-04-06 09:40:00+08:00,1125.46,1147.13,75,-192.54349332717302,-196.54269348714058,False
15164,15486,1,2023-04-10 10:14:00+08:00,2023-04-11 13:06:00+08:00,1171.0,1112.7,322,-497.8650725875311,-501.6651665397054,False
16573,16699,-1,2023-04-18 09:43:00+08:00,2023-04-18 13:19:00+08:00,1122.75,1133.66,126,-97.17212202182246,-101.17132218179003,False
16702,17401,1,2023-04-18 13:22:00+08:00,2023-04-21 13:01:00+08:00,1134.2,1123.01,699,-98.65984835126129,-102.61959246309793,False
17529,19226,-1,2023-04-24 09:39:00+08:00,2023-05-08 09:56:00+08:00,1101.23,1057.29,1697,399.00838153700937,395.0091813770418,False
19231,19759,1,2023-05-08 10:01:00+08:00,2023-05-10 10:49:00+08:00,1062.52,1019.23,528,-407.4276248917663,-411.2638865894702,False
21366,21846,1,2023-05-19 09:36:00+08:00,2023-05-23 09:36:00+08:00,1043.78,1025.55,480,-174.6536626492179,-178.58301531362585,False
22082,22178,-1,2023-05-24 09:32:00+08:00,2023-05-24 11:08:00+08:00,1010.17,1020.8,96,-105.22981280378652,-109.22901296375409,False
22181,24242,1,2023-05-24 11:11:00+08:00,2023-06-06 09:32:00+08:00,1022.26,1042.07,2061,193.7863165926479,189.7096174058488,False
26178,26408,1,2023-06-16 09:48:00+08:00,2023-06-19 09:38:00+08:00,1041.37,1046.27,230,47.05340080855214,43.03538305177934,False
26896,27223,-1,2023-06-21 09:46:00+08:00,2023-06-26 11:13:00+08:00,1040.45,1024.01,327,158.0085539910625,154.00935383109493,False
27227,27641,1,2023-06-26 11:17:00+08:00,2023-06-28 10:11:00+08:00,1027.47,998.45,414,-282.44133648670953,-286.3275827028722,False
27642,28672,-1,2023-06-28 10:12:00+08:00,2023-07-04 11:22:00+08:00,996.14,1021.21,1030,-251.67145180396312,-255.67065196393068,False
29301,29764,-1,2023-07-07 09:51:00+08:00,2023-07-11 09:34:00+08:00,994.35,998.1,463,-37.713078895760255,-41.712279055727834,False
31206,35498,1,2023-07-19 09:36:00+08:00,2023-08-11 14:38:00+08:00,986.79,941.15,4292,-462.5097538483369,-466.3239871001468,False
35521,36337,-1,2023-08-14 09:31:00+08:00,2023-08-17 11:07:00+08:00,932.72,913.21,816,209.17317094090393,205.17397078093634,False
36482,36723,1,2023-08-18 09:32:00+08:00,2023-08-21 09:33:00+08:00,922.07,901.06,241,-227.85688722114506,-231.76496285113092,False
36724,37147,-1,2023-08-21 09:34:00+08:00,2023-08-22 14:07:00+08:00,900.34,888.87,423,127.39631694693165,123.39711678696297,False
37148,37221,1,2023-08-22 14:08:00+08:00,2023-08-23 09:51:00+08:00,889.63,888.65,73,-11.015815563774067,-15.010610278605174,False
37683,37921,-1,2023-08-25 09:33:00+08:00,2023-08-28 09:31:00+08:00,877.54,920.92,238,-494.3364405041373,-498.33564066410486,False
37921,38892,1,2023-08-28 09:31:00+08:00,2023-09-01 09:42:00+08:00,920.92,935.2,971,155.06232897537276,151.00111628632007,False
39366,39842,1,2023-09-05 09:36:00+08:00,2023-09-07 09:32:00+08:00,947.69,926.47,476,-223.91288290474765,-227.82253582100287,False
40804,41315,-1,2023-09-13 09:34:00+08:00,2023-09-15 10:05:00+08:00,898.2,885.96,511,136.27254509018027,132.27334493021158,False
41315,43685,1,2023-09-15 10:05:00+08:00,2023-10-09 09:35:00+08:00,885.96,882.8,2370,-35.667524493205875,-39.65246049620785,False
44182,44642,1,2023-10-11 09:52:00+08:00,2023-10-13 09:32:00+08:00,889.95,892.48,460,28.428563402438378,24.417994090939477,False
44643,45220,-1,2023-10-13 09:33:00+08:00,2023-10-17 11:10:00+08:00,891.59,878.67,577,144.90965578348835,140.91045562351968,False
45227,45371,1,2023-10-17 11:17:00+08:00,2023-10-18 09:41:00+08:00,881.93,875.03,144,-78.23750184254963,-82.20541325952956,False
45372,45618,-1,2023-10-18 09:42:00+08:00,2023-10-19 09:48:00+08:00,874.25,877.71,246,-39.576780097225765,-43.575980257193336,False
46097,46358,-1,2023-10-23 09:47:00+08:00,2023-10-24 10:08:00+08:00,851.3,850.02,261,15.035827557852155,11.03662739788458,False
46369,46805,1,2023-10-24 10:19:00+08:00,2023-10-26 09:35:00+08:00,852.67,844.94,436,-90.65640869269309,-94.6193535402462,False
48482,49442,1,2023-11-06 09:32:00+08:00,2023-11-10 09:32:00+08:00,884.11,887.11,960,33.93242922260731,29.919658805002136,False
49442,49929,-1,2023-11-10 09:32:00+08:00,2023-11-14 09:39:00+08:00,887.11,900.83,487,-154.65951234908903,-158.6587125090566,False
49930,50442,1,2023-11-14 09:40:00+08:00,2023-11-16 10:12:00+08:00,901.22,891.85,512,-103.97017376445272,-107.92779417086562,False
50989,51382,1,2023-11-20 11:19:00+08:00,2023-11-22 09:52:00+08:00,894.37,880.58,393,-154.18674597761472,-158.12428377166455,False
53214,53522,1,2023-12-01 13:54:00+08:00,2023-12-05 09:32:00+08:00,866.52,856.81,308,-112.05742510271067,-116.01181125543869,False
53522,54144,-1,2023-12-05 09:32:00+08:00,2023-12-07 13:24:00+08:00,856.81,848.72,622,94.41999976657512,90.42079960660755,False
55989,57181,1,2023-12-19 10:39:00+08:00,2023-12-26 10:31:00+08:00,850.32,827.78,1192,-265.07667701571313,-268.9698677067687,False
57299,58079,1,2023-12-26 13:59:00+08:00,2023-12-29 14:59:00+08:00,830.8,852.36,780,259.50890707751694,255.40592411127827,True
