timestamp,nav,return,year
2021-01-04,1.016280417502592,0.016280417502591904,2021
2021-01-05,1.0191391126475338,0.0028128999592127446,2021
2021-01-06,1.0090318872235162,-0.009917414903016342,2021
2021-01-07,1.0189274572502554,0.009806994359680798,2021
2021-01-08,1.0210741349933767,0.002106801350622689,2021
2021-01-11,1.006262582244608,-0.014505854414640251,2021
2021-01-12,1.016939089116408,0.010610060495327645,2021
2021-01-13,1.019378399499999,0.0023986789471435177,2021
2021-01-14,1.0477091438364234,0.02779217643842613,2021
2021-01-15,1.0327496284357915,-0.014278309479913709,2021
2021-01-18,1.034296783633577,0.0014980932020558502,2021
2021-01-19,1.0263236419839465,-0.007708756109266912,2021
2021-01-20,1.0263236419839465,0.0,2021
2021-01-21,1.0263236419839465,0.0,2021
2021-01-22,1.0263236419839465,0.0,2021
2021-01-25,1.0263236419839465,0.0,2021
2021-01-26,1.0263236419839465,0.0,2021
2021-01-27,1.0209138535964752,-0.005271035535159063,2021
2021-01-28,1.0481583727651376,0.026686403630125533,2021
2021-01-29,1.049118780905868,0.0009162815140204561,2021
2021-02-01,1.0401950596872815,-0.008505920760355834,2021
2021-02-02,1.0401950596872815,0.0,2021
2021-02-03,1.0401950596872815,0.0,2021
2021-02-04,1.039556487068969,-0.0006138969920741477,2021
2021-02-05,1.039556487068969,0.0,2021
2021-02-08,1.039556487068969,0.0,2021
2021-02-09,1.0355042823103047,-0.0038980130556345305,2021
2021-02-10,1.023179070006593,-0.011902618380498553,2021
2021-02-18,0.999230359682777,-0.023406176910618193,2021
2021-02-19,0.9785857236085358,-0.02066053725668937,2021
2021-02-22,0.9727245657745499,-0.005989416862094421,2021
2021-02-23,0.9630039730989828,-0.00999316046657761,2021
2021-02-24,0.9799290306355978,0.017575272801990227,2021
2021-02-25,0.9910522208496405,0.011351016110654477,2021
2021-02-26,1.00777234032005,0.016871078151739827,2021
2021-03-01,1.002124744973763,-0.005604038849184478,2021
2021-03-02,0.99773480038875,-0.0043806368488864544,2021
2021-03-03,1.0032609659251779,0.005538711824299103,2021
2021-03-04,1.0074237383745837,0.004149241912912549,2021
2021-03-05,1.0031043021239159,-0.004287606184103732,2021
2021-03-08,1.0434092123946512,0.040180178856172866,2021
2021-03-09,1.07622513421713,0.0314506728833317,2021
2021-03-10,1.0592563984405694,-0.015766901586910187,2021
2021-03-11,1.0577837525715723,-0.0013902638409030166,2021
2021-03-12,1.05340004794029,-0.0041442351715320624,2021
2021-03-15,1.0542975309134264,0.0008519868352874216,2021
2021-03-16,1.0565677991191698,0.002153346791750943,2021
2021-03-17,1.0530646242855868,-0.0033156176409157023,2021
2021-03-18,1.0578075065759138,0.004503885308600797,2021
2021-03-19,1.0369820583359213,-0.01968737044361102,2021
2021-03-22,1.0285413197230742,-0.00813971519082235,2021
2021-03-23,1.0235419316742362,-0.004860658442175092,2021
2021-03-24,1.0115649209016064,-0.011701534057367513,2021
2021-03-25,1.0096280718893085,-0.0019147055935585522,2021
2021-03-26,1.039649231579929,0.0297348702224991,2021
2021-03-29,1.035071977290182,-0.004402690975677581,2021
2021-03-30,1.0339462872659404,-0.0010875475802065715,2021
2021-03-31,1.0184246132722974,-0.015012069954510765,2021
2021-04-01,1.0219815455644463,0.0034925828046517005,2021
2021-04-02,1.0489067882604175,0.02634611438223211,2021
2021-04-06,1.0464385065752864,-0.002353194499984834,2021
2021-04-07,1.031745608441876,-0.014040861494572066,2021
2021-04-08,1.0368432375278724,0.004940780987374271,2021
2021-04-09,1.0544268315270382,0.016958777723322882,2021
2021-04-12,1.0769790007112896,0.021388083563457005,2021
2021-04-13,1.0677025708239618,-0.008613380466286902,2021
2021-04-14,1.0651035371980968,-0.0024342299970855352,2021
2021-04-15,1.0731260686630202,0.0075321611324545845,2021
2021-04-16,1.0818447351333653,0.008124550064474212,2021
2021-04-19,1.1034334097527305,0.019955427907780043,2021
2021-04-20,1.0965824225652245,-0.006208790786062179,2021
2021-04-21,1.081021769122384,-0.014190135755084987,2021
2021-04-22,1.078176490276477,-0.0026320273348583445,2021
2021-04-23,1.0836863679112612,0.005110367072993061,2021
2021-04-26,1.0864206550133806,0.0025231350906347316,2021
2021-04-27,1.0793401136517287,-0.006517311070052045,2021
2021-04-28,1.0793401136517287,0.0,2021
2021-04-29,1.0691448072898673,-0.009445869965276854,2021
2021-04-30,1.066682232970489,-0.002303312238517541,2021
2021-05-06,1.0613187057328128,-0.005028233406250582,2021
2021-05-07,1.0892833074103332,0.02634892000533573,2021
2021-05-10,1.09764651515694,0.007677715879525815,2021
2021-05-11,1.094828832859499,-0.0025670215853033085,2021
2021-05-12,1.0841869776897448,-0.009720108614567291,2021
2021-05-13,1.0716035973078595,-0.01160628253320184,2021
2021-05-14,1.0716035973078595,0.0,2021
2021-05-17,1.0852647535822706,0.012748329987629203,2021
2021-05-18,1.079360139761205,-0.005440712786051072,2021
2021-05-19,1.0838518930137446,0.004161496322750535,2021
2021-05-20,1.0859671004544857,0.0019515650195154333,2021
2021-05-21,1.0818306154836554,-0.003809033412797813,2021
2021-05-24,1.0857678507965427,0.0036394193846391865,2021
2021-05-25,1.117331628806411,0.029070466570466635,2021
2021-05-26,1.112827180651952,-0.004031433495953918,2021
2021-05-27,1.1390378463623183,0.02355322206904642,2021
2021-05-28,1.1340931706110207,-0.004341098732662085,2021
2021-05-31,1.1475937283867625,0.01190427570291086,2021
2021-06-01,1.162088610767046,0.01263067409810592,2021
2021-06-02,1.153240931980257,-0.0076136008087619444,2021
2021-06-03,1.163712724445856,0.009080316328711646,2021
2021-06-04,1.1555573293123846,-0.007008082804418003,2021
2021-06-07,1.1577379766485345,0.0018870957596257565,2021
2021-06-08,1.1459463280900934,-0.010185075376533792,2021
2021-06-09,1.1528759407360816,0.006047065622643455,2021
2021-06-10,1.1713145254339727,0.015993554940628485,2021
2021-06-11,1.1417923091129174,-0.02520434578416697,2021
2021-06-15,1.1417923091129174,0.0,2021
2021-06-16,1.1558892600802095,0.012346335541745246,2021
2021-06-17,1.128104318959874,-0.02403771890605455,2021
2021-06-18,1.1441441158091763,0.014218363124512301,2021
2021-06-21,1.1689231531174018,0.02165726936479584,2021
2021-06-22,1.1569144112818137,-0.01027333730499047,2021
2021-06-23,1.1569144112818137,0.0,2021
2021-06-24,1.1639175481972681,0.0060532886851112355,2021
2021-06-25,1.1668773855774766,0.0025429957515399337,2021
2021-06-28,1.1881169729057552,0.018202072977673955,2021
2021-06-29,1.1699643204264263,-0.015278506151573112,2021
2021-06-30,1.1608649626779084,-0.007777466021529067,2021
2021-07-01,1.1505744010207946,-0.008864563913941637,2021
2021-07-02,1.163404087625329,0.011150679689337695,2021
2021-07-05,1.1519400428716922,-0.009853880414875116,2021
2021-07-06,1.152466505678239,0.0004570227502764812,2021
2021-07-07,1.1278396777723614,-0.021368801422462558,2021
2021-07-08,1.1189106126283472,-0.007916963128704824,2021
2021-07-09,1.1017947280789377,-0.01529691858870108,2021
2021-07-12,1.0905412658902136,-0.010213755704154948,2021
2021-07-13,1.0775860434501667,-0.011879626058415527,2021
2021-07-14,1.0775860434501667,0.0,2021
2021-07-15,1.0775860434501667,0.0,2021
2021-07-16,1.0775860434501667,0.0,2021
2021-07-19,1.0754659660905663,-0.0019674320881257756,2021
2021-07-20,1.0684182207468054,-0.006553201650239315,2021
2021-07-21,1.067729644115489,-0.0006444822991084065,2021
2021-07-22,1.0363300179554744,-0.029407843392815214,2021
2021-07-23,1.049205546534329,0.012424158671246577,2021
2021-07-26,1.0710856210345987,0.020853944751381137,2021
2021-07-27,1.0745033320615178,0.0031908849860367017,2021
2021-07-28,1.0932782466443183,0.017473109689459365,2021
2021-07-29,1.0650871795038137,-0.025785811825153937,2021
2021-07-30,1.0650871795038137,0.0,2021
2021-08-02,1.0650871795038137,0.0,2021
2021-08-03,1.0650871795038137,0.0,2021
2021-08-04,1.0650871795038137,0.0,2021
2021-08-05,1.0650871795038137,0.0,2021
2021-08-06,1.0650871795038137,0.0,2021
2021-08-09,1.0513842961483522,-0.012865503987988358,2021
2021-08-10,1.042489173731919,-0.008460391170972859,2021
2021-08-11,1.0410936872059418,-0.0013386100893323372,2021
2021-08-12,1.0410936872059418,0.0,2021
2021-08-13,1.0512409285903348,0.009746713008726315,2021
2021-08-16,1.054214792360792,0.002828907902630018,2021
2021-08-17,1.079665224717786,0.024141600498699844,2021
2021-08-18,1.080767147454161,0.001020615197329322,2021
2021-08-19,1.0867602642688596,0.005545243329070582,2021
2021-08-20,1.056165676791862,-0.028152103534610617,2021
2021-08-23,1.056165676791862,0.0,2021
2021-08-24,1.056165676791862,0.0,2021
2021-08-25,1.0678675618349012,0.011079592245966774,2021
2021-08-26,1.0987630858661201,0.028931981020316355,2021
2021-08-27,1.1099929019142531,0.010220416204900884,2021
2021-08-30,1.0772003724101797,-0.02954300829088241,2021
2021-08-31,1.0638088582705076,-0.012431776373887926,2021
2021-09-01,1.0638088582705076,0.0,2021
2021-09-02,1.0638088582705076,0.0,2021
2021-09-03,1.0536022952740938,-0.009594357968598977,2021
2021-09-06,1.0819294656851817,0.026886018128613243,2021
2021-09-07,1.0820121837299181,7.64541935125429e-05,2021
2021-09-08,1.0686763158870467,-0.012325062548648957,2021
2021-09-09,1.0686763158870467,0.0,2021
2021-09-10,1.0686763158870467,0.0,2021
2021-09-13,1.0686763158870467,0.0,2021
2021-09-14,1.0649105838793969,-0.0035237348780619016,2021
2021-09-15,1.052992413776247,-0.011191709692407015,2021
2021-09-16,1.0804879192699335,0.02611177928156394,2021
2021-09-17,1.0735835262422457,-0.006390069619985117,2021
2021-09-22,1.0748881132121182,0.0012151704436438315,2021
2021-09-23,1.0627467785074967,-0.011295440479232033,2021
2021-09-24,1.0627467785074967,0.0,2021
2021-09-27,1.0392444198586106,-0.022114730549352868,2021
2021-09-28,1.0392444198586106,0.0,2021
2021-09-29,1.0392444198586106,0.0,2021
2021-09-30,1.0419891128705303,0.002641046667628988,2021
2021-10-08,1.0383365351372185,-0.003505389536412218,2021
2021-10-11,1.0267852580556198,-0.011124791135344259,2021
2021-10-12,1.0052046112813025,-0.021017682718958874,2021
2021-10-13,1.022942441898698,0.0176459900982604,2021
2021-10-14,1.0195272710646999,-0.0033385757537435223,2021
2021-10-15,1.0195272710646999,0.0,2021
2021-10-18,1.0195272710646999,0.0,2021
2021-10-19,1.0195272710646999,0.0,2021
2021-10-20,1.0145097313995228,-0.004921437422597985,2021
2021-10-21,1.0073816473987858,-0.007026136645238323,2021
2021-10-22,1.011980888320423,0.004565539717259259,2021
2021-10-25,1.0205212794208915,0.0084392810170979,2021
2021-10-26,1.0175192025492117,-0.0029417092345035423,2021
2021-10-27,1.0059471574650276,-0.011372802650989167,2021
2021-10-28,1.0033000059377826,-0.0026315015730208335,2021
2021-10-29,1.0326183182437194,0.02922187992865899,2021
2021-11-01,1.0384745864268974,0.005671280549369273,2021
2021-11-02,1.0311628276272802,-0.007040864451748341,2021
2021-11-03,1.0350026626992228,0.0037237912083953884,2021
2021-11-04,1.021198689374177,-0.013337137982858849,2021
2021-11-05,1.0114840183517047,-0.009513007726660638,2021
2021-11-08,1.0005702181421952,-0.010789888927058344,2021
2021-11-09,1.0005702181421952,0.0,2021
2021-11-10,1.0005702181421952,0.0,2021
2021-11-11,1.0005702181421952,0.0,2021
2021-11-12,1.0005702181421952,0.0,2021
2021-11-15,1.0005702181421952,0.0,2021
2021-11-16,1.0005702181421952,0.0,2021
2021-11-17,1.0005702181421952,0.0,2021
2021-11-18,0.9995616875074016,-0.001007955880064193,2021
2021-11-19,0.9933399641205305,-0.006224451641785311,2021
2021-11-22,1.018530326693325,0.025359256128486773,2021
2021-11-23,1.0160250556614951,-0.002459692133039648,2021
2021-11-24,1.0134784889533166,-0.002506401484873355,2021
2021-11-25,1.0101679522326843,-0.0032665091136283575,2021
2021-11-26,0.9991279716236746,-0.010928856517977037,2021
2021-11-29,0.9991279716236746,0.0,2021
2021-11-30,0.9991279716236746,0.0,2021
2021-12-01,0.9991279716236746,0.0,2021
2021-12-02,1.0105919701452248,0.011474004178784192,2021
2021-12-03,1.0042955348868507,-0.0062304425964014865,2021
2021-12-06,1.0175836482113594,0.013231277908654304,2021
2021-12-07,1.0295448673777567,0.011754531617545139,2021
2021-12-08,1.0269463089841915,-0.0025239875171091386,2021
2021-12-09,1.0405840851671315,0.013279931057379235,2021
2021-12-10,1.0452847654684856,0.004517347870642396,2021
2021-12-13,1.048715971923023,0.0032825566466565537,2021
2021-12-14,1.044319965344905,-0.004191799014996556,2021
2021-12-15,1.0338412987684167,-0.010033961739903563,2021
2021-12-16,1.0338412987684167,0.0,2021
2021-12-17,1.045472367819677,0.01125034283803128,2021
2021-12-20,1.0704259451266238,0.02386823226996171,2021
2021-12-21,1.0610086330147743,-0.008797724078647429,2021
2021-12-22,1.0610086330147743,0.0,2021
2021-12-23,1.054130849412759,-0.006482306918156322,2021
2021-12-24,1.0666240451458284,0.011851655551138762,2021
2021-12-27,1.0501394967578628,-0.015454881654868302,2021
2021-12-28,1.0610987806761472,0.01043602678703115,2021
2021-12-29,1.050472535067747,-0.010014379247169525,2021
2021-12-30,1.0654282787046427,0.014237158171804154,2021
2021-12-31,1.0826923356515927,0.016203865893197333,2021
2022-01-04,1.0069744484864185,0.006974448486418483,2022
2022-01-05,1.0298289039214865,0.022696162220819494,2022
2022-01-06,1.036749518707918,0.0067201597858426165,2022
2022-01-07,1.048612409482183,0.011442388503878353,2022
2022-01-10,1.0485183603967227,-8.968908302986467e-05,2022
2022-01-11,1.0436011741601123,-0.004689652010242296,2022
2022-01-12,1.0365381116061627,-0.006767971068673773,2022
2022-01-13,1.032343839264276,-0.004046423662500409,2022
2022-01-14,1.0343811716491813,0.001973501761154628,2022
2022-01-17,1.054275842472233,0.019233403863425202,2022
2022-01-18,1.0420776644742726,-0.011570195869570643,2022
2022-01-19,1.0397201144094614,-0.0022623554320210237,2022
2022-01-20,1.0545297272790521,0.014243845689185575,2022
2022-01-21,1.0665635069510968,0.011411512981331251,2022
2022-01-24,1.0591991883485372,-0.006904716460449101,2022
2022-01-25,1.0435959378444928,-0.014731176794397283,2022
2022-01-26,1.0352125562711865,-0.008033168077121733,2022
2022-01-27,1.064598639836004,0.02838652157646293,2022
2022-01-28,1.072723900182305,0.0076322287501258135,2022
2022-02-07,1.030097926779541,-0.03973620182744131,2022
2022-02-08,1.0339919196287743,0.003780216179453344,2022
2022-02-09,1.0291201570262902,-0.004711606067708152,2022
2022-02-10,1.0476796505770916,0.018034331000211123,2022
2022-02-11,1.062754538630061,0.014388833499501263,2022
2022-02-14,1.0636319572805943,0.0008256080013211431,2022
2022-02-15,1.0734468187864303,0.009227685797378538,2022
2022-02-16,1.0683360167327152,-0.004761113419193941,2022
2022-02-17,1.0777816351880107,0.00884143032468665,2022
2022-02-18,1.0744636275719865,-0.003078552749180341,2022
2022-02-21,1.0655174941341568,-0.00832613892947287,2022
2022-02-22,1.0483056438929397,-0.0161535125757869,2022
2022-02-23,1.0697585021708,0.02046431630206058,2022
2022-02-24,1.0669562976847335,-0.002619473909653558,2022
2022-02-25,1.043959113623525,-0.021554007517563645,2022
2022-02-28,1.0497555213636418,0.005552332140669636,2022
2022-03-01,1.0428149750855626,-0.006611583494281925,2022
2022-03-02,1.0253127043736263,-0.016783677958307264,2022
2022-03-03,1.0425456288578068,0.016807481669417257,2022
2022-03-04,1.048194525940799,0.005418369159708725,2022
2022-03-07,1.0761443594959912,0.026664739095165535,2022
2022-03-08,1.0817489712463226,0.005208048251961639,2022
2022-03-09,1.049157763650378,-0.030128253839146413,2022
2022-03-10,1.003491912387997,-0.04352620058159207,2022
2022-03-11,0.9630448725461398,-0.04030629379523942,2022
2022-03-14,0.9933269512248034,0.03144409937888204,2022
2022-03-15,0.9877830233722061,-0.00558117128077662,2022
2022-03-16,0.9877830233722061,0.0,2022
2022-03-17,0.9877830233722061,0.0,2022
2022-03-18,0.9773245150231418,-0.010587859987064685,2022
2022-03-21,0.9693665735947714,-0.008142578341219564,2022
2022-03-22,0.9693665735947714,0.0,2022
2022-03-23,0.9656455902265119,-0.003838571980526173,2022
2022-03-24,0.9487188046940938,-0.017528983411447707,2022
2022-03-25,0.9720578422981245,0.024600585008490716,2022
2022-03-28,0.9851401868315006,0.013458401305057155,2022
2022-03-29,0.9947811409266963,0.009786377841517035,2022
2022-03-30,0.9922667111415604,-0.002527621083360687,2022
2022-03-31,0.9825257098323662,-0.009816918374685346,2022
2022-04-01,0.97132017656821,-0.011404824476367148,2022
2022-04-06,0.9857945174001437,0.01490171951649688,2022
2022-04-07,1.0054700985648695,0.01995910995388428,2022
2022-04-08,0.998897230856269,-0.006537109077616621,2022
2022-04-11,1.007578625081637,0.008690978368141256,2022
2022-04-12,1.0132563628030586,0.005635031927123002,2022
2022-04-13,1.0132563628030586,0.0,2022
2022-04-14,1.0132563628030586,0.0,2022
2022-04-15,0.9991173395927518,-0.013954043349101553,2022
2022-04-18,1.00760922091644,0.008499383392895021,2022
2022-04-19,0.9932420357690502,-0.014258687643134649,2022
2022-04-20,0.984306435197285,-0.00899639790702833,2022
2022-04-21,0.9581438187644619,-0.026579747421420996,2022
2022-04-22,0.9432905041082217,-0.015502176568225168,2022
2022-04-25,0.9487122379141063,0.005747681951924433,2022
2022-04-26,0.9336850651896642,-0.0158395476772617,2022
2022-04-27,0.9378888427069767,0.004502350604117744,2022
2022-04-28,0.9120650624651062,-0.027533945459183307,2022
2022-04-29,0.9011269451389435,-0.011992694135876003,2022
2022-05-05,0.9092935982225266,0.009062711006076807,2022
2022-05-06,0.8808285151158988,-0.03130461180225064,2022
2022-05-09,0.8735487790536722,-0.008264646224888206,2022
2022-05-10,0.8809856023658917,0.008513346352880147,2022
2022-05-11,0.9083235664938207,0.031031113396760013,2022
2022-05-12,0.9180191653061787,0.010674168512200488,2022
2022-05-13,0.9164334365284567,-0.001727337334175516,2022
2022-05-16,0.903285479634315,-0.014346876019656563,2022
2022-05-17,0.91567228671515,0.013713059005276529,2022
2022-05-18,0.9192968096356576,0.003958318901962299,2022
2022-05-19,0.9109775237279821,-0.009049619035415457,2022
2022-05-20,0.8949496953401505,-0.01759409861424588,2022
2022-05-23,0.8949496953401505,0.0,2022
2022-05-24,0.9253717861442459,0.033993073535303786,2022
2022-05-25,0.9169307162536843,-0.009121814622999325,2022
2022-05-26,0.9149152014996675,-0.0021981101933759017,2022
2022-05-27,0.9055591597991611,-0.010226129902717318,2022
2022-05-30,0.9127925552326589,0.007987766845737543,2022
2022-05-31,0.9402320855169093,0.030061080282645758,2022
2022-06-01,0.9402776358659868,4.8445856910328544e-05,2022
2022-06-02,0.9845070248201822,0.04703864823229642,2022
2022-06-06,1.022213603786488,0.03829995928489471,2022
2022-06-07,1.0075452635569089,-0.014349584250536784,2022
2022-06-08,0.9800173029401595,-0.027321810356755738,2022
2022-06-09,1.00810224980525,0.028657603065611825,2022
2022-06-10,0.9884984897094001,-0.019446202108602706,2022
2022-06-13,0.9996929375001559,0.011324698932060784,2022
2022-06-14,1.01581078608492,0.016122799291819145,2022
2022-06-15,0.9909344983133345,-0.024489095914665637,2022
2022-06-16,1.0055702227095311,0.014769618396683226,2022
2022-06-17,0.9959989024047565,-0.009518301247012362,2022
2022-06-20,0.9959989024047565,0.0,2022
2022-06-21,0.9959989024047565,0.0,2022
2022-06-22,0.9959989024047565,0.0,2022
2022-06-23,0.9959989024047565,0.0,2022
2022-06-24,1.0027541470856114,0.006782381651771807,2022
2022-06-27,1.0039556934351843,0.0011982462032842367,2022
2022-06-28,0.9756498426329525,-0.02819432270499822,2022
2022-06-29,0.9756498426329525,0.0,2022
2022-06-30,0.9756498426329525,0.0,2022
2022-07-01,0.9756498426329525,0.0,2022
2022-07-04,0.9582152521685819,-0.01786972098239714,2022
2022-07-05,0.9615688877207338,0.003499877031347687,2022
2022-07-06,0.9563204787766633,-0.005458172587625154,2022
2022-07-07,0.9656387849311072,0.009743915728296582,2022
2022-07-08,0.9560337059507816,-0.009946865360229817,2022
2022-07-11,0.9639994015400115,0.008332023797537502,2022
2022-07-12,0.9921059751407346,0.029156214781691947,2022
2022-07-13,0.9894600321147314,-0.0026669963615810754,2022
2022-07-14,0.9743519374986334,-0.015269029698762204,2022
2022-07-15,0.9743519374986334,0.0,2022
2022-07-18,0.9671205993782166,-0.0074216900917558615,2022
2022-07-19,0.9736892288392703,0.006791944526129301,2022
2022-07-20,0.965969991904471,-0.007927824100510406,2022
2022-07-21,0.9771303945645243,0.011553570766779098,2022
2022-07-22,0.970614938961863,-0.006667948964544368,2022
2022-07-25,0.9614950910784671,-0.009395948400660492,2022
2022-07-26,0.9709908306312472,0.009876014595279203,2022
2022-07-27,0.9805939678038513,0.009890038988690675,2022
2022-07-28,0.9931326399183138,0.01278681342752308,2022
2022-07-29,0.9837623014063611,-0.009435132967458792,2022
2022-08-01,0.9604273911083883,-0.023720069639397545,2022
2022-08-02,0.9637956096852696,0.0035069997045733547,2022
2022-08-03,0.9278811349901778,-0.037263579885801534,2022
2022-08-04,0.9373916383910148,0.010249700141751195,2022
2022-08-05,0.9760997244843154,0.04129339809318222,2022
2022-08-08,0.971858781921708,-0.004344784099645005,2022
2022-08-09,0.9805851746698165,0.00897907485165006,2022
2022-08-10,0.9749530680459164,-0.005743617963423264,2022
2022-08-11,0.989218823147172,0.014632248021792638,2022
2022-08-12,0.9674070569255715,-0.02204948562564446,2022
2022-08-15,0.9600821245390688,-0.007571716925222072,2022
2022-08-16,0.9600821245390688,0.0,2022
2022-08-17,0.9600821245390688,0.0,2022
2022-08-18,0.9600821245390688,0.0,2022
2022-08-19,0.9801489301542942,0.02090113449915476,2022
2022-08-22,0.9816147476241825,0.0014955048409404093,2022
2022-08-23,0.9741474091158233,-0.0076071987777613925,2022
2022-08-24,0.9925357496273077,0.018876342881386288,2022
2022-08-25,1.0041234039314701,0.011674797918879598,2022
2022-08-26,1.0127895756161558,0.008630584299454291,2022
2022-08-29,1.006160400987252,-0.006545460961000504,2022
2022-08-30,0.9982424254685128,-0.007869496266171838,2022
2022-08-31,1.0026349198346327,0.004400228094952219,2022
2022-09-01,1.0036596838567948,0.0010220709471511213,2022
2022-09-02,1.0001310152899152,-0.003515801843628763,2022
2022-09-05,1.0058445580927258,0.00571279433940397,2022
2022-09-06,0.9962170827704703,-0.009571533936129306,2022
2022-09-07,1.009874695946377,0.013709474985035275,2022
2022-09-08,1.0009972473820379,-0.008790643631306883,2022
2022-09-09,0.9906764998326875,-0.010310465464658192,2022
2022-09-13,0.9706064579691065,-0.020258925963188346,2022
2022-09-14,0.9498452337029119,-0.021389950680562486,2022
2022-09-15,0.9789734940802565,0.030666322621623276,2022
2022-09-16,0.9809907910772634,0.0020606247351999674,2022
2022-09-19,1.0029359658858261,0.022370418772702072,2022
2022-09-20,0.9898067729869622,-0.013090758877380426,2022
2022-09-21,0.9917756774105444,0.0019891805929359574,2022
2022-09-22,0.9765030867640268,-0.01539923895531825,2022
2022-09-23,0.961827780425013,-0.015028428007990535,2022
2022-09-26,0.9623579721332391,0.000551233514997751,2022
2022-09-27,0.9757328082445285,0.013897984428436372,2022
2022-09-28,0.9561157150401617,-0.02010498472390254,2022
2022-09-29,0.9619678310649219,0.006120719419944187,2022
2022-09-30,0.9387894501600175,-0.024094756764626357,2022
2022-10-10,0.9530534480088908,0.015194032960683668,2022
2022-10-11,0.9580432566372095,0.005235602094240788,2022
2022-10-12,0.9871753062047596,0.030407864536101892,2022
2022-10-13,0.988861307851919,0.0017079050058912415,2022
2022-10-14,1.019508122602814,0.030992025380655708,2022
2022-10-17,1.0280128271141178,0.008341968369600883,2022
2022-10-18,1.024811558163815,-0.003114035998256437,2022
2022-10-19,1.0134363824937407,-0.011099773006517988,2022
2022-10-20,0.9984705232050205,-0.014767438338748051,2022
2022-10-21,1.002187004639049,0.00372217441342082,2022
2022-10-24,1.0039261937223825,0.0017353937691098054,2022
2022-10-25,0.9818073517643895,-0.02203233872798971,2022
2022-10-26,1.0153548298825905,0.03416910461906131,2022
2022-10-27,1.016699965423658,0.001324793561304105,2022
2022-10-28,1.0057669464770873,-0.010753436921791204,2022
2022-10-31,1.0222322146038376,0.016370858263361487,2022
2022-11-01,1.0363713084866368,0.013831587070731066,2022
2022-11-02,1.0486696905763964,0.011866772062339548,2022
2022-11-03,1.0602196513876672,0.011013916884469621,2022
2022-11-04,1.0854131298297653,0.023762508466169008,2022
2022-11-07,1.0738429414163728,-0.010659709280656293,2022
2022-11-08,1.0608878969085027,-0.012064189285243776,2022
2022-11-09,1.0753374182253692,0.013620215066052932,2022
2022-11-10,1.0895040118521155,0.013174091579669422,2022
2022-11-11,1.0190339972142395,-0.06468082161357047,2022
2022-11-14,0.9998435219721187,-0.018832026502140553,2022
2022-11-15,1.0138312316325329,0.013989898772184262,2022
2022-11-16,0.9990364742404735,-0.014592919344411981,2022
2022-11-17,0.9878126816583128,-0.011234617425448512,2022
2022-11-18,0.9878126816583128,0.0,2022
2022-11-21,0.9878126816583128,0.0,2022
2022-11-22,0.9878126816583128,0.0,2022
2022-11-23,0.9878126816583128,0.0,2022
2022-11-24,0.9878126816583128,0.0,2022
2022-11-25,0.9920487312151824,0.00428831258752238,2022
2022-11-28,0.9994314651709133,0.007441906555021305,2022
2022-11-29,0.9900629625613107,-0.009373831959553658,2022
2022-11-30,0.9944473824604529,0.004428425327415164,2022
2022-12-01,0.9828257583325607,-0.011686514875365428,2022
2022-12-02,0.9823972359784348,-0.00043601050388930584,2022
2022-12-05,0.9777808815271674,-0.004699071090799256,2022
2022-12-06,0.9765537493312609,-0.0012550175802065189,2022
2022-12-07,0.9745961813044579,-0.002004567621744946,2022
2022-12-08,0.971654959692047,-0.00301788747876508,2022
2022-12-09,0.9730379181985448,0.0014233020607810065,2022
2022-12-12,0.9783749693362969,0.005484936442798682,2022
2022-12-13,0.9636006872633591,-0.015100838161221763,2022
2022-12-14,0.9586142453244375,-0.005174801144116281,2022
2022-12-15,0.9634740783860037,0.005069644108951721,2022
2022-12-16,0.9567477246630841,-0.006981354116124772,2022
2022-12-19,0.9567477246630841,0.0,2022
2022-12-20,0.9567477246630841,0.0,2022
2022-12-21,0.9567477246630841,0.0,2022
2022-12-22,0.9567477246630841,0.0,2022
2022-12-23,0.9567477246630841,0.0,2022
2022-12-26,0.9774749173052396,0.021664219425715947,2022
2022-12-27,0.9904269148213516,0.013250465343723317,2022
2022-12-28,0.9839817541526197,-0.006507457109941828,2022
2022-12-29,0.9893270229687932,0.005432284484560013,2022
2022-12-30,0.9875258976354762,-0.0018205560866134674,2022
2023-01-03,1.0201809676065432,0.0201809676065432,2023
2023-01-04,1.0127384940394355,-0.007295248395555287,2023
2023-01-05,1.023615955406747,0.010740641766193049,2023
2023-01-06,1.03299605354668,0.009163688872166675,2023
2023-01-09,1.0212736624544163,-0.011347953413777478,2023
2023-01-10,1.0226369718548591,0.0013349109553715266,2023
2023-01-11,1.0066903831102862,-0.015593596929757925,2023
2023-01-12,1.006401196267768,-0.0002872649300819097,2023
2023-01-13,1.0071448195771004,0.0007388935069734259,2023
2023-01-16,1.0250640757117082,0.01779213454340356,2023
2023-01-17,1.0367658147321754,0.011415617128463618,2023
2023-01-18,1.0399365418983564,0.003058286761702389,2023
2023-01-19,1.0570088937084468,0.016416724600258448,2023
2023-01-20,1.0622142568737738,0.004924616241462676,2023
2023-01-30,1.0657154832885471,0.003296158371172586,2023
2023-01-31,1.0586148742477888,-0.006662762390246546,2023
2023-02-01,1.0586148742477888,0.0,2023
2023-02-02,1.0572146212494533,-0.0013227218249038941,2023
2023-02-03,1.0388223371431513,-0.01739692559734496,2023
2023-02-06,1.0360456465832184,-0.002672921500291414,2023
2023-02-07,1.0360456465832184,0.0,2023
2023-02-08,1.0360456465832184,0.0,2023
2023-02-09,1.0245002252415516,-0.01114373809662006,2023
2023-02-10,1.0245002252415516,0.0,2023
2023-02-13,1.0245002252415516,0.0,2023
2023-02-14,1.0245002252415516,0.0,2023
2023-02-15,1.0245002252415516,0.0,2023
2023-02-16,1.0307838860785252,0.006133391366987873,2023
2023-02-17,1.0497433210111595,0.018393220139250488,2023
2023-02-20,1.0375254683877269,-0.011638895317441889,2023
2023-02-21,1.0406938096231324,0.003053747914573135,2023
2023-02-22,1.0468584096626274,0.005923548292967595,2023
2023-02-23,1.0439228858342964,-0.0028041269012464287,2023
2023-02-24,1.045218565317146,0.0012411639790941287,2023
2023-02-27,1.0403403624317054,-0.004667160579912233,2023
2023-02-28,1.0403403624317054,0.0,2023
2023-03-01,1.0403403624317054,0.0,2023
2023-03-02,1.0403403624317054,0.0,2023
2023-03-03,1.0404655448417863,0.00012032832196218202,2023
2023-03-06,1.0496912656313004,0.00886691619463198,2023
2023-03-07,1.0313231262715905,-0.017498611221331895,2023
2023-03-08,1.0359776377760066,0.00451314567263017,2023
2023-03-09,1.0398407781968981,0.003728980510800284,2023
2023-03-10,1.032647233790656,-0.006917928741663526,2023
2023-03-13,1.032647233790656,0.0,2023
2023-03-14,1.032647233790656,0.0,2023
2023-03-15,1.032647233790656,0.0,2023
2023-03-16,1.032647233790656,0.0,2023
2023-03-17,1.032647233790656,0.0,2023
2023-03-20,1.0278508284255832,-0.004644766584486093,2023
2023-03-21,1.0323906373749783,0.004416797480573109,2023
2023-03-22,1.0360485408331,0.0035431389298750116,2023
2023-03-23,1.0609423276549472,0.02402762596608632,2023
2023-03-24,1.0638686504214445,0.0027582298209982703,2023
2023-03-27,1.0581550894017464,-0.005370551164784021,2023
2023-03-28,1.0581550894017464,0.0,2023
2023-03-29,1.0516889932021194,-0.0061107263617498075,2023
2023-03-30,1.0571108879758424,0.005155416486022801,2023
2023-03-31,1.0726331680775796,0.014683681984828834,2023
2023-04-03,1.118307923319473,0.042581897149193804,2023
2023-04-04,1.1130808220494213,-0.004674116279652307,2023
2023-04-06,1.0947587059964985,-0.016460723866563276,2023
2023-04-07,1.0947587059964985,0.0,2023
2023-04-10,1.056160802215034,-0.03525699642308944,2023
2023-04-11,1.039838475140046,-0.015454395808626842,2023
2023-04-12,1.039838475140046,0.0,2023
2023-04-13,1.039838475140046,0.0,2023
2023-04-14,1.039838475140046,0.0,2023
2023-04-17,1.039838475140046,0.0,2023
2023-04-18,1.024974968990201,-0.014294052879552432,2023
2023-04-19,1.0294481875351544,0.004364222230090586,2023
2023-04-20,1.0571766984345037,0.026935314700723856,2023
2023-04-21,1.0187554694395562,-0.03634324238497,2023
2023-04-24,1.0226491631656867,0.0038220101319039745,2023
2023-04-25,1.040666642045693,0.017618436047248,2023
2023-04-26,1.0477607931242168,0.006816929448779652,2023
2023-04-27,1.0497308768005214,0.0018802800116524132,2023
2023-04-28,1.0307329806919316,-0.018097873015313626,2023
2023-05-04,1.0524223995695572,0.021042713567839266,2023
2023-05-05,1.0665829540691925,0.013455200597618289,2023
2023-05-08,1.0538429219915815,-0.011944717500880442,2023
2023-05-09,1.0309038319501216,-0.021767086501002453,2023
2023-05-10,1.0154445135190469,-0.014995888027529158,2023
2023-05-11,1.0154445135190469,0.0,2023
2023-05-12,1.0154445135190469,0.0,2023
2023-05-15,1.0154445135190469,0.0,2023
2023-05-16,1.0154445135190469,0.0,2023
2023-05-17,1.0154445135190469,0.0,2023
2023-05-18,1.0154445135190469,0.0,2023
2023-05-19,1.011613449106424,-0.0037727954227122495,2023
2023-05-22,1.0042406978500162,-0.007288111148502585,2023
2023-05-23,0.9973103992082559,-0.006901033444071114,2023
2023-05-24,0.9766107777921773,-0.020755445278131668,2023
2023-05-25,0.9856793753534205,0.009285784846389422,2023
2023-05-26,1.003054422382994,0.01762748360575528,2023
2023-05-29,0.9922396374190008,-0.010781852631983946,2023
2023-05-30,1.007608016052044,0.015488575595527632,2023
2023-05-31,1.016126709293084,0.008454372241317953,2023
2023-06-01,1.0169081522744248,0.0007690408825928863,2023
2023-06-02,1.0156829268592358,-0.0012048535675995842,2023
2023-06-05,1.0148918364336805,-0.0007788753799392589,2023
2023-06-06,1.0051301529736754,-0.009618447118766471,2023
2023-06-07,1.0051301529736754,0.0,2023
2023-06-08,1.0051301529736754,0.0,2023
2023-06-09,1.0051301529736754,0.0,2023
2023-06-12,1.0051301529736754,0.0,2023
2023-06-13,1.0051301529736754,0.0,2023
2023-06-14,1.0051301529736754,0.0,2023
2023-06-15,1.0051301529736754,0.0,2023
2023-06-16,1.0158530445056675,0.010668162227815525,2023
2023-06-19,1.009455769088687,-0.00629744179198044,2023
2023-06-20,1.009455769088687,0.0,2023
2023-06-21,1.0289549583173043,0.019316536519693894,2023
2023-06-26,1.0081607602531202,-0.02020904598019513,2023
2023-06-27,1.0100059480829051,0.0018302515853936274,2023
2023-06-28,0.9832130259565387,-0.02652748944421779,2023
2023-06-29,0.9890090352162607,0.005894967933407047,2023
2023-06-30,0.9856113746157339,-0.0034354191716599036,2023
2023-07-03,0.983442867703045,-0.0022001642518931774,2023
2023-07-04,0.9701977453991489,-0.013468115676950054,2023
2023-07-05,0.9701977453991489,0.0,2023
2023-07-06,0.9701977453991489,0.0,2023
2023-07-07,0.9719937960798831,0.0018512212476800016,2023
2023-07-10,0.9708914636703141,-0.0011340940796277232,2023
2023-07-11,0.9661508294896162,-0.004882764302795106,2023
2023-07-12,0.9661508294896162,0.0,2023
2023-07-13,0.9661508294896162,0.0,2023
2023-07-14,0.9661508294896162,0.0,2023
2023-07-17,0.9661508294896162,0.0,2023
2023-07-18,0.9661508294896162,0.0,2023
2023-07-19,0.9546906283521343,-0.011861710188186603,2023
2023-07-20,0.9415245745508298,-0.013790911328028899,2023
2023-07-21,0.9357393419883235,-0.006144536976388837,2023
2023-07-24,0.9305120760181401,-0.005586241526487679,2023
2023-07-25,0.9444122963882906,0.014938248227398088,2023
2023-07-26,0.9414462634501529,-0.0031406123675863373,2023
2023-07-27,0.9325971090736628,-0.009399532102937314,2023
2023-07-28,0.9425132521968758,0.010632826358493164,2023
2023-07-31,0.9496982956839816,0.00762328112666677,2023
2023-08-01,0.9489249735647972,-0.0008142818858355438,2023
2023-08-02,0.9478481959304899,-0.0011347342142996597,2023
2023-08-03,0.9499136512108431,0.0021790992367989315,2023
2023-08-04,0.9556890948857647,0.006079967023907562,2023
2023-08-07,0.9484453180731512,-0.007579637406534778,2023
2023-08-08,0.9453422407088289,-0.003271751470740103,2023
2023-08-09,0.9371489418005079,-0.008667018731943643,2023
2023-08-10,0.9389598860036613,0.0019323974262555055,2023
2023-08-11,0.921096898794845,-0.019024228271181554,2023
2023-08-14,0.9229565121631661,0.0020189117678652835,2023
2023-08-15,0.9359005529364511,0.014024540271077024,2023
2023-08-16,0.9512734526191396,0.016425783310475728,2023
2023-08-17,0.9399954096148195,-0.011855731885787701,2023
2023-08-18,0.923244854144223,-0.017819826883474277,2023
2023-08-21,0.9257345106286846,0.0026966372715604425,2023
2023-08-22,0.9429973418128209,0.018647712692932528,2023
2023-08-23,0.9281447549927471,-0.01575040157750729,2023
2023-08-24,0.9281447549927471,0.0,2023
2023-08-25,0.9352873271192503,0.007695536809405379,2023
2023-08-28,0.8435142277562852,-0.09812289411173003,2023
2023-08-29,0.879149740635776,0.042246487026401436,2023
2023-08-30,0.8998397845187903,0.023534152291339927,2023
2023-08-31,0.9019844258097643,0.0023833590466562082,2023
2023-09-01,0.895208661433927,-0.007512063603264951,2023
2023-09-04,0.895208661433927,0.0,2023
2023-09-05,0.8793520686533852,-0.017712733872729758,2023
2023-09-06,0.8829598024946421,0.0041027183193891315,2023
2023-09-07,0.8748137907002467,-0.009225801414039836,2023
2023-09-08,0.8748137907002467,0.0,2023
2023-09-11,0.8748137907002467,0.0,2023
2023-09-12,0.8748137907002467,0.0,2023
2023-09-13,0.8837825491032244,0.01025219137869171,2023
2023-09-14,0.8917479753988692,0.00901288026531799,2023
2023-09-15,0.8843574858640795,-0.008287643749887996,2023
2023-09-18,0.8798362205960635,-0.005112486002872951,2023
2023-09-19,0.8741846390110435,-0.006423447287940975,2023
2023-09-20,0.8664424723795293,-0.008856443234089295,2023
2023-09-21,0.861150991568068,-0.006107134610944476,2023
2023-09-22,0.8832071639485444,0.025612433355403086,2023
2023-09-25,0.8750748881456748,-0.00920766512639315,2023
2023-09-26,0.8767953696193446,0.0019660962701324447,2023
2023-09-27,0.8808465033218812,0.004620386743483085,2023
2023-09-28,0.8882485747783675,0.008403361344537785,2023
2023-10-09,0.882870509736464,-0.006054684684684619,2023
2023-10-10,0.882870509736464,0.0,2023
2023-10-11,0.8861059235913471,0.0036646527652723915,2023
2023-10-12,0.8930488504935281,0.007835323878709222,2023
2023-10-13,0.8847600129838702,-0.009281505155151581,2023
2023-10-16,0.9019689177793164,0.01945036455412219,2023
2023-10-17,0.8979079045744619,-0.004502387083196724,2023
2023-10-18,0.8943083453180356,-0.0040088290102894275,2023
2023-10-19,0.8862405528990581,-0.0090212648257334,2023
2023-10-20,0.8862405528990581,0.0,2023
2023-10-23,0.8973772231257742,0.012566193445206153,2023
2023-10-24,0.8859281234645636,-0.01275840233757064,2023
2023-10-25,0.8830256581469659,-0.0032761860028183154,2023
2023-10-26,0.8788238579361443,-0.004758412365546749,2023
2023-10-27,0.8788238579361443,0.0,2023
2023-10-30,0.8788238579361443,0.0,2023
2023-10-31,0.8788238579361443,0.0,2023
2023-11-01,0.8788238579361443,0.0,2023
2023-11-02,0.8788238579361443,0.0,2023
2023-11-03,0.8788238579361443,0.0,2023
2023-11-06,0.8845017409556831,0.006460774782415468,2023
2023-11-07,0.8861514857758926,0.0018651685393258344,2023
2023-11-08,0.8943008276588551,0.009196330439853684,2023
2023-11-09,0.8886062265625898,-0.0063676571911186475,2023
2023-11-10,0.8785947667563926,-0.011266474965997864,2023
2023-11-13,0.8720182950340837,-0.007485216132788963,2023
2023-11-14,0.8702684670065851,-0.0020066414173457447,2023
2023-11-15,0.8681031652286941,-0.002488084838163651,2023
2023-11-16,0.8581058514374088,-0.01151627386204912,2023
2023-11-17,0.8581058514374088,0.0,2023
2023-11-20,0.8563035208768612,-0.0021003592476714905,2023
2023-11-21,0.8490131372427477,-0.008513784489228904,2023
2023-11-22,0.8445371141215273,-0.005272030460867438,2023
2023-11-23,0.8445371141215273,0.0,2023
2023-11-24,0.8445371141215273,0.0,2023
2023-11-27,0.8445371141215273,0.0,2023
2023-11-28,0.8445371141215273,0.0,2023
2023-11-29,0.8445371141215273,0.0,2023
2023-11-30,0.8445371141215273,0.0,2023
2023-12-01,0.8458591274788386,0.0015653703492788384,2023
2023-12-04,0.8404217748708875,-0.006428201140487366,2023
2023-12-05,0.845491630095402,0.0060325129311331604,2023
2023-12-06,0.8425402699433443,-0.0034907029791940714,2023
2023-12-07,0.8422872672729363,-0.0003002855524341097,2023
2023-12-08,0.8422872672729363,0.0,2023
2023-12-11,0.8422872672729363,0.0,2023
2023-12-12,0.8422872672729363,0.0,2023
2023-12-13,0.8422872672729363,0.0,2023
2023-12-14,0.8422872672729363,0.0,2023
2023-12-15,0.8422872672729363,0.0,2023
2023-12-18,0.8422872672729363,0.0,2023
2023-12-19,0.8379890622719786,-0.005103015524470678,2023
2023-12-20,0.8274318757166169,-0.012598239082904916,2023
2023-12-21,0.839662762579536,0.014781744844342803,2023
2023-12-22,0.8354537529303533,-0.0050127382525004816,2023
2023-12-25,0.829402682587646,-0.007242854941381438,2023
2023-12-26,0.814378763429877,-0.01811414343500317,2023
2023-12-27,0.8185707959677592,0.0051475219223875435,2023
2023-12-28,0.8385643252719638,0.024424923785079766,2023
2023-12-29,0.8405661717219739,0.002387230638938531,2023
2024-01-02,0.9979105431418799,-0.00208945685812012,2024
2024-01-03,1.0101287530154104,0.012243792750261884,2024
2024-01-04,1.0168135236096785,0.006617741128853938,2024
2024-01-05,1.0359514696519683,0.018821490467937796,2024
2024-01-08,1.0632192245716452,0.02632145975799194,2024
2024-01-09,1.0652869216271659,0.001944751381215637,2024
2024-01-10,1.0418096636719487,-0.022038436292221575,2024
2024-01-11,1.058799550281289,0.01630805242241462,2024
2024-01-12,1.0427475911661555,-0.015160526948532538,2024
2024-01-15,1.0117849776409895,-0.029693296620842746,2024
2024-01-16,1.0169265869330772,0.005081721319954324,2024
2024-01-17,0.9907979306665946,-0.025693748793886306,2024
2024-01-18,0.9886337645235123,-0.002184265909423444,2024
2024-01-19,0.9846847349528978,-0.003994431216414851,2024
2024-01-22,0.9721894661606629,-0.012689613587675397,2024
2024-01-23,0.9605039551949411,-0.012019787677673421,2024
2024-01-24,0.9695683438412396,0.009437117460342703,2024
2024-01-25,0.9891012988043046,0.02014603208442156,2024
2024-01-26,0.9648142913105466,-0.024554620970691166,2024
2024-01-29,0.938072745825398,-0.027716780033206656,2024
2024-01-30,0.944287694761304,0.006625231319813629,2024
2024-01-31,0.9455103407009334,0.0012947811841796941,2024
2024-02-01,0.9346704934280394,-0.011464546506025686,2024
2024-02-02,0.8865520317312928,-0.05148173825437152,2024
2024-02-05,0.8948935123438752,0.00940890135494099,2024
2024-02-06,0.948534232308384,0.05994089712865924,2024
2024-02-07,0.978124121736929,0.03119538380447695,2024
2024-02-08,0.9891759257031268,0.011298979056535652,2024
2024-02-19,1.0040563903290425,0.015043294361757109,2024
2024-02-20,0.9935966472896058,-0.010417485651387448,2024
2024-02-21,0.9710124583109654,-0.02272973549200974,2024
2024-02-22,0.9615827268583571,-0.009711236320294914,2024
2024-02-23,0.9587945775306684,-0.002899541817684259,2024
2024-02-26,0.9535602217173657,-0.00545930894476232,2024
2024-02-27,0.9618073764787345,0.008648803267522709,2024
2024-02-28,0.9592375877556829,-0.00267183303631946,2024
2024-02-29,0.9592375877556829,0.0,2024
2024-03-01,0.9592375877556829,0.0,2024
2024-03-04,0.9592375877556829,0.0,2024
2024-03-05,0.9592375877556829,0.0,2024
2024-03-06,0.9300764811909396,-0.0304002959610572,2024
2024-03-07,0.9112679333621359,-0.020222581915757987,2024
2024-03-08,0.9112679333621359,0.0,2024
2024-03-11,0.9112679333621359,0.0,2024
2024-03-12,0.9011215084294235,-0.011134403572478413,2024
2024-03-13,0.8983989870533189,-0.003021258898647017,2024
2024-03-14,0.8795511743778547,-0.020979334290306406,2024
2024-03-15,0.8795511743778547,0.0,2024
2024-03-18,0.8795511743778547,0.0,2024
2024-03-19,0.8795511743778547,0.0,2024
2024-03-20,0.8795511743778547,0.0,2024
2024-03-21,0.8628077335860003,-0.019036346354375344,2024
2024-03-22,0.8628077335860003,0.0,2024
2024-03-25,0.8685540270515925,0.006659992999494158,2024
2024-03-26,0.8789010021599529,0.0119128744857524,2024
2024-03-27,0.9000772266401993,0.02409398149302877,2024
2024-03-28,0.8886232128814741,-0.012725590004627363,2024
2024-03-29,0.8887547422260716,0.00014801475213666038,2024
2024-04-01,0.8893067626202689,0.0006211166792928768,2024
2024-04-02,0.8816378544854263,-0.008623467690998754,2024
2024-04-03,0.8736566211827805,-0.009052734364841997,2024
2024-04-08,0.882754309065814,0.01041334508598668,2024
2024-04-09,0.8728054489644327,-0.011270248130433758,2024
2024-04-10,0.8891341759772506,0.018708323867812293,2024
2024-04-11,0.8822664930116566,-0.0077240119108521466,2024
2024-04-12,0.8822664930116566,0.0,2024
2024-04-15,0.8851786752111431,0.0033007965535964967,2024
2024-04-16,0.8727793576183246,-0.01400770029831655,2024
2024-04-17,0.8727793576183246,0.0,2024
2024-04-18,0.8727793576183246,0.0,2024
2024-04-19,0.8827807798474169,0.011459279074134576,2024
2024-04-22,0.8812461248409957,-0.0017384327360258078,2024
2024-04-23,0.8857084293981277,0.005063630274614983,2024
2024-04-24,0.8733839691927158,-0.013914805139414566,2024
2024-04-25,0.8793455136407359,0.006825800173010377,2024
2024-04-26,0.8874024498006536,0.009162423683223064,2024
2024-04-29,0.9157494054658619,0.0319437428548639,2024
2024-04-30,0.9058049678354955,-0.010859343801929655,2024
2024-05-06,0.9173065416072719,0.012697627171620152,2024
2024-05-07,0.9082892794586328,-0.009830151361222561,2024
2024-05-08,0.9082892794586328,0.0,2024
2024-05-09,0.9224564810990385,0.015597675719402737,2024
2024-05-10,0.9210750992660548,-0.0014975035259526814,2024
2024-05-13,0.9253273266831621,0.0046165914380875694,2024
2024-05-14,0.9080755402747415,-0.01864398241675158,2024
2024-05-15,0.9021727075937397,-0.006500376256380447,2024
2024-05-16,0.9021727075937397,0.0,2024
2024-05-17,0.905509152515312,0.0036982330472745684,2024
2024-05-20,0.9040928128591992,-0.0015641362124044766,2024
2024-05-21,0.8976112585007169,-0.007169124968468998,2024
2024-05-22,0.9064573799122011,0.009855180990332002,2024
2024-05-23,0.9006118628834924,-0.006448749999999892,2024
2024-05-24,0.9006118628834924,0.0,2024
2024-05-27,0.9049182954062536,0.004781674215319942,2024
2024-05-28,0.8999227379553254,-0.005520451378083213,2024
2024-05-29,0.8994574654476409,-0.0005170138369229305,2024
2024-05-30,0.9094608243628575,0.011121547487782601,2024
2024-05-31,0.910366881351506,0.0009962573036428335,2024
2024-06-03,0.9183989541157438,0.008822896492360899,2024
2024-06-04,0.9227455788585858,0.004732828498293484,2024
2024-06-05,0.9205539004671246,-0.0023751708398020988,2024
2024-06-06,0.9101342450976639,-0.011318897637795367,2024
2024-06-07,0.9041469225645662,-0.006578504836344479,2024
2024-06-11,0.9261249265459783,0.024308000650018924,2024
2024-06-12,0.9246434009294039,-0.0015997038564763422,2024
2024-06-13,0.9291736858726476,0.00489949416033264,2024
2024-06-14,0.9227813779048478,-0.006879561986084859,2024
2024-06-17,0.9227813779048478,0.0,2024
2024-06-18,0.9227813779048478,0.0,2024
2024-06-19,0.9227813779048478,0.0,2024
2024-06-20,0.9137205022897662,-0.009819092400470963,2024
2024-06-21,0.8924060769402757,-0.02332707353734198,2024
2024-06-24,0.9154100968310612,0.02577752492414387,2024
2024-06-25,0.9418713682661265,0.0289064666499399,2024
2024-06-26,0.9469183606421595,0.005358473084625004,2024
2024-06-27,0.9287330868640914,-0.01920469021821014,2024
2024-06-28,0.9242321667492628,-0.00484630102931527,2024
2024-07-01,0.916519426654913,-0.008345024520708066,2024
2024-07-02,0.9028957335402381,-0.014864598303604204,2024
2024-07-03,0.8954014220683821,-0.008300306661624068,2024
2024-07-04,0.8808607152142803,-0.01623931623931607,2024
2024-07-05,0.8622441141618994,-0.02113455706541778,2024
2024-07-08,0.8622441141618994,0.0,2024
2024-07-09,0.8622441141618994,0.0,2024
2024-07-10,0.8622441141618994,0.0,2024
2024-07-11,0.8560474688941231,-0.007186648381821037,2024
2024-07-12,0.8560474688941231,0.0,2024
2024-07-15,0.8560474688941231,0.0,2024
2024-07-16,0.8560474688941231,0.0,2024
2024-07-17,0.8560474688941231,0.0,2024
2024-07-18,0.8490455528517639,-0.008179354880173406,2024
2024-07-19,0.8659507140063578,0.019910782287019924,2024
2024-07-22,0.8686989574181019,0.003173671858331506,2024
2024-07-23,0.8871096119144241,0.021193365479614812,2024
2024-07-24,0.896275209191995,0.010331978319783053,2024
2024-07-25,0.8866076492531294,-0.0107863743632729,2024
2024-07-26,0.8866076492531294,0.0,2024
2024-07-29,0.8866076492531294,0.0,2024
2024-07-30,0.8755091921979118,-0.012517890032380019,2024
2024-07-31,0.9165398268352243,0.04686488160599156,2024
2024-08-01,0.9107346514329488,-0.006333795032476108,2024
2024-08-02,0.9047484901354678,-0.006572892870675862,2024
2024-08-05,0.9047484901354678,0.0,2024
2024-08-06,0.9047484901354678,0.0,2024
2024-08-07,0.9047484901354678,0.0,2024
2024-08-08,0.8874428807085318,-0.019127536122602207,2024
2024-08-09,0.8834629794834893,-0.004484684379759796,2024
2024-08-12,0.8855280225719547,0.0023374415639609847,2024
2024-08-13,0.8896330779235709,0.00463571479047431,2024
2024-08-14,0.8775056430585829,-0.013631951380780216,2024
2024-08-15,0.8870298720908387,0.010853752460278976,2024
2024-08-16,0.883725803149294,-0.0037248677248676865,2024
2024-08-19,0.8802590338432036,-0.003922901530922895,2024
2024-08-20,0.8812720714776178,0.0011508403725108973,2024
2024-08-21,0.8833617579082528,0.0023712159936388755,2024
2024-08-22,0.8911198751956402,0.008782491677880921,2024
2024-08-23,0.8876691822492788,-0.0038723106087200643,2024
2024-08-26,0.8876691822492788,0.0,2024
2024-08-27,0.8876691822492788,0.0,2024
2024-08-28,0.8876691822492788,0.0,2024
2024-08-29,0.886643583242767,-0.0011553842659187685,2024
2024-08-30,0.9056540859473129,0.021440974777054977,2024
2024-09-02,0.9180792374825507,0.013719533459887412,2024
2024-09-03,0.9030261349056623,-0.01639629997315406,2024
2024-09-04,0.8899087691242256,-0.01452600902055523,2024
2024-09-05,0.8785639612832669,-0.012748281885258117,2024
2024-09-06,0.8785639612832669,0.0,2024
2024-09-09,0.8785639612832669,0.0,2024
2024-09-10,0.8808701718635576,0.002624977442646559,2024
2024-09-11,0.8868480532086288,0.006786336438688201,2024
2024-09-12,0.8794157319827256,-0.008380602741374865,2024
2024-09-13,0.8716631671133366,-0.008815585834370032,2024
2024-09-18,0.8638972587588021,-0.008909299655568415,2024
2024-09-19,0.8694614920643706,0.006440850748343552,2024
2024-09-20,0.8656319118276843,-0.004404542664211308,2024
2024-09-23,0.8586532690967196,-0.008061905569343053,2024
2024-09-24,0.8903307028315386,0.03689199689199674,2024
2024-09-25,0.8901038635840695,-0.0002547808884358904,2024
2024-09-26,0.9251838860309269,0.039411156250468427,2024
2024-09-27,0.9870843136197331,0.06690608053536407,2024
2024-09-30,1.1629914782895399,0.1782088543426834,2024
2024-10-08,1.3655989567349882,0.17421234998508472,2024
2024-10-09,1.138553175651056,-0.16626095089203652,2024
2024-10-10,1.1521724922238765,0.011961950363040819,2024
2024-10-11,1.218746330990931,0.057781138862772474,2024
2024-10-14,1.19837717908806,-0.01671320059385073,2024
2024-10-15,1.1629291226192997,-0.029580049659937213,2024
2024-10-16,1.1546530718804326,-0.007116556441743138,2024
2024-10-17,1.150152710468628,-0.003897587527719959,2024
2024-10-18,1.2223726754217445,0.06279163131623688,2024
2024-10-21,1.247824469974676,0.02082163244049129,2024
2024-10-22,1.2308108378139866,-0.013634635776163972,2024
2024-10-23,1.2220481307143505,-0.007119458839994763,2024
2024-10-24,1.2203380297561597,-0.0013993728358236979,2024
2024-10-25,1.238425155948998,0.014821406652755442,2024
2024-10-28,1.2316097170937255,-0.005503311058026705,2024
2024-10-29,1.2176792596532784,-0.011310772598741137,2024
2024-10-30,1.1909407002584804,-0.021958622669167815,2024
2024-10-31,1.1909407002584804,0.0,2024
2024-11-01,1.1909407002584804,0.0,2024
2024-11-04,1.1909407002584804,0.0,2024
2024-11-05,1.229708801466577,0.03255250341153193,2024
2024-11-06,1.2324120821427444,0.002198309610326854,2024
2024-11-07,1.2697395742191426,0.030288158171492663,2024
2024-11-08,1.2671597310167724,-0.002031789238322146,2024
2024-11-11,1.3259900310287147,0.0464269014962595,2024
2024-11-12,1.2974019120971874,-0.021559829457653223,2024
2024-11-13,1.3109923779623047,0.010475139383099075,2024
2024-11-14,1.2679373871016975,-0.0328415264530586,2024
2024-11-15,1.2862491913711986,0.014442199162025604,2024
2024-11-18,1.273439514710678,-0.00995893855285146,2024
2024-11-19,1.2808519628874993,0.0058208089910773975,2024
2024-11-20,1.2865445812949432,0.004444399955956468,2024
2024-11-21,1.296788730185816,0.007962529274004426,2024
2024-11-22,1.2715073707886433,-0.019495357114609035,2024
2024-11-25,1.2620887408906096,-0.007407452063916686,2024
2024-11-26,1.2620887408906096,0.0,2024
2024-11-27,1.2756435211285313,0.01073995813349593,2024
2024-11-28,1.2699217565372296,-0.004485394623601313,2024
2024-11-29,1.3018112300720481,0.025111368767925857,2024
2024-12-02,1.3122343994291152,0.008006667261957867,2024
2024-12-03,1.2982593446034068,-0.010649815941258911,2024
2024-12-04,1.2892052656451616,-0.006974014087309355,2024
2024-12-05,1.2942941488256874,0.003947302509642814,2024
2024-12-06,1.31109779607915,0.012982865810456268,2024
2024-12-09,1.2886633305847086,-0.01711120677765743,2024
2024-12-10,1.243467272532767,-0.03507204479189674,2024
2024-12-11,1.2385479099797234,-0.003956165684218971,2024
2024-12-12,1.2432213044051146,0.0037732851412002333,2024
2024-12-13,1.2291889038920407,-0.011287130025324332,2024
2024-12-16,1.2291889038920407,0.0,2024
2024-12-17,1.2291889038920407,0.0,2024
2024-12-18,1.2291889038920407,0.0,2024
2024-12-19,1.2291889038920407,0.0,2024
2024-12-20,1.2319507838295163,0.002246912519898725,2024
2024-12-23,1.2162548940541216,-0.0127406792393151,2024
2024-12-24,1.234824507636338,0.015267863400178161,2024
2024-12-25,1.2386845519022809,0.0031259861154939728,2024
2024-12-26,1.2510439996307727,0.009977881543376865,2024
2024-12-27,1.2421453185179017,-0.007113004111364063,2024
2024-12-30,1.24047712676763,-0.0013429924223858913,2024
2024-12-31,1.2778130894966584,0.03009806623868716,2024
2025-01-02,1.0313597684589468,0.031359768458946835,2025
2025-01-03,1.0454729953464121,0.013684096780848032,2025
2025-01-06,1.0483604825416224,0.002761895532513048,2025
2025-01-07,1.0208837622840443,-0.02620922928243552,2025
2025-01-08,1.0357858080290605,0.014597201263810478,2025
2025-01-09,1.03204162905921,-0.0036148197251081315,2025
2025-01-10,1.0204872429545429,-0.011195658953408683,2025
2025-01-13,0.999223643782541,-0.020836712383036637,2025
2025-01-14,0.9666915089707387,-0.032557410960225575,2025
2025-01-15,0.9666915089707387,0.0,2025
2025-01-16,0.980407595226128,0.014188690112725943,2025
2025-01-17,0.9671887430450833,-0.013483016905836753,2025
2025-01-20,0.9692103498629794,0.0020901885308666213,2025
2025-01-21,0.9773868487254599,0.008436247986452594,2025
2025-01-22,0.9763460214528797,-0.0010649082028649781,2025
2025-01-23,0.9671887430450833,-0.009379132199637263,2025
2025-01-24,0.9757655600893254,0.00886778005422073,2025
2025-01-27,0.9560999294102874,-0.020154052862080607,2025
2025-02-05,0.9836518282700286,0.028816965687608498,2025
2025-02-06,1.0125447930386713,0.029373162269679787,2025
2025-02-07,1.0192521991858234,0.006624305604320924,2025
2025-02-10,1.0112961681377284,-0.007805753133964588,2025
2025-02-11,0.9967280849114778,-0.014405357881536629,2025
2025-02-12,0.9967280849114778,0.0,2025
2025-02-13,0.9967280849114778,0.0,2025
2025-02-14,0.9967280849114778,0.0,2025
2025-02-17,0.9971440331264357,0.00041731362971964003,2025
2025-02-18,0.9713994997862324,-0.025818269462521082,2025
2025-02-19,0.9949137374823257,0.024206557344602198,2025
2025-02-20,0.993144882316307,-0.0017778980220886087,2025
2025-02-21,1.0530167843487144,0.060285163925698715,2025
2025-02-24,1.0573716288607056,0.004135588887773212,2025
2025-02-25,1.0606786189536963,0.003127557050640606,2025
2025-02-26,1.0834141758430098,0.02143491580111312,2025
2025-02-27,1.0829238953350373,-0.0004525328529978445,2025
2025-02-28,1.09416107672422,0.010376704621247734,2025
2025-03-03,1.108178168315457,0.012810811762014485,2025
2025-03-04,1.089157661932502,-0.01716376204366854,2025
2025-03-05,1.0922084391207871,0.0028010427644351577,2025
2025-03-06,1.1294621539612317,0.0341086128856809,2025
2025-03-07,1.1144901880240046,-0.013255836757980477,2025
2025-03-10,1.1133423708640555,-0.0010299033336346186,2025
2025-03-11,1.0992177859794463,-0.012686649905946923,2025
2025-03-12,1.0992177859794463,0.0,2025
2025-03-13,1.1137213267544357,0.013194419668224544,2025
2025-03-14,1.094323427214391,-0.01741719321885793,2025
2025-03-17,1.09923120733848,0.004484762001835119,2025
2025-03-18,1.0826026177135162,-0.01512747228604061,2025
2025-03-19,1.0722798394447817,-0.009535149924666197,2025
2025-03-20,1.084249206007102,0.011162539965796636,2025
2025-03-21,1.1083075331356964,0.022188927596444863,2025
2025-03-24,1.1072857843081834,-0.0009219001017003459,2025
2025-03-25,1.09187800780724,-0.013914905004013822,2025
2025-03-26,1.0891901127308392,-0.002461717387090556,2025
2025-03-27,1.101285640574643,0.011105065775411482,2025
2025-03-28,1.0895181629173292,-0.010685218460828705,2025
2025-03-31,1.0736844052500962,-0.014532807442912188,2025
2025-04-01,1.0736844052500962,0.0,2025
2025-04-02,1.0736844052500962,0.0,2025
2025-04-03,1.0605913256267785,-0.01219453273168103,2025
2025-04-07,1.0698637614003517,0.008742703763010118,2025
2025-04-08,1.048700241629509,-0.019781509136398423,2025
2025-04-09,1.0688836095694583,0.019246079230979873,2025
2025-04-10,1.0836581778291972,0.013822429427737148,2025
2025-04-11,1.1083773776529406,0.022810882923673725,2025
2025-04-14,1.111290672802748,0.002628432525370039,2025
2025-04-15,1.0978407813535704,-0.012102946401283177,2025
2025-04-16,1.089863209837784,-0.007266601543031159,2025
2025-04-17,1.0795874275692103,-0.009428506417886284,2025
2025-04-18,1.0695816538559815,-0.009268145828409402,2025
2025-04-21,1.069116092793403,-0.0004352739792237159,2025
2025-04-22,1.0661063296946192,-0.0028151882841084275,2025
2025-04-23,1.0621841993847059,-0.0036789297658862408,2025
2025-04-24,1.0504908167084193,-0.01100880871986254,2025
2025-04-25,1.0504908167084193,0.0,2025
2025-04-28,1.0504908167084193,0.0,2025
2025-04-29,1.0504908167084193,0.0,2025
2025-04-30,1.0533489894742638,0.0027207974790302014,2025
2025-05-06,1.0679412781925426,0.013853232750108635,2025
2025-05-07,1.0706558807267343,0.002541902433798704,2025
2025-05-08,1.0677956673286397,-0.0026714591023898615,2025
2025-05-09,1.0710490367144379,0.0030468089404569465,2025
2025-05-12,1.0622607393468526,-0.008205317465710404,2025
2025-05-13,1.05261350653483,-0.009081793626256274,2025
2025-05-14,1.0568982715216164,0.0040705966246734615,2025
2025-05-15,1.0458885251446717,-0.010417035086162096,2025
2025-05-16,1.0458885251446717,0.0,2025
2025-05-19,1.0458885251446717,0.0,2025
2025-05-20,1.0458885251446717,0.0,2025
2025-05-21,1.0458885251446717,0.0,2025
2025-05-22,1.0458885251446717,0.0,2025
2025-05-23,1.0458885251446717,0.0,2025
2025-05-26,1.0458885251446717,0.0,2025
2025-05-27,1.0458885251446717,0.0,2025
2025-05-28,1.0458885251446717,0.0,2025
2025-05-29,1.0563138525920808,0.009967914549944057,2025
2025-05-30,1.0507226691473626,-0.005293108133532565,2025
2025-06-03,1.0404045027767401,-0.009820066392015159,2025
2025-06-04,1.0450466580481321,0.004461875413843908,2025
2025-06-05,1.0564612727223088,0.010922588562214175,2025
2025-06-06,1.0507204197555382,-0.005434040144204677,2025
2025-06-09,1.0442322416160943,-0.006174980534739638,2025
2025-06-10,1.0346824964098182,-0.009145231133159126,2025
2025-06-11,1.03695245457183,0.002193869297961726,2025
2025-06-12,1.040686901870624,0.0036013679145356914,2025
2025-06-13,1.0461891967702477,0.00528717608507745,2025
2025-06-16,1.047705989090486,0.0014498260208775093,2025
2025-06-17,1.0556560729758737,0.007588086703874897,2025
2025-06-18,1.0530793399851153,-0.002440883026888385,2025
2025-06-19,1.0475991389778514,-0.005203977325527354,2025
2025-06-20,1.0406075333277112,-0.006673932222741263,2025
2025-06-23,1.0461747216525505,0.005349940440116052,2025
2025-06-24,1.0641919698054003,0.017222025900596627,2025
2025-06-25,1.0551168192171754,-0.008527738270647234,2025
2025-06-26,1.0494479080510193,-0.0053727805897000325,2025
2025-06-27,1.0472439201583827,-0.002100140345917434,2025
2025-06-30,1.0639009825008086,0.015905618568696545,2025
2025-07-01,1.0560866718108215,-0.00734496049775113,2025
2025-07-02,1.0692271070458335,0.012442572741194313,2025
2025-07-03,1.0666628601700132,-0.002398224716641306,2025
2025-07-04,1.056837091269342,-0.009211691217133944,2025
2025-07-07,1.0496048751326845,-0.006843264866840726,2025
2025-07-08,1.064562900792181,0.01425110154676612,2025
2025-07-09,1.055731871295936,-0.008295451109252006,2025
2025-07-10,1.0527273898148322,-0.0028458755132738656,2025
2025-07-11,1.0677605275113562,0.014280181024992844,2025
2025-07-14,1.066086602114741,-0.0015676973942055916,2025
2025-07-15,1.0624940191364094,-0.00336987911789266,2025
2025-07-16,1.054290271102915,-0.007721218082867298,2025
2025-07-17,1.0629686447839775,0.008231484173693238,2025
2025-07-18,1.065727543116203,0.002595465393794516,2025
2025-07-21,1.0652835824650402,-0.00041657987919185846,2025
2025-07-22,1.0742473594218502,0.008414451423411684,2025
2025-07-23,1.079173208551418,0.004585395613370569,2025
2025-07-24,1.0915089723587261,0.011430754312244717,2025
2025-07-25,1.1149860344118805,0.02150881270579119,2025
2025-07-28,1.1156731163720135,0.0006162247229359874,2025
2025-07-29,1.130936906378657,0.013681238512117888,2025
2025-07-30,1.116706050224197,-0.012583244984044395,2025
2025-07-31,1.1050447086708377,-0.010442624136421608,2025
2025-08-01,1.1050447086708377,0.0,2025
2025-08-04,1.1050447086708377,0.0,2025
2025-08-05,1.1050447086708377,0.0,2025
2025-08-06,1.1050447086708377,0.0,2025
2025-08-07,1.100452667060426,-0.004155525631116874,2025
2025-08-08,1.1160292143419082,0.014154672661288448,2025
2025-08-11,1.1083980940170908,-0.00683774244146218,2025
2025-08-12,1.121283843352549,0.01162556071235854,2025
2025-08-13,1.129372493178449,0.007213739744715841,2025
2025-08-14,1.1377021260950169,0.007375452268299387,2025
2025-08-15,1.1541937515172536,0.014495556476493254,2025
2025-08-18,1.1795179310887565,0.021941012536424553,2025
2025-08-19,1.1654570916245626,-0.011920835702103338,2025
2025-08-20,1.2032076166539896,0.03239117536005165,2025
2025-08-21,1.2040248636571247,0.0006792235951829095,2025
2025-08-22,1.3069875085264502,0.08551538093373345,2025
2025-08-25,1.3494424425867444,0.0324830450048903,2025
2025-08-26,1.3302790481157971,-0.014200972094973507,2025
2025-08-27,1.33374710911628,0.002607017682038304,2025
2025-08-28,1.4311461878488794,0.0730266465560585,2025
2025-08-29,1.4056962779692017,-0.017782886259810282,2025
2025-09-01,1.4223031561739314,0.01181398746301121,2025
2025-09-02,1.3830815215782022,-0.02757614255826968,2025
2025-09-03,1.3830815215782022,0.0,2025
2025-09-04,1.4360122687959245,0.038270157175785524,2025
2025-09-05,1.3918299428175644,-0.030767373607055837,2025
2025-09-08,1.3831191556457645,-0.006258513992137726,2025
2025-09-09,1.4159362879136534,0.023726901716263793,2025
2025-09-10,1.4014616465435974,-0.010222664320146846,2025
2025-09-11,1.3997282663838988,-0.0012368373861486592,2025
2025-09-12,1.4138750403306375,0.010106800217220657,2025
2025-09-15,1.4163560044183119,0.001754726561333353,2025
2025-09-16,1.4335116071522305,0.012112493384715206,2025
2025-09-17,1.4467187819338498,0.009213162080951909,2025
2025-09-18,1.457825055211439,0.007676870872404873,2025
2025-09-19,1.438990842733094,-0.01291939139817655,2025
2025-09-22,1.4868470563902338,0.033256788185146435,2025
2025-09-23,1.4473266286926243,-0.026580022153426586,2025
2025-09-24,1.4778159659940475,0.02106596859132237,2025
2025-09-25,1.495700912265182,0.012102282478119175,2025
2025-09-26,1.473139301087075,-0.015084306623801114,2025
2025-09-29,1.4011166608170043,-0.04889058367862631,2025
2025-09-30,1.385307699943354,-0.011283115329191684,2025
2025-10-09,1.4255027629360533,0.029015259926977066,2025
2025-10-10,1.448320133857182,0.01600654275417379,2025
2025-10-13,1.4303443154527906,-0.012411495210329027,2025
2025-10-14,1.4880209862753475,0.04032362711512483,2025
2025-10-15,1.4711309555598122,-0.011350667007602233,2025
2025-10-16,1.4832973458169918,0.008270093298764047,2025
2025-10-17,1.5322691546553882,0.0330155035849693,2025
2025-10-20,1.5278888829533375,-0.002858682946623614,2025
2025-10-21,1.512607184068144,-0.0100018391754082,2025
2025-10-22,1.4931405134808917,-0.012869613996475238,2025
2025-10-23,1.4566901457335464,-0.024411880474912717,2025
2025-10-24,1.469237975015828,0.008613931603115743,2025
2025-10-27,1.4929759027730094,0.01615662551665653,2025
2025-10-28,1.4798250304704286,-0.00880849602338174,2025
2025-10-29,1.4973293643227163,0.011828651017426806,2025
2025-10-30,1.4796496915389046,-0.011807470824436006,2025
2025-10-31,1.5018178310689387,0.01498201882296768,2025
2025-11-03,1.518202981434618,0.010910211629340472,2025
2025-11-04,1.5048082536964502,-0.00882275157009016,2025
2025-11-05,1.4743507790671724,-0.020240103384907226,2025
2025-11-06,1.4772085588653308,0.001938330985226333,2025
2025-11-07,1.4586353541245758,-0.012573177043478156,2025
2025-11-10,1.4586353541245758,0.0,2025
2025-11-11,1.4586353541245758,0.0,2025
2025-11-12,1.4475572140832627,-0.007594865988944766,2025
2025-11-13,1.4277713791464983,-0.013668430335097126,2025
2025-11-14,1.4677260006639639,0.02798390701832809,2025
2025-11-17,1.475895635734628,0.005566185423552028,2025
2025-11-18,1.4720022940212645,-0.002637951911434233,2025
2025-11-19,1.4855758022897114,0.009221118963997244,2025
2025-11-20,1.502797988721228,0.011592936829593059,2025
2025-11-21,1.548135208345147,0.030168538928174726,2025
2025-11-24,1.5392528577149327,-0.005737451472154653,2025
2025-11-25,1.5313278861945623,-0.005148583275742746,2025
2025-11-26,1.5069894092309384,-0.015893707143351476,2025
2025-11-27,1.502141978581645,-0.0032166321936974995,2025
2025-11-28,1.5203628171924644,0.01212990441025008,2025
2025-12-01,1.501623860441011,-0.012325319022243097,2025
2025-12-02,1.501623860441011,0.0,2025
2025-12-03,1.501623860441011,0.0,2025
2025-12-04,1.501623860441011,0.0,2025
2025-12-05,1.501623860441011,0.0,2025
2025-12-08,1.5057148647021081,0.0027243868247375236,2025
2025-12-09,1.5019477354754036,-0.0025018875186901823,2025
2025-12-10,1.4663535237723755,-0.023698701933700606,2025
2025-12-11,1.4891143732626997,0.015522075080345532,2025
2025-12-12,1.4790463304092512,-0.00676109440229844,2025
2025-12-15,1.4790463304092512,0.0,2025
2025-12-16,1.4933841674684496,0.009693974261936189,2025
2025-12-17,1.4826918650009218,-0.007159780249748615,2025
2025-12-18,1.4616406248276206,-0.014197987235391007,2025
2025-12-19,1.4642244911825792,0.0017677849883677155,2025
2025-12-22,1.4932174850875717,0.019800921292865592,2025
2025-12-23,1.4989444962292988,0.0038353496385634678,2025
2025-12-24,1.5127922302008967,0.009238323371167478,2025
2025-12-25,1.4990808572594287,-0.009063619357462693,2025
2025-12-26,1.4926652700326006,-0.004279680576107725,2025
2025-12-29,1.4644384264013386,-0.0189103640300049,2025
2025-12-30,1.4788469459194296,0.009838938434235223,2025
2025-12-31,1.4619602306400947,-0.011418839066429598,2025
