entry_i,exit_i,side,entry_time,exit_time,entry,exit,bars,gross_bp,net_bp,forced_year_end,year
767,1025,-1,2021-01-07 10:17:00+08:00,2021-01-08 10:35:00+08:00,1386.14,1384.28,258,13.418558010014348,9.419357850046772,False,2021
1929,2283,1,2021-01-14 09:39:00+08:00,2021-01-15 13:03:00+08:00,1421.53,1437.32,354,111.07750100244118,107.0338787264946,False,2021
4104,4812,-1,2021-01-27 09:54:00+08:00,2021-02-01 09:42:00+08:00,1452.22,1433.09,708,131.72935230199357,127.73015214202488,False,2021
5523,5693,-1,2021-02-04 09:33:00+08:00,2021-02-04 13:53:00+08:00,1395.67,1384.8,170,77.88374042574597,73.8845402657784,False,2021
6722,6978,1,2021-02-18 09:32:00+08:00,2021-02-19 09:48:00+08:00,1459.48,1415.33,256,-302.50500178145677,-306.38322413627293,False,2021
7446,8403,-1,2021-02-23 09:36:00+08:00,2021-03-01 09:33:00+08:00,1374.67,1346.7,957,203.46701390151821,199.46781374154955,False,2021
9365,10083,-1,2021-03-05 09:35:00+08:00,2021-03-10 09:33:00+08:00,1310.35,1256.4,718,411.72205899187134,407.7228588319026,False,2021
10806,11301,-1,2021-03-15 09:36:00+08:00,2021-03-17 09:51:00+08:00,1239.7,1230.73,495,72.35621521335833,68.35701505339075,False,2021
13967,14651,1,2021-04-01 10:17:00+08:00,2021-04-07 09:41:00+08:00,1267.44,1289.1,684,170.8956637000547,166.828118943525,False,2021
15856,17057,1,2021-04-14 09:46:00+08:00,2021-04-21 09:47:00+08:00,1257.1,1280.51,1201,186.22225757696452,182.1485834087677,False,2021
19447,20256,-1,2021-05-10 09:37:00+08:00,2021-05-13 11:06:00+08:00,1251.7,1286.12,809,-274.98601901413844,-278.985219174106,False,2021
20644,21638,1,2021-05-17 09:34:00+08:00,2021-05-21 10:08:00+08:00,1313.73,1324.09,994,78.85943078105751,74.82869315627028,False,2021
22089,22968,1,2021-05-25 09:39:00+08:00,2021-05-28 13:48:00+08:00,1343.01,1391.18,879,358.6719384070114,354.52929815969816,False,2021
23042,23534,1,2021-05-31 09:32:00+08:00,2021-06-02 09:44:00+08:00,1406.88,1450.01,492,306.56488115546443,302.4430795633215,False,2021
24242,25233,1,2021-06-07 09:32:00+08:00,2021-06-11 10:03:00+08:00,1449.27,1433.73,991,-107.22639673766743,-111.1827149153366,False,2021
25736,25924,-1,2021-06-16 10:26:00+08:00,2021-06-17 09:34:00+08:00,1422.46,1417.92,188,31.916538953643546,27.917338793674862,False,2021
26177,26652,1,2021-06-18 09:47:00+08:00,2021-06-22 09:42:00+08:00,1495.32,1514.5,475,128.26685926758284,124.21636262320402,False,2021
27143,27364,-1,2021-06-24 09:53:00+08:00,2021-06-25 09:34:00+08:00,1512.98,1518.69,221,-37.74008909569248,-41.73928925566006,False,2021
27617,27883,1,2021-06-28 09:47:00+08:00,2021-06-29 10:13:00+08:00,1558.7,1553.07,266,-36.119843459293534,-40.10459857088699,False,2021
28098,28415,1,2021-06-30 09:48:00+08:00,2021-07-01 11:05:00+08:00,1582.24,1571.52,317,-67.75204772980103,-71.72415248975716,False,2021
28562,28806,-1,2021-07-02 09:32:00+08:00,2021-07-05 09:36:00+08:00,1557.31,1565.69,244,-53.81073774650025,-57.80993790646782,False,2021
28812,29121,1,2021-07-05 09:42:00+08:00,2021-07-06 10:51:00+08:00,1578.94,1554.15,309,-157.0040660189742,-160.9404771103484,False,2021
29127,29522,-1,2021-07-06 10:57:00+08:00,2021-07-08 09:32:00+08:00,1541.72,1594.23,395,-340.593622707106,-344.5928228670736,False,2021
29534,29767,1,2021-07-08 09:44:00+08:00,2021-07-09 09:37:00+08:00,1601.11,1587.63,233,-84.19159208299165,-88.15712234010675,False,2021
31205,31694,-1,2021-07-19 09:35:00+08:00,2021-07-21 09:44:00+08:00,1509.61,1540.57,489,-205.08608183570587,-209.08528199567345,False,2021
32507,32571,-1,2021-07-26 11:17:00+08:00,2021-07-26 13:51:00+08:00,1521.09,1529.65,64,-56.27543406373281,-60.27463422370039,False,2021
32645,32842,1,2021-07-27 09:35:00+08:00,2021-07-27 14:22:00+08:00,1565.64,1576.52,197,69.4923481771026,65.46535663614073,False,2021
32857,33122,-1,2021-07-27 14:37:00+08:00,2021-07-29 09:32:00+08:00,1547.4,1558.93,265,-74.51208478738592,-78.51128494735349,False,2021
37699,38427,-1,2021-08-25 09:49:00+08:00,2021-08-30 09:57:00+08:00,1552.65,1495.25,728,369.6905290954178,365.69132893544906,False,2021
39485,40115,1,2021-09-03 13:05:00+08:00,2021-09-08 10:05:00+08:00,1409.2,1421.34,630,86.14816917399848,82.11451663683533,False,2021
42724,42832,1,2021-09-27 09:34:00+08:00,2021-09-27 11:22:00+08:00,1396.16,1360.86,108,-252.83635113454216,-256.73443697691977,False,2021
44404,45153,1,2021-10-13 09:34:00+08:00,2021-10-18 10:03:00+08:00,1334.42,1347.57,749,98.54468608084366,94.50607592844219,False,2021
47295,47903,1,2021-10-29 09:45:00+08:00,2021-11-02 13:23:00+08:00,1370.95,1403.49,608,237.35365987089142,233.25953723147163,False,2021
48245,48757,1,2021-11-04 09:35:00+08:00,2021-11-08 10:07:00+08:00,1414.18,1382.48,512,-224.1581693985206,-228.06772421979704,False,2021
50661,50883,-1,2021-11-18 09:51:00+08:00,2021-11-19 09:33:00+08:00,1420.61,1437.14,222,-116.35846572951137,-120.35766588947894,False,2021
51124,53050,1,2021-11-22 09:34:00+08:00,2021-12-02 09:40:00+08:00,1459.1,1446.52,1926,-86.21753135494403,-90.18225139839298,False,2021
53528,54002,-1,2021-12-06 09:38:00+08:00,2021-12-08 09:32:00+08:00,1426.24,1406.48,474,138.54610724702732,134.54690708705863,False,2021
54008,55425,1,2021-12-08 09:38:00+08:00,2021-12-15 14:45:00+08:00,1407.19,1425.86,1417,132.67575807104802,128.62349821979092,False,2021
55712,56164,-1,2021-12-17 10:02:00+08:00,2021-12-21 09:34:00+08:00,1409.89,1373.73,452,256.4739093120749,252.47470915210624,False,2021
56915,57124,-1,2021-12-24 10:05:00+08:00,2021-12-27 09:34:00+08:00,1363.45,1368.07,209,-33.8846308995544,-37.88383105952198,False,2021
57851,58319,1,2021-12-30 09:41:00+08:00,2021-12-31 14:59:00+08:00,1368.11,1398.19,468,219.865361703373,215.778232984436,True,2021
0,11,1,2022-01-04 09:30:00+08:00,2022-01-04 09:41:00+08:00,1403.39,1386.3,11,-121.77655534099662,-125.7270546190048,False,2022
23,993,-1,2022-01-04 09:53:00+08:00,2022-01-10 10:03:00+08:00,1378.33,1311.74,970,483.12087816415493,479.12167800418626,False,2022
1000,1224,1,2022-01-10 10:10:00+08:00,2022-01-11 09:54:00+08:00,1319.98,1309.05,224,-82.80428491340808,-86.77036998242849,False,2022
1691,1953,-1,2022-01-13 09:41:00+08:00,2022-01-14 10:03:00+08:00,1298.27,1307.86,262,-73.86753140717906,-77.86673156714663,False,2022
1959,2646,1,2022-01-14 10:09:00+08:00,2022-01-19 09:36:00+08:00,1312.01,1332.59,687,156.85856052926272,152.7966294912586,False,2022
3371,3662,1,2022-01-24 09:41:00+08:00,2022-01-25 10:32:00+08:00,1308.21,1288.95,291,-147.2240695301208,-151.16439183784692,False,2022
4567,4816,1,2022-02-07 09:37:00+08:00,2022-02-08 09:46:00+08:00,1259.96,1215.68,249,-351.43972824534075,-355.2983806235666,False,2022
5305,6004,-1,2022-02-10 09:55:00+08:00,2022-02-15 09:34:00+08:00,1195.1,1182.37,699,106.51828298887112,102.51908282890243,False,2022
7202,7444,-1,2022-02-22 09:32:00+08:00,2022-02-23 09:34:00+08:00,1180.26,1197.74,242,-148.10296036466664,-152.1021605246342,False,2022
7450,7794,1,2022-02-23 09:40:00+08:00,2022-02-24 11:24:00+08:00,1205.61,1221.92,344,135.28421297102966,131.23090994644704,False,2022
7802,7921,-1,2022-02-24 13:02:00+08:00,2022-02-25 09:31:00+08:00,1209.53,1240.94,119,-259.6876472679477,-263.68684742791527,False,2022
7927,8644,1,2022-02-25 09:37:00+08:00,2022-03-02 09:34:00+08:00,1237.19,1224.1,717,-105.80428228485594,-109.76116919455991,False,2022
9364,9757,-1,2022-03-07 09:34:00+08:00,2022-03-08 13:37:00+08:00,1185.79,1162.33,393,197.84278835206948,193.8435881921019,False,2022
10082,10324,1,2022-03-10 09:32:00+08:00,2022-03-11 09:34:00+08:00,1165.18,1130.99,242,-293.4310578623045,-297.3129090689186,False,2022
10802,10845,-1,2022-03-15 09:32:00+08:00,2022-03-15 10:15:00+08:00,1106.01,1127.28,43,-192.3129085632125,-196.31210872318005,False,2022
12483,13446,-1,2022-03-24 09:33:00+08:00,2022-03-30 09:36:00+08:00,1130.74,1089.88,963,361.356279958257,357.35707979828834,False,2022
13457,13690,1,2022-03-30 09:47:00+08:00,2022-03-31 09:40:00+08:00,1102.34,1101.82,233,-4.717237875790925,-8.714551517912117,False,2022
14164,14710,-1,2022-04-06 09:34:00+08:00,2022-04-08 10:40:00+08:00,1074.29,1035.83,546,358.00389094192474,354.00469078195715,False,2022
14884,15258,-1,2022-04-11 09:34:00+08:00,2022-04-12 13:18:00+08:00,1015.79,983.92,374,313.745951426968,309.74675126699935,False,2022
15844,16110,-1,2022-04-15 09:34:00+08:00,2022-04-18 10:00:00+08:00,959.41,982.79,266,-243.6914353613151,-247.69063552128267,False,2022
17282,17849,-1,2022-04-25 09:32:00+08:00,2022-04-27 10:59:00+08:00,918.34,870.06,567,525.7312106627188,521.7320105027512,False,2022
17891,18003,1,2022-04-27 13:11:00+08:00,2022-04-28 09:33:00+08:00,888.85,893.71,112,54.67739213590672,50.656325392401946,False,2022
18366,18721,1,2022-04-29 13:06:00+08:00,2022-05-06 09:31:00+08:00,933.54,935.12,355,16.924823789019605,12.918855053252187,False,2022
18727,19215,-1,2022-05-06 09:37:00+08:00,2022-05-10 09:45:00+08:00,937.41,957.56,488,-214.9539689143487,-218.9531690743163,False,2022
19223,20231,1,2022-05-10 09:53:00+08:00,2022-05-16 10:41:00+08:00,965.9,999.64,1008,349.31152293198096,345.17262610217483,False,2022
21604,22140,-1,2022-05-24 09:34:00+08:00,2022-05-26 10:30:00+08:00,1032.46,1004.22,536,273.52149235805757,269.52229219809,False,2022
22922,24096,1,2022-05-31 13:02:00+08:00,2022-06-08 11:06:00+08:00,1025.92,1104.32,1174,764.1921397379891,759.8873238452719,False,2022
24102,25204,-1,2022-06-08 11:12:00+08:00,2022-06-15 09:34:00+08:00,1100.41,1083.25,1102,155.94187620977752,151.94267604980993,False,2022
25210,25767,1,2022-06-15 09:40:00+08:00,2022-06-17 10:57:00+08:00,1081.69,1069.32,557,-114.35808780704382,-118.31155387870717,False,2022
27123,27367,1,2022-06-27 09:33:00+08:00,2022-06-28 09:37:00+08:00,1120.66,1091.8,244,-257.5268145557097,-261.42302458788123,False,2022
28326,28566,-1,2022-07-04 09:36:00+08:00,2022-07-05 09:36:00+08:00,1077.0,1102.29,240,-234.81894150417793,-238.81814166414551,False,2022
28818,29322,1,2022-07-06 09:48:00+08:00,2022-07-08 10:12:00+08:00,1107.95,1101.09,504,-61.916151450879255,-65.8905901025686,False,2022
30729,31202,-1,2022-07-18 09:39:00+08:00,2022-07-20 09:32:00+08:00,1059.37,1075.13,473,-148.76766380018447,-152.76686396015205,False,2022
31213,32897,1,2022-07-20 09:43:00+08:00,2022-07-29 09:47:00+08:00,1080.19,1099.42,1684,178.02423647691688,173.95384086144938,False,2022
33123,33149,-1,2022-08-01 09:33:00+08:00,2022-08-01 09:59:00+08:00,1072.58,1088.29,26,-146.46926103414336,-150.46846119411094,False,2022
34092,35766,1,2022-08-05 09:42:00+08:00,2022-08-16 09:36:00+08:00,1131.07,1136.14,1674,44.82481190377419,40.80768540431157,False,2022
36517,36969,-1,2022-08-19 10:07:00+08:00,2022-08-23 09:39:00+08:00,1134.86,1116.51,452,161.69395343919035,157.69475327922277,False,2022
37479,38178,-1,2022-08-25 10:09:00+08:00,2022-08-30 09:48:00+08:00,1051.46,1062.26,699,-102.71432103931666,-106.71352119928423,False,2022
39623,40085,1,2022-09-07 09:53:00+08:00,2022-09-09 09:35:00+08:00,1051.02,1033.03,462,-171.16705676390563,-175.09780379179495,False,2022
40091,40331,-1,2022-09-09 09:41:00+08:00,2022-09-13 09:41:00+08:00,1031.0,1043.44,240,-120.65955383123273,-124.6587539912003,False,2022
43683,44321,-1,2022-10-10 09:33:00+08:00,2022-10-12 13:41:00+08:00,922.96,891.08,638,345.41041865302935,341.41121849306177,False,2022
44329,45610,1,2022-10-12 13:49:00+08:00,2022-10-20 09:40:00+08:00,901.17,943.29,1281,467.3923898931398,463.20627016112945,False,2022
45676,46323,1,2022-10-20 10:46:00+08:00,2022-10-25 09:33:00+08:00,957.72,957.98,647,2.714780938060102,-1.2855049171445199,False,2022
46975,48727,1,2022-10-27 13:55:00+08:00,2022-11-08 09:37:00+08:00,1021.35,1051.98,1752,299.8971948891183,295.77805983817206,False,2022
49441,50403,1,2022-11-11 09:31:00+08:00,2022-11-17 09:33:00+08:00,1058.42,1025.09,962,-314.90334649761144,-318.77661050621066,False,2022
52801,55445,1,2022-12-01 09:31:00+08:00,2022-12-16 09:35:00+08:00,1009.13,982.57,2644,-263.1970112869497,-267.0909536939536,False,2022
56883,58079,1,2022-12-26 09:33:00+08:00,2022-12-30 14:59:00+08:00,930.56,960.88,1196,325.82530949105904,321.6958052681074,True,2022
0,865,1,2023-01-03 09:30:00+08:00,2023-01-06 13:25:00+08:00,960.51,992.64,865,334.5097916731743,330.3768143519692,False,2023
2165,3913,1,2023-01-16 09:35:00+08:00,2023-02-01 10:43:00+08:00,978.71,1011.08,1748,330.7414862420943,326.61001594165737,False,2023
4083,4345,1,2023-02-02 09:33:00+08:00,2023-02-03 09:55:00+08:00,1034.3,1025.1,262,-88.94904766508782,-92.91267532049119,False,2023
6676,7943,-1,2023-02-16 14:16:00+08:00,2023-02-24 09:53:00+08:00,1010.97,998.7,1267,121.3685866049441,117.36938644497653,False,2023
9122,10323,1,2023-03-03 09:32:00+08:00,2023-03-10 09:33:00+08:00,999.14,991.91,1201,-72.36223151910637,-76.3324925742881,False,2023
12492,13042,1,2023-03-23 09:42:00+08:00,2023-03-27 10:52:00+08:00,1046.14,1056.45,550,98.55277496319647,94.51416157588932,False,2023
14175,14482,1,2023-04-03 09:45:00+08:00,2023-04-04 10:52:00+08:00,1101.92,1131.28,307,266.4440249745881,262.33826851588924,False,2023
22085,22178,-1,2023-05-24 09:35:00+08:00,2023-05-24 11:08:00+08:00,1008.81,1020.8,93,-118.85290589902952,-122.8521060589971,False,2023
22184,24244,1,2023-05-24 11:14:00+08:00,2023-06-06 09:34:00+08:00,1021.93,1042.28,2060,199.13301302437515,195.05417558665306,False,2023
26900,27221,-1,2023-06-21 09:50:00+08:00,2023-06-26 11:11:00+08:00,1040.54,1023.37,321,165.01047533011626,161.01127517014868,False,2023
27229,27642,1,2023-06-26 11:19:00+08:00,2023-06-28 10:12:00+08:00,1028.68,996.14,413,-316.32772096278796,-320.2004153355287,False,2023
32164,35497,1,2023-07-25 09:34:00+08:00,2023-08-11 14:37:00+08:00,958.73,940.92,3333,-185.76658704744898,-189.69149543095364,False,2023
35521,36335,-1,2023-08-14 09:31:00+08:00,2023-08-17 11:05:00+08:00,932.72,913.25,814,208.74431769448475,204.7451175345172,False,2023
36482,36725,1,2023-08-18 09:32:00+08:00,2023-08-21 09:35:00+08:00,922.07,900.04,243,-238.91895409242304,-242.82260578044833,False,2023
37149,37217,1,2023-08-22 14:09:00+08:00,2023-08-23 09:47:00+08:00,892.13,889.47,68,-29.816282380370485,-33.803558412212055,False,2023
37685,37921,-1,2023-08-25 09:35:00+08:00,2023-08-28 09:31:00+08:00,877.01,920.92,236,-500.67844152290155,-504.6776416828691,False,2023
37927,39606,1,2023-08-28 09:37:00+08:00,2023-09-06 09:36:00+08:00,900.88,925.76,1679,276.174407246248,272.0647594129155,False,2023
42528,43685,1,2023-09-22 10:18:00+08:00,2023-10-09 09:35:00+08:00,873.98,882.8,1157,100.91764113595136,96.87808199132508,False,2023
44402,44642,1,2023-10-12 09:32:00+08:00,2023-10-13 09:32:00+08:00,899.22,892.48,240,-74.95384889126156,-78.92307350678252,False,2023
44904,45220,-1,2023-10-16 09:54:00+08:00,2023-10-17 11:10:00+08:00,880.18,878.67,316,17.15558181281107,13.156381652843496,False,2023
45232,45371,1,2023-10-17 11:22:00+08:00,2023-10-18 09:41:00+08:00,884.84,875.03,139,-110.86750146919289,-114.82236349619978,False,2023
46100,46358,-1,2023-10-23 09:50:00+08:00,2023-10-24 10:08:00+08:00,849.59,850.02,258,-5.061264845396263,-9.060465005363838,False,2023
46371,49113,1,2023-10-24 10:21:00+08:00,2023-11-08 13:33:00+08:00,854.8,899.12,2742,518.48385587272,514.2773036408176,False,2023
49444,49931,-1,2023-11-10 09:34:00+08:00,2023-11-14 09:41:00+08:00,885.7,902.16,487,-185.84170712430793,-189.8409072842755,False,2023
49938,50894,1,2023-11-14 09:48:00+08:00,2023-11-20 09:44:00+08:00,903.55,885.81,956,-196.33667201593764,-200.257353210892,False,2023
50991,51610,1,2023-11-20 11:21:00+08:00,2023-11-23 09:40:00+08:00,895.14,869.31,619,-288.5582143575316,-292.44201431179783,False,2023
53216,53522,1,2023-12-01 13:56:00+08:00,2023-12-05 09:32:00+08:00,867.33,856.81,306,-121.29178052183276,-125.2424736709945,False,2023
53530,54143,-1,2023-12-05 09:40:00+08:00,2023-12-07 13:23:00+08:00,854.58,849.35,613,61.19965363102331,57.20045347105574,False,2023
57650,58079,1,2023-12-28 10:20:00+08:00,2023-12-29 14:59:00+08:00,843.87,852.36,429,100.60791354118636,96.56847826282622,True,2023
0,6,1,2024-01-02 09:30:00+08:00,2024-01-02 09:36:00+08:00,850.97,845.08,6,-69.21513096818876,-73.18665061187279,False,2024
967,1488,-1,2024-01-08 09:37:00+08:00,2024-01-10 10:18:00+08:00,799.25,788.14,521,139.00531748514246,135.00611732517376,False,2024
2883,3067,-1,2024-01-18 09:33:00+08:00,2024-01-18 14:07:00+08:00,751.42,753.75,184,-31.007958265685254,-35.00715842565283,False,2024
3111,3564,1,2024-01-18 14:51:00+08:00,2024-01-22 14:24:00+08:00,768.65,746.18,453,-292.33070968581296,-296.21300094368695,False,2024
3584,3636,-1,2024-01-22 14:44:00+08:00,2024-01-23 10:06:00+08:00,735.71,749.83,52,-191.92344809775497,-195.92264825772253,False,2024
4802,5136,-1,2024-01-30 09:32:00+08:00,2024-01-31 11:06:00+08:00,712.39,697.29,334,211.96254860399554,207.96334844402685,False,2024
5327,5647,1,2024-02-01 10:17:00+08:00,2024-02-02 13:07:00+08:00,698.51,671.18,320,-391.26139926414896,-395.1041261590649,False,2024
5725,5738,-1,2024-02-02 14:25:00+08:00,2024-02-02 14:38:00+08:00,657.31,677.05,13,-300.31491990080815,-304.31412006077574,False,2024
5911,6966,1,2024-02-05 13:31:00+08:00,2024-02-20 09:36:00+08:00,674.97,752.84,1055,1153.6809043364892,1149.2203240908027,False,2024
8281,8475,1,2024-02-27 13:01:00+08:00,2024-02-28 10:45:00+08:00,784.45,795.01,194,134.616610363949,130.5635743270117,False,2024
12242,12317,1,2024-03-21 09:32:00+08:00,2024-03-21 10:47:00+08:00,822.79,808.39,75,-175.01428067915214,-178.94348912519175,False,2024
12727,12778,-1,2024-03-25 09:37:00+08:00,2024-03-25 10:28:00+08:00,787.64,795.82,51,-103.85455284140033,-107.8537530013679,False,2024
14659,15366,-1,2024-04-08 09:49:00+08:00,2024-04-11 09:36:00+08:00,748.64,741.23,707,98.9794827954682,94.98028263549952,False,2024
17044,17073,-1,2024-04-22 09:34:00+08:00,2024-04-22 10:03:00+08:00,721.46,735.19,29,-190.3085410140548,-194.3077411740224,False,2024
18018,19204,1,2024-04-26 09:48:00+08:00,2024-05-08 09:34:00+08:00,742.81,765.35,1186,303.442333840418,299.32178101744535,False,2024
19470,19687,1,2024-05-09 10:00:00+08:00,2024-05-10 09:37:00+08:00,773.55,772.57,217,-12.668864326803586,-16.66299795434756,False,2024
19693,20165,-1,2024-05-10 09:43:00+08:00,2024-05-14 09:35:00+08:00,771.32,768.58,472,35.52351812477372,31.524317964806148,False,2024
22449,24298,1,2024-05-27 13:09:00+08:00,2024-06-06 10:28:00+08:00,729.06,748.36,1849,264.7244396894632,260.6193709273397,False,2024
26643,27490,-1,2024-06-21 09:33:00+08:00,2024-06-26 13:10:00+08:00,747.71,722.0,847,343.84988832568797,339.8506881657193,False,2024
30004,30093,1,2024-07-11 09:34:00+08:00,2024-07-11 11:03:00+08:00,719.38,712.5,89,-95.63791042286441,-99.59886306816657,False,2024
31206,31327,-1,2024-07-18 09:36:00+08:00,2024-07-18 13:07:00+08:00,721.75,731.6,121,-136.47384828541664,-140.47304844538422,False,2024
33124,33195,-1,2024-07-30 09:34:00+08:00,2024-07-30 10:45:00+08:00,702.61,710.51,71,-112.43791007813586,-116.43711023810343,False,2024
33381,34112,1,2024-07-31 09:51:00+08:00,2024-08-05 10:02:00+08:00,717.88,718.59,731,9.89023235081099,5.88707688896406,False,2024
36048,36751,1,2024-08-15 10:18:00+08:00,2024-08-20 10:01:00+08:00,710.34,698.54,703,-166.117633809163,-170.0504002023606,False,2024
38485,38888,1,2024-08-29 10:55:00+08:00,2024-09-02 09:38:00+08:00,681.31,687.83,403,95.69799357120878,91.6605218681199,False,2024
38894,39161,-1,2024-09-02 09:44:00+08:00,2024-09-03 10:11:00+08:00,685.81,679.68,267,89.38335690643173,85.38415674646416,False,2024
39366,39666,-1,2024-09-04 09:36:00+08:00,2024-09-05 10:36:00+08:00,667.06,679.84,300,-191.5869636914236,-195.58616385139115,False,2024
40457,41791,1,2024-09-10 13:17:00+08:00,2024-09-20 10:01:00+08:00,658.45,644.84,1334,-206.6975472701038,-210.61408494366108,False,2024
42244,43924,1,2024-09-24 09:34:00+08:00,2024-10-10 09:34:00+08:00,648.75,957.01,1680,4751.5992292870915,4745.699769487337,False,2024
45486,46809,1,2024-10-18 13:06:00+08:00,2024-10-28 09:39:00+08:00,929.45,978.41,1323,526.7631394910954,522.5532762079555,False,2024
48262,48708,1,2024-11-05 09:52:00+08:00,2024-11-06 14:48:00+08:00,973.35,989.48,446,165.71634047362284,161.6508670321215,False,2024
48962,50177,1,2024-11-08 09:32:00+08:00,2024-11-15 09:47:00+08:00,1053.71,1012.91,1215,-387.2033102086914,-391.04766001464617,False,2024
51629,51827,-1,2024-11-25 09:59:00+08:00,2024-11-25 14:47:00+08:00,952.08,959.94,198,-82.55608772372192,-86.55528788368949,False,2024
52169,54123,1,2024-11-27 10:59:00+08:00,2024-12-09 13:03:00+08:00,978.28,998.02,1954,201.78272069346193,197.7028235846068,False,2024
54241,54979,1,2024-12-10 09:31:00+08:00,2024-12-13 09:49:00+08:00,1047.62,999.67,738,-457.70412935988156,-461.5202844771138,False,2024
4,1123,-1,2025-01-02 09:34:00+08:00,2025-01-08 13:43:00+08:00,976.79,956.1,1119,211.81625528516767,207.81705512519898,False,2025
1137,1682,1,2025-01-08 13:57:00+08:00,2025-01-13 09:32:00+08:00,969.65,941.13,545,-294.12674676429606,-298.00831975099305,False,2025
1688,2012,-1,2025-01-13 09:38:00+08:00,2025-01-14 11:02:00+08:00,941.25,974.35,324,-351.66002656042525,-355.65922672039284,False,2025
2762,4970,1,2025-01-17 13:02:00+08:00,2025-02-07 13:50:00+08:00,970.46,1019.34,2208,503.67866784823747,499.4780365073659,False,2025
5004,5046,-1,2025-02-07 14:24:00+08:00,2025-02-10 09:36:00+08:00,1003.47,1026.6,42,-230.500164429428,-234.49936458939558,False,2025
6242,8407,1,2025-02-17 09:32:00+08:00,2025-02-28 09:37:00+08:00,1036.61,1106.82,2165,677.3039040719265,673.0338365238065,False,2025
9364,10082,1,2025-03-06 09:34:00+08:00,2025-03-11 09:32:00+08:00,1106.57,1091.95,718,-132.11997433510646,-136.06633707282435,False,2025
11292,11548,1,2025-03-18 09:42:00+08:00,2025-03-19 09:58:00+08:00,1099.98,1080.4,256,-178.0032364224793,-181.93124952529004,False,2025
13040,13457,1,2025-03-27 10:50:00+08:00,2025-03-31 09:47:00+08:00,1051.16,1019.87,417,-297.67114425967577,-301.55129977086915,False,2025
14401,14617,-1,2025-04-07 09:31:00+08:00,2025-04-07 14:37:00+08:00,977.95,926.2,216,529.1681578812824,525.1689577213136,False,2025
14913,15849,1,2025-04-09 10:03:00+08:00,2025-04-15 09:39:00+08:00,979.35,1001.62,936,227.39572165211496,223.30558139150637,False,2025
18961,19443,1,2025-05-07 09:31:00+08:00,2025-05-09 09:33:00+08:00,1043.1,1017.8,482,-242.54625635126038,-246.44845740850795,False,2025
19449,19716,-1,2025-05-09 09:39:00+08:00,2025-05-12 10:06:00+08:00,1014.83,1012.56,267,22.36827843087097,18.369078270903394,False,2025
19924,20419,1,2025-05-13 09:34:00+08:00,2025-05-15 09:49:00+08:00,1018.17,1005.73,495,-122.17998958916398,-126.13032752574082,False,2025
22818,23042,1,2025-05-29 09:48:00+08:00,2025-05-30 09:32:00+08:00,977.71,979.17,224,14.932853300058113,10.927681193160232,False,2025
23048,23288,-1,2025-05-30 09:38:00+08:00,2025-06-03 09:38:00+08:00,975.91,983.51,240,-77.87603365064344,-81.87523381061101,False,2025
24618,24742,-1,2025-06-10 13:18:00+08:00,2025-06-11 09:52:00+08:00,983.66,989.41,124,-58.45515726978778,-62.45435742975536,False,2025
24966,25373,-1,2025-06-12 09:36:00+08:00,2025-06-13 13:53:00+08:00,975.64,975.4,407,2.459923742363923,-1.5392764176036522,False,2025
26073,26273,1,2025-06-18 13:33:00+08:00,2025-06-19 11:23:00+08:00,971.19,964.89,200,-64.86887220832239,-68.84213000787898,False,2025
26889,27178,1,2025-06-24 09:39:00+08:00,2025-06-25 10:28:00+08:00,970.2,977.37,289,73.90228818800138,69.87353302375877,False,2025
27391,28090,1,2025-06-26 10:01:00+08:00,2025-07-01 09:40:00+08:00,1004.3,996.04,699,-82.2463407348406,-86.21264893690639,False,2025
28932,28987,1,2025-07-04 13:12:00+08:00,2025-07-04 14:07:00+08:00,990.48,986.64,55,-38.769081657378244,-42.75277728558957,False,2025
30012,31870,1,2025-07-11 09:42:00+08:00,2025-07-22 14:10:00+08:00,987.28,1012.53,1858,255.75318045539365,251.65169947940714,False,2025
31947,32125,1,2025-07-23 09:57:00+08:00,2025-07-23 14:25:00+08:00,1022.23,1019.46,178,-27.097619909413062,-31.0859831887933,False,2025
32588,33123,1,2025-07-25 14:08:00+08:00,2025-07-30 09:33:00+08:00,1042.24,1060.41,535,174.33604544059068,170.26712480654015,False,2025
34802,35333,-1,2025-08-08 09:32:00+08:00,2025-08-12 10:23:00+08:00,1049.4,1053.26,531,-36.782923575375825,-40.782123735343404,False,2025
35415,35890,1,2025-08-12 13:15:00+08:00,2025-08-14 13:10:00+08:00,1072.75,1091.07,475,170.77604288044722,166.70854596267935,False,2025
36878,39378,1,2025-08-20 13:38:00+08:00,2025-09-04 09:48:00+08:00,1130.64,1286.54,2500,1378.865067572348,1374.3144316724986,False,2025
40644,41954,1,2025-09-11 10:54:00+08:00,2025-09-18 14:14:00+08:00,1309.96,1371.25,1310,467.87688173684614,463.6905682468484,False,2025
43688,44162,1,2025-09-30 09:38:00+08:00,2025-10-10 09:32:00+08:00,1497.61,1510.72,474,87.53947957078401,83.50527062074508,False,2025
44168,46229,-1,2025-10-10 09:38:00+08:00,2025-10-22 13:29:00+08:00,1491.37,1414.74,2061,513.8228608594775,509.8236606995088,False,2025
46565,47539,1,2025-10-24 09:35:00+08:00,2025-10-30 09:49:00+08:00,1423.67,1471.97,974,339.2640148348991,335.12913620469044,False,2025
47765,48723,-1,2025-10-31 09:35:00+08:00,2025-11-06 09:33:00+08:00,1437.96,1411.61,958,183.2457091991446,179.24650903917706,False,2025
51362,52107,-1,2025-11-21 09:32:00+08:00,2025-11-26 09:57:00+08:00,1306.88,1320.25,745,-102.30472575905924,-106.30392591902682,False,2025
54488,55041,-1,2025-12-10 09:38:00+08:00,2025-12-12 10:51:00+08:00,1331.3,1335.92,553,-34.70292195598468,-38.70212211595225,False,2025
56407,57156,1,2025-12-22 09:37:00+08:00,2025-12-25 10:06:00+08:00,1325.51,1340.46,749,112.78677641058943,108.74247056119613,False,2025
57606,57731,1,2025-12-29 09:36:00+08:00,2025-12-29 13:11:00+08:00,1360.39,1348.87,125,-84.68159865920977,-88.64693295288717,False,2025
