year,view,scope,cost_bps,policy,cagr,total_log_return,mdd,daily_mdd,longest_underwater_days,mean_exposure,turnover,cost_log,daily_sharpe
2025,0,annual,0,baseline,0.6548712918654269,0.503723236539237,0.09279838897474747,0.07523284477150731,34,1.0,1399.0,0.0,2.120294832924432
2025,0,annual,0,constant_075,0.45906005055902166,0.37779242740442776,0.07043907468891392,0.05697263051535995,34,0.75,1049.25,0.0,2.1202948329244324
2025,0,annual,0,constant_050,0.28641800821716845,0.2518616182696185,0.047528682308358154,0.03835185476781962,34,0.5,699.5,0.0,2.120294832924432
2025,0,annual,0,slow_conflict_half,0.5296522193698123,0.42504040196462584,0.09185467868271563,0.07065033295001029,55,0.8287465706447188,1164.5,0.0,2.0363470551717007
2025,0,annual,0,chop_half,0.6092458291241474,0.47576564013374323,0.10557595462056062,0.08659389347400401,42,0.9372427983539094,1407.0,0.0,2.0435717712530885
2025,0,annual,0,slow_conflict_half_matched_constant,0.5180990160884645,0.41745890483595116,0.07754077174438204,0.06276291380647915,34,0.8287465706447189,1159.4164523319616,0.0,2.120294832924432
2025,0,annual,0,chop_half_matched_constant,0.6033753097272576,0.4721109758099228,0.0872366300227615,0.07068251519543128,34,0.9372427983539094,1311.202674897119,0.0,2.1202948329244324
2025,0,annual,1,baseline,0.4387997364626425,0.36380924967462397,0.09876679904769753,0.08000542236808665,56,1.0,1399.0,0.13991398686461298,1.5156859508684655
2025,0,annual,1,constant_075,0.31371573370371486,0.27285956005532364,0.07502937518310604,0.060624816662439886,56,0.75,1049.25,0.10493286734910412,1.5157009116057656
2025,0,annual,1,constant_050,0.19950398053409674,0.18190812178655932,0.05066681380097128,0.04083613340738893,56,0.5,699.5,0.06995349648305915,1.5157158713533112
2025,0,annual,1,slow_conflict_half,0.36149172418623376,0.3085809546601984,0.10062187372051065,0.0804414813591223,74,0.8287465706447188,1164.5,0.1164594473044273,1.4648788075148216
2025,0,annual,1,chop_half,0.39801469619560786,0.33505315605651337,0.11039322757648856,0.09114989810937031,76,0.9372427983539094,1407.0,0.14071248407722986,1.4246870508318128
2025,0,annual,1,slow_conflict_half_matched_constant,0.3518954616296182,0.3015076533514599,0.0825730142418501,0.0667730657780539,56,0.8287465706447189,1159.4164523319616,0.11595125148449123,1.5156961992855233
2025,0,annual,1,chop_half_matched_constant,0.40632289493390006,0.3409784220245736,0.09286590281015582,0.07517823007163962,56,0.9372427983539094,1311.202674897119,0.13113255378534905,1.5156897065375456
2025,0,annual,3,baseline,0.08751722309015832,0.08389732117957652,0.16036199205609622,0.1475161082260147,179,1.0,1399.0,0.4198259153596604,0.3423468670756395
2025,0,annual,3,constant_075,0.06496997587660555,0.06294660709883687,0.12285199328634794,0.11280105530878326,179,0.75,1049.25,0.31484582030559094,0.3424761610184024
2025,0,annual,3,constant_050,0.042873773043659,0.04198014572607756,0.08367163773123691,0.07668137286859798,179,0.5,699.5,0.20988147254354092,0.3426054297034746
2025,0,annual,3,slow_conflict_half,0.07853685339600032,0.07560535723776149,0.15569143167952554,0.1438105805217365,165,0.8287465706447188,1164.5,0.3494350447268643,0.3522901945880217
2025,0,annual,3,chop_half,0.055013175036299454,0.05355325503611891,0.1859741505806889,0.1784690206313451,186,0.9372427983539094,1407.0,0.42221238509762427,0.2231085214440784
2025,0,annual,3,slow_conflict_half_matched_constant,0.07202297440185586,0.06954749376397705,0.13484391577611082,0.12388474909004396,179,0.8287465706447189,1159.4164523319616,0.3479114110719742,0.34243543792533265
2025,0,annual,3,chop_half_matched_constant,0.08181433241001085,0.07863956903632191,0.1510989826657841,0.1389306623325263,179,0.9372427983539094,1311.202674897119,0.3934714067736009,0.3423793259546401
2025,0,annual,5,baseline,-0.17809184330035532,-0.19612662167733524,0.29002975257110875,0.283760219456809,238,1.0,1399.0,0.6998498582165722,-0.7837068645044459
2025,0,annual,5,constant_075,-0.13673134696510805,-0.1470293350278555,0.22652214455259218,0.22140508938948672,238,0.75,1049.25,0.5248217624322833,-0.7833623399757133
2025,0,annual,5,constant_050,-0.0933291706007014,-0.0979758171215171,0.15735670900044052,0.15364442825572544,238,0.5,699.5,0.34983743539113554,-0.7830179257543526
2025,0,annual,5,slow_conflict_half,-0.14567695693903665,-0.15744588615665078,0.26681017742070073,0.2603355992417212,238,0.8287465706447188,1164.5,0.5824862881212767,-0.7199026359232006
2025,0,annual,5,chop_half,-0.2039128543218302,-0.2280466196350084,0.32548455651743613,0.31072200162315533,238,0.9372427983539094,1407.0,0.7038122597687516,-0.9306306961030043
2025,0,annual,5,slow_conflict_half_matched_constant,-0.14997505579900075,-0.16248958380954118,0.2471139727226551,0.24160824922548607,238,0.8287465706447189,1159.4164523319616,0.5799484886454923,-0.7834708485729265
2025,0,annual,5,chop_half_matched_constant,-0.16789585577662877,-0.18379767264905986,0.2745934426305663,0.26859128910962865,238,0.9372427983539094,1311.202674897119,0.6559086484589827,-0.7836203685502344
2025,0,cumulative,0,baseline,0.8657176697500755,3.118228942965259,0.14323804733417234,0.1163695888702462,71,0.9999828107810781,6968.0,0.0,2.5863162335115666
2025,0,cumulative,0,constant_075,0.5963732561376641,2.3386717072239445,0.10947702401356466,0.08861266189292369,71,0.7499871080858086,5226.0,0.0,2.586316233511566
2025,0,cumulative,0,constant_050,0.3659127606659495,1.5591144714826295,0.074385635015409,0.05998382400633456,71,0.49999140539053905,3484.0,0.0,2.5863162335115666
2025,0,cumulative,0,slow_conflict_half,0.7370652482442605,2.7609852515475932,0.10676913456864331,0.09110598720188785,71,0.8310643564356436,5761.0,0.0,2.6362431849444206
2025,0,cumulative,0,chop_half,0.805358478198197,2.9537958747289528,0.12403523251617647,0.10036642290319413,119,0.9326268564356436,6961.0,0.0,2.5105456614618396
2025,0,cumulative,0,slow_conflict_half_matched_constant,0.6791684406835599,2.5914934754531043,0.12056950130469891,0.09770886958190879,71,0.8310643564356435,5790.955977653632,0.0,2.5863162335115666
2025,0,cumulative,0,chop_half_matched_constant,0.7889678067607747,2.9081940463084583,0.1342699011478185,0.10897537278222513,71,0.9326268564356438,6498.6556424580995,0.0,2.586316233511566
2025,0,cumulative,1,baseline,0.6229928007167637,2.421359263675199,0.15159413837798,0.12596298895217703,129,0.9999828107810781,6968.0,0.6968696792900602,1.985483318024195
2025,0,cumulative,1,constant_075,0.4379327657063035,1.8160325139298474,0.11599885992733884,0.09604365602289601,129,0.7499871080858086,5226.0,0.5226391932940971,1.985498172010198
2025,0,cumulative,1,constant_050,0.27397178556227186,1.2106970528214591,0.07891027721282633,0.0651002771075006,129,0.49999140539053905,3484.0,0.3484174186611705,1.9855130250142095
2025,0,cumulative,1,slow_conflict_half,0.5480061449676014,2.18483872388485,0.11653358501439207,0.10136450748216802,125,0.8310643564356436,5761.0,0.5761465276627432,2.065162136276517
2025,0,cumulative,1,chop_half,0.570708675837164,2.257634516998994,0.13738675731554434,0.12887554116550537,129,0.9326268564356436,6961.0,0.6961613577299586,1.8981167773709187
2025,0,cumulative,1,slow_conflict_half_matched_constant,0.4955139849119543,2.012349751863822,0.12770358661458397,0.10585747143012843,129,0.8310643564356435,5790.955977653632,0.5791437235892827,1.9854933547537417
2025,0,cumulative,1,chop_half_matched_constant,0.5709076522985979,2.2582678739748854,0.142147268618816,0.11800071011205802,129,0.9326268564356438,6498.6556424580995,0.6499261723335736,1.985487320207252
2025,0,cumulative,3,baseline,0.22806570305692112,1.027201662058352,0.2749960914809726,0.26625242326979515,449,0.9999828107810781,6968.0,2.091027280906907,0.8231863846915838
2025,0,cumulative,3,constant_075,0.1666119507868589,0.7705188970095052,0.2142715194181954,0.2071751673935087,449,0.7499871080858086,5226.0,1.568152810214439,0.8233142250566459
2025,0,cumulative,3,constant_050,0.10821602366181943,0.5137576826263247,0.14848333676497633,0.14336400891333823,449,0.49999140539053905,3484.0,1.045356788856305,0.8234420405024402
2025,0,cumulative,3,slow_conflict_half,0.2293103018628769,1.0322664096178795,0.20078632694111875,0.19335370407398858,411,0.8310643564356436,5761.0,1.7287188419297133,0.9560595581079802
2025,0,cumulative,3,chop_half,0.1888526747675921,0.8649435159592714,0.3025338273273372,0.29407001858215026,459,0.9326268564356436,6961.0,2.0888523587696817,0.7114944659923362
2025,0,cumulative,3,slow_conflict_half_matched_constant,0.1861997275554457,0.8537734537201613,0.23450078369833105,0.22683600431957537,449,0.8310643564356435,5790.955977653632,1.7377200217329432,0.8232727672945993
2025,0,cumulative,3,chop_half_matched_constant,0.2111984803240362,0.9580517450701425,0.25911092054222995,0.2507808972181093,449,0.9326268564356438,6498.6556424580995,1.950142301238316,0.8232208309757986
2025,0,cumulative,5,baseline,-0.07086645002347738,-0.367513968989553,0.5518696820317397,0.5464315841671984,886,0.9999828107810781,6968.0,3.4857429119548113,-0.2878263224559699
2025,0,cumulative,5,constant_075,-0.053573251645432356,-0.27530851725877287,0.45222413411462103,0.44724618001327165,886,0.7499871080858086,5226.0,2.6139802244827175,-0.28748696922041644
2025,0,cumulative,5,constant_050,-0.036000229306513074,-0.18332111120723285,0.3304726062031778,0.32642247163396304,886,0.49999140539053905,3484.0,1.7424355826898623,-0.2871477242612324
2025,0,cumulative,5,slow_conflict_half,-0.023846754756371047,-0.12067845662546464,0.45266566586936596,0.4473185823157094,590,0.8310643564356436,5761.0,2.8816637081730576,-0.10949899121704955
2025,0,cumulative,5,chop_half,-0.10025849035436481,-0.5282388420789973,0.5736250431493135,0.5678814392588486,1211,0.9326268564356436,6961.0,3.4820347168079495,-0.425093140574108
2025,0,cumulative,5,slow_conflict_half_matched_constant,-0.05921217074401068,-0.30518819255800195,0.4867526012188003,0.48158167536070096,886,0.8310643564356435,5790.955977653632,2.896681668011106,-0.2875970145520451
2025,0,cumulative,5,chop_half_matched_constant,-0.06623450309501415,-0.34264973127586734,0.5269561930465563,0.5216046050760602,886,0.9326268564356438,6498.6556424580995,3.250843777584326,-0.28773488038044454
2025,0,cumulative_simple_equity,0,baseline,0.8035604640886836,2.9488137338523277,0.14646405779376273,0.11994943359368546,83,0.9999828107810781,6968.0,0.0,2.4479078234528138
2025,0,cumulative_simple_equity,0,slow_conflict_half,0.696080316346825,2.641599462925034,0.10869077152188021,0.0917362710754128,72,0.8310643564356436,5761.0,0.0,2.524945887757627
2025,0,cumulative_simple_equity,0,chop_half,0.7495110423020056,2.796681722479437,0.12813588562352018,0.10413726019723855,120,0.9326268564356436,6961.0,0.0,2.379721869107568
2025,1,annual,0,baseline,0.13873598074288368,0.12991885842328177,0.17198498790461975,0.15668017939155388,105,1.0,1391.0,0.0,0.5177802761698083
2025,1,annual,0,constant_075,0.10234435505274087,0.09743914381746141,0.13198214621660345,0.11997657873327935,105,0.75,1043.25,0.0,0.5177802761698082
2025,1,annual,0,constant_050,0.06711572977952288,0.06495942921164088,0.0900466978490708,0.08167553631167697,105,0.5,695.5,0.0,0.5177802761698083
2025,1,annual,0,slow_conflict_half,0.14347478394614233,0.1340716825944815,0.15555636822091096,0.14192659229485186,76,0.8282340311325819,1160.5,0.0,0.6118421769515842
2025,1,annual,0,chop_half,0.1911075833727781,0.17488361658143525,0.14926439548850692,0.13791111932571087,105,0.9325013419216318,1385.0,0.0,0.7246497031450243
2025,1,annual,0,slow_conflict_half_matched_constant,0.11360580101813605,0.10760321983205787,0.14470396866971713,0.13163100091814908,105,0.8282340311325819,1152.0735373054213,0.0,0.517780276169808
2025,1,annual,0,chop_half_matched_constant,0.12879366549036847,0.1211495098206368,0.16136975417936134,0.14692399271458492,105,0.9325013419216318,1297.10936661299,0.0,0.5177802761698077
2025,1,annual,1,baseline,-0.009152903247429376,-0.009195048430662857,0.18578081031910385,0.16950762392933624,133,1.0,1391.0,0.13911390685394473,-0.03625152586064111
2025,1,annual,1,constant_075,-0.006869971632508482,-0.0068936785271422225,0.14285136648827518,0.13003481155205543,133,0.75,1043.25,0.10433282234460362,-0.036237827344363684
2025,1,annual,1,constant_050,-0.004583510776150506,-0.004594047270084788,0.09765867114372093,0.08868607170715302,133,0.5,695.5,0.06955347648172572,-0.03622412973382805
2025,1,annual,1,slow_conflict_half,0.018175505268148952,0.01801230530038911,0.16775511522823017,0.1574095194703516,77,0.8282340311325819,1160.5,0.11605937729409238,0.08138214661008235
2025,1,annual,1,chop_half,0.037040989071041856,0.03637145505354664,0.1631456982323318,0.1504072325808048,133,0.9325013419216318,1385.0,0.13851216152788864,0.14914202715949107
2025,1,annual,1,slow_conflict_half_matched_constant,-0.0075847627942519326,-0.007613673387008208,0.15652339986982977,0.14258486701118675,133,0.8282340311325819,1152.0735373054213,0.11521689321906606,-0.036242114007584085
2025,1,annual,1,chop_half_matched_constant,-0.008536871747950654,-0.008573519558401431,0.17440658593735037,0.15903013945247355,133,0.9325013419216318,1297.10936661299,0.1297230293790382,-0.0362478272455103
2025,1,annual,3,baseline,-0.2498681865655203,-0.2875063366482489,0.2796676185861016,0.2685923582742616,192,1.0,1391.0,0.41742519507153075,-1.1091251065921182
2025,1,annual,3,constant_075,-0.19394739460558055,-0.21560627136658853,0.21808803487360254,0.2090887293290748,192,0.75,1043.25,0.3130454151840499,-1.109007043416314
2025,1,annual,3,constant_050,-0.13387138328076736,-0.14372186329589187,0.15125477946097476,0.14475488025641453,192,0.5,695.5,0.2086812925075328,-1.1088890032708096
2025,1,annual,3,slow_conflict_half,-0.19278298558685383,-0.2141627318532543,0.21774649883875774,0.21241253444678249,242,0.8282340311325819,1160.5,0.34823441444773573,-0.94832199955154
2025,1,annual,3,chop_half,-0.2139429171379612,-0.24072586468355162,0.25285766882920513,0.24377421883340153,192,0.9325013419216318,1385.0,0.41560948126498687,-0.966543232560422
2025,1,annual,3,slow_conflict_half_matched_constant,-0.21187984179913116,-0.23810471572243458,0.23790323346316714,0.22821124031422654,192,0.8282340311325819,1152.0735373054213,0.34570793555449253,-1.109043987172802
2025,1,annual,3,chop_half_matched_constant,-0.23516271084513457,-0.2680921616933684,0.2635351704602517,0.25298163366498566,192,0.9325013419216318,1297.10936661299,0.3892416715140051,-1.1090932278983368
2025,1,annual,5,baseline,-0.4321676137606189,-0.5659289984589562,0.44791058274788376,0.4421060218303153,242,1.0,1391.0,0.695847856882238,-2.1361175062817797
2025,1,annual,5,constant_075,-0.34582572863978367,-0.42438149305200523,0.35947607521873953,0.35443191089089215,242,0.75,1043.25,0.5218206368694667,-2.135803652577368
2025,1,annual,5,constant_050,-0.2463879048435787,-0.28287750601276546,0.2569082768836,0.2530121065503255,242,0.5,695.5,0.3478369352244064,-2.1354898991477307
2025,1,annual,5,slow_conflict_half,-0.3600804759675611,-0.44641285423413546,0.3794978832115609,0.3754543098679346,242,0.8282340311325819,1160.5,0.5804845368286169,-1.9370272370124957
2025,1,annual,5,chop_half,-0.40424190460353665,-0.5179205745157297,0.4195642225337091,0.4146690785484533,242,0.9325013419216318,1385.0,0.692804191097165,-2.0359135429232067
2025,1,annual,5,slow_conflict_half_matched_constant,-0.3741672658489103,-0.46867214142745167,0.38857261107152036,0.3832531445073776,242,0.8282340311325819,1152.0735373054213,0.5762753612595095,-2.1359018579568345
2025,1,annual,5,chop_half_matched_constant,-0.4100441892155846,-0.5277076418628576,0.42531092929692255,0.4196785855740806,242,0.9325013419216318,1297.10936661299,0.6488571516834944,-2.136032757581201
2025,1,cumulative,0,baseline,0.6603655226120957,2.5351888623693566,0.20133730150720233,0.1790731598882968,148,0.9999820634237336,6732.0,0.0,2.050210444088974
2025,1,cumulative,0,constant_075,0.4626916428062417,1.9013916467770173,0.1551637291390743,0.13756109136514816,148,0.7499865475678003,5049.0,0.0,2.0502104440889735
2025,1,cumulative,0,constant_050,0.2885517151484824,1.2675944311846783,0.10632069594691987,0.09394986887495943,148,0.4999910317118668,3366.0,0.0,2.050210444088974
2025,1,cumulative,0,slow_conflict_half,0.5816770224230436,2.292428453710137,0.15555636822091456,0.14192659229485208,89,0.8303020519443248,5574.0,0.0,2.1402632840158144
2025,1,cumulative,0,chop_half,0.6595378713487369,2.532695864283898,0.17576053307959014,0.17323358171050549,148,0.937221983067872,6702.0,0.0,2.119557878472748
2025,1,cumulative,0,slow_conflict_half_matched_constant,0.52348740800485,2.105010271168945,0.17028168336001231,0.1511214944222545,148,0.8303020519443246,5589.693673656078,0.0,2.050210444088974
2025,1,cumulative,0,chop_half_matched_constant,0.6083607141932792,2.3760773517340246,0.18998848665578869,0.16884348992785086,148,0.9372219830678722,6309.491560689494,0.0,2.0502104440889735
2025,1,cumulative,1,baseline,0.4511905792756355,1.8619215433940104,0.2431887699532054,0.23169573794288198,318,0.9999820634237336,6732.0,0.6732673189753463,1.489401616613634
2025,1,cumulative,1,constant_075,0.3221917234582283,1.3964537811156852,0.18858728064022767,0.17936305388520377,318,0.7499865475678003,5049.0,0.5049378656613323,1.4894154873728669
2025,1,cumulative,1,constant_050,0.2046577726583187,0.9309776025628442,0.13004798632646553,0.12346727925133041,318,0.4999910317118668,3366.0,0.3366168286218342,1.489429357214792
2025,1,cumulative,1,slow_conflict_half,0.41481208513161066,1.7349836012455033,0.16775511522823147,0.15740951947035178,163,0.8303020519443248,5574.0,0.5574448524646333,1.603957513957686
2025,1,cumulative,1,chop_half,0.4513400482535046,1.8624365042925572,0.21463049647757734,0.21131409722611266,152,0.937221983067872,6702.0,0.6702593599913413,1.542557803590915
2025,1,cumulative,1,slow_conflict_half_matched_constant,0.3623333098510569,1.545994493386118,0.20654522119978536,0.1965531295329718,318,0.8303020519443246,5589.693673656078,0.5590157777828276,1.489411031244859
2025,1,cumulative,1,chop_half_matched_constant,0.41766877163117716,1.745069062057427,0.22983671684140802,0.21888015809253736,318,0.9372219830678722,6309.491560689494,0.6310082896765979,1.489405098882191
2025,1,cumulative,3,baseline,0.10848760251468072,0.5149828299622747,0.468370420511082,0.46391764746664604,583,0.9999820634237336,6732.0,2.0202060324070823,0.4030221518804446
2025,1,cumulative,3,constant_075,0.08033389730886495,0.38635078764803854,0.3773821545023098,0.3734750659413598,583,0.7499865475678003,5049.0,1.515040859128979,0.4031417524340233
2025,1,cumulative,3,constant_050,0.05287928839464784,0.2576429533906125,0.27083774050695086,0.26779045061849394,583,0.4999910317118668,3366.0,1.009951477794066,0.40326132964962114
2025,1,cumulative,3,slow_conflict_half,0.13197618143692705,0.6198246921308338,0.3636505142115421,0.35838650419986146,580,0.8303020519443248,5574.0,1.6726037615793032,0.5617691387627469
2025,1,cumulative,3,chop_half,0.10994703491361585,0.521561489458722,0.45720800855126414,0.4515141359478625,583,0.937221983067872,6702.0,2.0111343748251764,0.4230643961901637
2025,1,cumulative,3,slow_conflict_half_matched_constant,0.08930173030475182,0.42768438280331206,0.4081935805956969,0.4040807684426688,583,0.8303020519443246,5589.693673656078,1.6773258883656335,0.40310333117454444
2025,1,cumulative,3,chop_half_matched_constant,0.10135309430363323,0.4826975479964757,0.446860269234919,0.44251923411639016,583,0.9372219830678722,6309.491560689494,1.8933798037375493,0.4030521791748475
2025,1,cumulative,5,baseline,-0.1533763381722588,-0.8324950102225981,0.6594984606488075,0.654446393810849,887,0.9999820634237336,6732.0,3.3676838725919547,-0.6373396372580301
2025,1,cumulative,5,constant_075,-0.11733635569107789,-0.6240553736026102,0.5542025992789603,0.5492508919991229,887,0.7499865475678003,5049.0,2.5254470203796275,-0.63702157300592
2025,1,cumulative,5,constant_050,-0.079800955219156,-0.41582639658667286,0.4163885210212375,0.41207475466658466,887,0.4999910317118668,3366.0,1.683420827771351,-0.636703610418755
2025,1,cumulative,5,slow_conflict_half,-0.0943828834584592,-0.4956933546858317,0.5587924852301412,0.5546673662137178,886,0.8303020519443248,5574.0,2.7881218083959687,-0.4403832075686256
2025,1,cumulative,5,chop_half,-0.15122214095936587,-0.8197888851798703,0.654352634714567,0.6491882261874952,887,0.937221983067872,6702.0,3.352484749463769,-0.6511643212046382
2025,1,cumulative,5,slow_conflict_half_matched_constant,-0.12907504727173738,-0.6909973401834292,0.5911662122642422,0.5861358202035056,887,0.8303020519443246,5589.693673656078,2.796007611352375,-0.6371237457151547
2025,1,cumulative,5,chop_half_matched_constant,-0.14446604966317736,-0.7801475082425215,0.6356666051263251,0.6306025326534745,887,0.9372219830678722,6309.491560689494,3.1562248599765463,-0.6372597793131182
2025,1,cumulative_simple_equity,0,baseline,0.6037343521979451,2.3616743994590657,0.20462409323809125,0.18271366742792347,148,0.9999820634237336,6732.0,0.0,1.9082771879156886
2025,1,cumulative_simple_equity,0,slow_conflict_half,0.5426586423642221,2.1675365953542616,0.15741295509961775,0.1438000909778793,90,0.8303020519443248,5574.0,0.0,2.022352647198282
2025,1,cumulative_simple_equity,0,chop_half,0.6071610849139799,2.372346606275266,0.18283533633721413,0.18020928453762092,149,0.937221983067872,6702.0,0.0,1.9846110557021208
2025,2,annual,0,baseline,0.2357905297364279,0.21171087034982478,0.15455573327893568,0.13473847331230301,45,1.0,1405.0,0.0,0.8936532610750347
2025,2,annual,0,constant_075,0.17208375599667933,0.15878315276236857,0.11831442085877979,0.1028593296322463,45,0.75,1053.75,0.0,0.8936532610750347
2025,2,annual,0,constant_050,0.11166115778884166,0.10585543517491239,0.08051956697215991,0.06980565112031722,45,0.5,702.5,0.0,0.8936532610750347
2025,2,annual,0,slow_conflict_half,0.2072325678862627,0.18833060614459834,0.15734379332864706,0.1406172031906277,76,0.8285918769010556,1170.0,0.0,0.8929602251523424
2025,2,annual,0,chop_half,0.1800750460250395,0.16557803478159022,0.15520011952849483,0.13628301266142326,151,0.9351851851851852,1416.0,0.0,0.7205133295258215
2025,2,annual,0,slow_conflict_half_matched_constant,0.19174891827370819,0.17542190742351732,0.12987186897746014,0.11300567581185288,45,0.828591876901056,1164.1715870459832,0.0,0.8936532610750342
2025,2,annual,0,chop_half_matched_constant,0.21894882622868939,0.19798886949381755,0.14530540670698505,0.12658393943150212,45,0.9351851851851853,1313.9351851851852,0.0,0.8936532610750346
2025,2,annual,1,baseline,0.07379255265465498,0.07119682347721054,0.16280144172012512,0.14322288511435963,179,1.0,1405.0,0.1405140468726142,0.29727768982508207
2025,2,annual,1,constant_075,0.054851766806868894,0.05340025165988911,0.12477153519469063,0.1094650339156252,179,0.75,1053.75,0.1053829011024795,0.29729243526258203
2025,2,annual,1,constant_050,0.03624326048350302,0.035601923690853174,0.08501422492514737,0.07437720861601135,179,0.5,702.5,0.07025351148405923,0.29730717972513043
2025,2,annual,1,slow_conflict_half,0.07392600018404982,0.07132109258071127,0.16514485692768033,0.14891364695892764,154,0.8285918769010556,1170.0,0.1170095135638871,0.33492880981501233
2025,2,annual,1,chop_half,0.024254978638888758,0.02396549819835944,0.19706466716708884,0.18638646030004036,198,0.9351851851851852,1416.0,0.14161253658323075,0.10317487913714532
2025,2,annual,1,slow_conflict_half_matched_constant,0.0607700481045383,0.05899510485526939,0.13690945493680143,0.12021831828352693,179,0.828591876901056,1164.1715870459832,0.11642680256824797,0.29728779988122245
2025,2,annual,1,chop_half_matched_constant,0.0688497455562666,0.06658306608939052,0.15310346519494386,0.13459571370739595,179,0.9351851851851853,1313.9351851851852,0.13140580340442698,0.2972815128099086
2025,2,annual,3,baseline,-0.18934732585569322,-0.20991558522593295,0.284432866416845,0.2738135880571391,238,1.0,1405.0,0.4216264555757577,-0.8575134150897514
2025,2,annual,3,constant_075,-0.14564883662784273,-0.15741297138437813,0.22197305394289918,0.21332939241412918,238,0.75,1053.75,0.3161961241467467,-0.857386350397302
2025,2,annual,3,constant_050,-0.0996090061574038,-0.10492617239563459,0.15407019939168118,0.1478164005780356,238,0.5,702.5,0.21078160757054698,-0.8572593104870572
2025,2,annual,3,slow_conflict_half,-0.15020066606136587,-0.16275503508776018,0.2379148248207688,0.22558830860574056,242,0.8285918769010556,1170.0,0.35108564123235847,-0.7496137388952819
2025,2,annual,3,chop_half,-0.22843535778111165,-0.2593348229781077,0.3343877717039495,0.32533334879800246,238,0.9351851851851852,1416.0,0.424912857759698,-1.0926348237168753
2025,2,annual,3,slow_conflict_half_matched_constant,-0.15963283599996447,-0.17391638264511267,0.2421736908598689,0.23286680234967203,238,0.828591876901056,1164.1715870459832,0.34933829006863,-0.8574262927367994
2025,2,annual,3,chop_half_matched_constant,-0.17823620366886983,-0.19630227761478616,0.2687373231948976,0.25859336447787873,238,0.9351851851851853,1313.9351851851852,0.39429114710860375,-0.8574804700116168
2025,2,annual,5,baseline,-0.3880719011233841,-0.49114048886749806,0.4237313575619008,0.4120282110727689,238,1.0,1405.0,0.7028513592173227,-1.9626467334060023
2025,2,annual,5,constant_075,-0.3080831252974305,-0.36828945384202716,0.3385502957746631,0.3285009205536033,238,0.75,1053.75,0.5270726066043957,-1.9623090673358734
2025,2,annual,5,constant_050,-0.21767292807933789,-0.2454823753412701,0.24081095066674005,0.23314077772854028,238,0.5,702.5,0.35133781051618246,-1.9619715091012067
2025,2,annual,5,slow_conflict_half,-0.32760367261336226,-0.39690733940988965,0.3586974376288853,0.3516118759499631,242,0.8285918769010556,1170.0,0.585237945554488,-1.7925699283555734
2025,2,annual,5,chop_half,-0.4188436993382222,-0.5427355382377301,0.4508166346451915,0.4409475700289557,238,0.9351851851851852,1416.0,0.7083135730193205,-2.237479383512616
2025,2,annual,5,slow_conflict_half_matched_constant,-0.33429262993348713,-0.40690508928382285,0.3666014206795141,0.35596137752133633,238,0.828591876901056,1164.1715870459832,0.5823269967073403,-1.9624152069525143
2025,2,annual,5,chop_half_matched_constant,-0.3682654560782958,-0.4592859985110146,0.40275968527880046,0.3914242037544923,238,0.9351851851851853,1313.9351851851852,0.6572748680048321,-1.9625591799929438
2025,2,cumulative,0,baseline,0.5227508528184583,2.102592353929121,0.19374041523146904,0.17773610951504218,334,0.9999820634237336,6832.0,0.0,1.7172886298582084
2025,2,cumulative,0,constant_075,0.3707922441329385,1.576944265446841,0.14914379981531278,0.13650780963102788,334,0.7499865475678003,5124.0,0.0,1.7172886298582084
2025,2,cumulative,0,constant_050,0.23399791443035198,1.0512961769645606,0.10208041297200172,0.0932123233716959,334,0.4999910317118668,3416.0,0.0,1.7172886298582084
2025,2,cumulative,0,slow_conflict_half,0.4712602913573744,1.930596872715802,0.1573437933286473,0.1441028098169921,288,0.8305980054527192,5661.0,0.0,1.819887039484633
2025,2,cumulative,0,chop_half,0.5047448748953829,2.043116827445213,0.17143590220687352,0.16247961522532153,236,0.9353834840005739,6833.0,0.0,1.7251338329170183
2025,2,cumulative,0,slow_conflict_half_matched_constant,0.41805762870925783,1.74644034061403,0.16378714955942503,0.1500229069337636,334,0.8305980054527196,5674.747358791771,0.0,1.7172886298582084
2025,2,cumulative,0,chop_half_matched_constant,0.4819415522937401,1.966765438489475,0.18244573570949052,0.1672752520462017,334,0.9353834840005737,6390.6545891553515,0.0,1.7172886298582084
2025,2,cumulative,1,baseline,0.3282533480113175,1.419324034820422,0.30055364944896684,0.2910642683127252,440,0.9999820634237336,6832.0,0.6832683191086997,1.1463280097723985
2025,2,cumulative,1,constant_075,0.2372623634011624,1.0645058372292526,0.23516514459795188,0.22739589167608237,440,0.7499865475678003,5124.0,0.5124384282175886,1.1463421270372818
2025,2,cumulative,1,constant_050,0.15250267815558002,0.7096790983260586,0.16366611879009363,0.15801196945515672,440,0.4999910317118668,3416.0,0.3416170786385021,1.1463562433687844
2025,2,cumulative,1,slow_conflict_half,0.3137560298888867,1.364451165141403,0.20752618682804047,0.20138294058147369,419,0.8305980054527192,5661.0,0.566145707574399,1.273438312914979
2025,2,cumulative,1,chop_half,0.31252306605510033,1.3597564473321886,0.26756978360850764,0.2609305989327769,438,0.9353834840005739,6833.0,0.6833603801130251,1.1359510315461026
2025,2,cumulative,1,slow_conflict_half_matched_constant,0.2659004589970254,1.1789184712305607,0.2568911935726566,0.24852673625686061,440,0.8305980054527196,5674.747358791771,0.5675218693834694,1.1463375750043834
2025,2,cumulative,1,chop_half_matched_constant,0.3041194219143174,1.3276402026689655,0.28421295441514705,0.2751331746070166,440,0.9353834840005737,6390.6545891553515,0.6391252358205096,1.1463316577482932
2025,2,cumulative,3,baseline,0.010530523343619256,0.05237731792041839,0.5576480576554498,0.5514672245979972,572,0.9999820634237336,6832.0,2.0502150360087024,0.04136307008929505
2025,2,cumulative,3,constant_075,0.007910794748471025,0.03939834229859948,0.45757118960374465,0.45189669920980186,572,0.7499865475678003,5124.0,1.5375459231482416,0.04148463714553022
2025,2,cumulative,3,constant_050,0.005282392641204118,0.026342448720393458,0.33487027097803523,0.3302396052019761,572,0.4999910317118668,3416.0,1.0249537282441672,0.041606180497861765
2025,2,cumulative,3,slow_conflict_half,0.04746931898602631,0.23188541317196207,0.4478931869818853,0.4437730425879853,567,0.8305980054527192,5661.0,1.6987114595438402,0.21211052535885613
2025,2,cumulative,3,chop_half,-0.0014642730378409126,-0.0073267306663498954,0.5359425944366443,0.5313611900795303,571,0.9353834840005739,6833.0,2.0504435581115636,-0.005990875825186413
2025,2,cumulative,3,slow_conflict_half_matched_constant,0.00875648314388819,0.0435918374490418,0.4920945401346831,0.4862068058055301,572,0.8305980054527196,5674.747358791771,1.7028485031649883,0.04144544024164155
2025,2,cumulative,3,chop_half_matched_constant,0.009854425271607929,0.049030935352522925,0.5337094115061362,0.5276177219484429,572,0.9353834840005737,6390.6545891553515,1.917734503136952,0.041394485160895826
2025,2,cumulative,5,baseline,-0.2312760196000277,-1.3151165353420102,0.7537136971491336,0.7500518803493217,1211,0.9999820634237336,6832.0,3.4177088892711307,-1.0154250693036346
2025,2,cumulative,5,constant_075,-0.17897635105315562,-0.9860168244679939,0.650324155007255,0.646432154236835,1211,0.7499865475678003,5124.0,2.562961089914835,-1.015102192742341
2025,2,cumulative,5,constant_050,-0.12315599913407124,-0.6571309028909055,0.5035974215151606,0.4999208734832488,1211,0.4999910317118668,3416.0,1.7084270798554662,-1.0147794192545012
2025,2,cumulative,5,slow_conflict_half,-0.1649045630230515,-0.9010463244088501,0.6379791616386148,0.6343255285181091,1211,0.8305980054527192,5661.0,2.8316431971246523,-0.8076753811867563
2025,2,cumulative,5,chop_half,-0.24041168818178282,-1.374893437237596,0.7528281624441012,0.7493219346971728,1211,0.9353834840005739,6833.0,3.418010264682809,-1.1002125013831214
2025,2,cumulative,5,slow_conflict_half_matched_constant,-0.1962141811325167,-1.0921121986795104,0.6876895321211793,0.6838374771891702,1211,0.8305980054527196,5674.747358791771,2.8385525392935405,-1.0152062935487793
2025,2,cumulative,5,chop_half_matched_constant,-0.2180866928045407,-1.2300570247307654,0.7303623103205314,0.7266140909657776,1211,0.9353834840005737,6390.6545891553515,3.19682246322024,-1.0153416284593677
2025,2,cumulative_simple_equity,0,baseline,0.4718773879719511,1.9326936031132753,0.199425889822797,0.18286944229498828,335,0.9999820634237336,6832.0,0.0,1.57814389181961
2025,2,cumulative_simple_equity,0,slow_conflict_half,0.4357223921157916,1.8083406584181827,0.15962858839400734,0.1459930483504155,295,0.8305980054527192,5661.0,0.0,1.7048447723647415
2025,2,cumulative_simple_equity,0,chop_half,0.4582136635693319,1.886060842538392,0.17615420533861664,0.16461665332620384,237,0.9353834840005739,6833.0,0.0,1.5925635025178948
2025,3,annual,0,baseline,0.3641355504420594,0.3105209316406229,0.13998527592993937,0.12705427512179687,70,1.0,1331.0,0.0,1.2565612698242554
2025,3,annual,0,constant_075,0.2622435069693504,0.2328906987304671,0.10694251444178338,0.09689045616265463,70,0.75,998.25,0.0,1.2565612698242556
2025,3,annual,0,constant_050,0.16796213570563126,0.15526046582031144,0.07263021179787152,0.06568435479319777,70,0.5,665.5,0.0,1.2565612698242554
2025,3,annual,0,slow_conflict_half,0.32163624007526276,0.2788705447730721,0.10757158502901694,0.09594342013758161,63,0.8266684558955091,1110.5,0.0,1.2977071349431546
2025,3,annual,0,chop_half,0.3796311448389293,0.32181617709314886,0.15213779147748593,0.13938951334137217,64,0.9424762927178386,1332.0,0.0,1.3597017267026388
2025,3,annual,0,slow_conflict_half_matched_constant,0.2926545039330415,0.2566978590825887,0.11720862269972582,0.10625008230193803,70,0.8266684558955094,1100.2957147969225,0.0,1.2565612698242554
2025,3,annual,0,chop_half_matched_constant,0.33998526343253854,0.29265861646394364,0.13249227470756753,0.1202042189994271,70,0.9424762927178386,1254.4359456074433,0.0,1.2565612698242559
2025,3,annual,1,baseline,0.19411774602152426,0.17740762486669023,0.1442750451804796,0.13106100360103734,105,1.0,1331.0,0.13311330677393274,0.7100718419730522
2025,3,annual,1,constant_075,0.14231649511598055,0.13305821391961742,0.11028545880124245,0.10000104853176761,105,0.75,998.25,0.0998324848108498,0.7100853532478756
2025,3,annual,1,constant_050,0.09276058288401705,0.08870713934858651,0.07494585629079009,0.06783091861243702,105,0.5,665.5,0.06655332647172496,0.7100988636293739
2025,3,annual,1,slow_conflict_half,0.18271377529015262,0.16781160753115348,0.1140406412320841,0.10207460854749903,102,0.8266684558955091,1110.5,0.11105893724191863,0.7729593376059936
2025,3,annual,1,chop_half,0.20756298972129122,0.18860427058467877,0.1563668910199214,0.14333957083126553,105,0.9424762927178386,1332.0,0.1332119065084701,0.788240631406803
2025,3,annual,1,slow_conflict_half_matched_constant,0.1579592565670082,0.14665919422008378,0.1208502714000378,0.1096425488185199,105,0.8266684558955094,1100.2957147969225,0.11003866486250488,0.71008120978854
2025,3,annual,1,chop_half_matched_constant,0.18199442465406682,0.16720320209805,0.13657106849565848,0.12401057942213997,105,0.9424762927178386,1254.4359456074433,0.12545541436589358,0.7100749509266561
2025,3,annual,3,baseline,-0.08506189542687644,-0.08889886126993535,0.2338596633900924,0.22821310374765166,192,1.0,1331.0,0.3994197929105583,-0.3480731754015054
2025,3,annual,3,constant_075,-0.06447899290024856,-0.06665167804202508,0.1810906361234581,0.17656818761084467,192,0.75,998.25,0.29954237677249224,-0.3479567439029849
2025,3,annual,3,constant_050,-0.04344737796316137,-0.044419476417160556,0.12469323546333276,0.12147359126352616,192,0.5,665.5,0.19967994223747204,-0.3478403351142998
2025,3,annual,3,slow_conflict_half,-0.052908820789462095,-0.05435990826559025,0.1607708216347745,0.14087722544134237,179,0.8266684558955091,1110.5,0.3332304530386624,-0.24529358515902114
2025,3,annual,3,chop_half,-0.07493475483845788,-0.07789100864743459,0.23863810533768925,0.23302676346954607,192,0.9424762927178386,1332.0,0.3997071857405834,-0.3184877788056989
2025,3,annual,3,slow_conflict_half_matched_constant,-0.07083850131126473,-0.07347271384668345,0.19764816013163947,0.19276281648786436,192,0.8266684558955094,1100.2957147969225,0.33017057292927204,-0.34799244798113466
2025,3,annual,3,chop_half_matched_constant,-0.08036513372946852,-0.08377857220709735,0.22202674064658617,0.2166239409945842,192,0.9424762927178386,1254.4359456074433,0.376437188671041,-0.34804638310381836
2025,3,annual,5,baseline,-0.2990452293646908,-0.3553119152341092,0.3449237305790716,0.3339451897572654,238,1.0,1331.0,0.6658328468747321,-1.3608386254642262
2025,3,annual,5,constant_075,-0.23388385577281356,-0.266421496417875,0.2718085089627559,0.2626746836950724,238,0.75,998.25,0.49931219514834213,-1.3605291462250975
2025,3,annual,5,constant_050,-0.16269988979613675,-0.17757271815362596,0.19056584312037833,0.18381137610445986,238,0.5,665.5,0.33283318397393746,-1.3602197658507362
2025,3,annual,5,slow_conflict_half,-0.24164448453493997,-0.27660298553028634,0.2826123981485848,0.2741847774574992,238,0.8266684558955091,1110.5,0.5554735303033584,-1.2226172130182702
2025,3,annual,5,chop_half,-0.291412435838578,-0.34448163657574843,0.348137966827644,0.3408150985105303,238,0.9424762927178386,1332.0,0.6662978136688973,-1.377938810253047
2025,3,annual,5,slow_conflict_half_matched_constant,-0.2544830682973016,-0.29367743316040773,0.29505588988590437,0.28530352485098476,238,0.8266684558955094,1100.2957147969225,0.5503752922429963,-1.36062404489363
2025,3,annual,5,chop_half_matched_constant,-0.2845581821616514,-0.33485500007979346,0.328776487686702,0.31817951985118015,238,0.9424762927178386,1254.4359456074433,0.6275136165437372,-1.360767407131762
2025,3,cumulative,0,baseline,0.5681173322300893,2.2493787417851117,0.17492919632128004,0.1554917060529471,144,0.9999820634237336,6728.0,0.0,1.8289735650557486
2025,3,cumulative,0,constant_075,0.4013090160965255,1.687034056338834,0.13429801278894665,0.11904659326411354,144,0.7499865475678003,5046.0,0.0,1.828973565055749
2025,3,cumulative,0,constant_050,0.2522449170310452,1.1246893708925558,0.09166591846462131,0.08102867621070303,144,0.4999910317118668,3364.0,0.0,1.8289735650557486
2025,3,cumulative,0,slow_conflict_half,0.4993879140260721,2.0252848375708514,0.143733694217119,0.12245502325503084,87,0.8310195149949777,5573.0,0.0,1.8977524552066305
2025,3,cumulative,0,chop_half,0.568127107849595,2.249409911611611,0.16248274987367814,0.15405760995623738,144,0.9395178648299612,6709.0,0.0,1.8952044535821893
2025,3,cumulative,0,slow_conflict_half_matched_constant,0.45333691336754695,1.869311160080465,0.1476826507821029,0.1310289051809065,144,0.8310195149949775,5591.199583863967,0.0,1.8289735650557486
2025,3,cumulative,0,chop_half_matched_constant,0.5260365496564636,2.1133694192876207,0.1652804191067592,0.1468177060881102,144,0.9395178648299611,6321.189575074886,0.0,1.8289735650557488
2025,3,cumulative,1,baseline,0.3706735927701084,1.5765114628150996,0.23578946637663784,0.2297125954998517,337,0.9999820634237336,6728.0,0.6728672789700121,1.2679515207668042
2025,3,cumulative,1,constant_075,0.2667812603074328,1.1823962131797519,0.1826444626001799,0.17777468567215635,337,0.7499865475678003,5046.0,0.504637843159082,1.2679653962262996
2025,3,cumulative,1,constant_050,0.17076163892001633,0.7882725522713885,0.12580530007207794,0.1223364548985255,337,0.4999910317118668,3364.0,0.33641681862116746,1.2679792707682025
2025,3,cumulative,1,slow_conflict_half,0.34123118716457945,1.4679399425962996,0.17300895238066671,0.1529199690441691,315,0.8310195149949777,5573.0,0.5573448949745519,1.3619955082399344
2025,3,cumulative,1,chop_half,0.3712051899374542,1.578450269072179,0.2122397978708835,0.20372721846121258,238,0.9395178648299612,6709.0,0.6709596425394325,1.3159169500572139
2025,3,cumulative,1,slow_conflict_half_matched_constant,0.299564161319729,1.3101447386591611,0.20026347478622,0.1949821586435576,337,0.8310195149949775,5591.199583863967,0.5591664214213043,1.2679608987675142
2025,3,cumulative,1,chop_half_matched_constant,0.34479046750942116,1.481191073397587,0.22326128098215847,0.21745964179784977,337,0.9395178648299611,6321.189575074886,0.6321783458900339,1.2679548767852844
2025,3,cumulative,3,baseline,0.04715254018168275,0.23037306952209421,0.4703795483575396,0.45999169408035584,562,0.9999820634237336,6728.0,2.0190056722630176,0.181271707173054
2025,3,cumulative,3,constant_075,0.03518347336022354,0.17289339977062543,0.3791450476841851,0.3700343631494617,562,0.7499865475678003,5046.0,1.5141406565682085,0.1813913354139919
2025,3,cumulative,3,constant_050,0.023335711247885867,0.11533798311649397,0.2722126706115285,0.26511013435723135,562,0.4999910317118668,3364.0,1.0093513877760618,0.18151094031237738
2025,3,cumulative,3,slow_conflict_half,0.0731477354403919,0.3529806932236419,0.38586762325561463,0.37552990128991687,564,0.8310195149949777,5573.0,1.6723041443472093,0.3210667113083414
2025,3,cumulative,3,chop_half,0.04836792587774554,0.23617299298755168,0.4590323729387632,0.4483750400060291,561,0.9395178648299612,6709.0,2.0132369186240595,0.19275507300268313
2025,3,cumulative,3,slow_conflict_half_matched_constant,0.039049761877903974,0.19153302490832969,0.41031833092156844,0.4007225524345318,562,0.8310195149949775,5591.199583863967,1.6777781351721353,0.1813525619503065
2025,3,cumulative,3,chop_half_matched_constant,0.044246511246746056,0.21647791735959385,0.44962294043536727,0.4394866874725483,562,0.9395178648299611,6321.189575074886,1.8968915019280268,0.1813006427354013
2025,3,cumulative,5,baseline,-0.20009381426985207,-1.1163041301396763,0.7240614163987078,0.7193687258524598,1211,0.9999820634237336,6728.0,3.3656828719247875,-0.8593170203344233
2025,3,cumulative,5,constant_075,-0.15412398141543063,-0.8369124012593855,0.6192021600369546,0.6143555532212535,1211,0.7499865475678003,5046.0,2.5239464575982193,-0.8589988872861447
2025,3,cumulative,5,constant_050,-0.10554997013804716,-0.5577312067954308,0.47456411002474774,0.47011528793706475,1211,0.4999910317118668,3364.0,1.6824205776879866,-0.8586808559271385
2025,3,cumulative,5,slow_conflict_half,-0.1414132942203615,-0.7623380345659067,0.6225151870429375,0.6166226877458911,1211,0.8310195149949777,5573.0,2.787622872136758,-0.6797007859951554
2025,3,cumulative,5,chop_half,-0.198536927733565,-1.1065819063674631,0.7310656401683192,0.7263006711302582,1211,0.9395178648299612,6709.0,3.355991817979074,-0.8840956671940245
2025,3,cumulative,5,slow_conflict_half_matched_constant,-0.16930297758238183,-0.9274507228458924,0.6569482369027372,0.6521069451116239,1211,0.8310195149949775,5591.199583863967,2.796761882926358,-0.8591019950541641
2025,3,cumulative,5,chop_half_matched_constant,-0.18920672965081062,-1.0487108222603534,0.7017024622120654,0.6969387270107729,1211,0.9395178648299611,6321.189575074886,3.162080241547974,-0.8592400669890022
2025,3,cumulative_simple_equity,0,baseline,0.5172267358213086,2.084420762473555,0.17755313657882157,0.16178976396504516,144,0.9999820634237336,6728.0,0.0,1.6953949471617682
2025,3,cumulative_simple_equity,0,slow_conflict_half,0.46454794051478493,1.9077331091156366,0.14594172456151824,0.12448453971761415,88,0.8310195149949777,5573.0,0.0,1.7887708205711472
2025,3,cumulative_simple_equity,0,chop_half,0.5206412899801985,2.095660735928088,0.1681901575398455,0.1599096587219991,163,0.9395178648299612,6709.0,0.0,1.7672255676222073
2025,4,annual,0,baseline,0.47818735865035134,0.39081657947871395,0.13777145566669866,0.11485169350813167,42,1.0,1315.0,0.0,1.5601059400859756
2025,4,annual,0,constant_075,0.34059351106570707,0.29311243460903547,0.10521891028041482,0.08743873179640808,42,0.75,986.25,0.0,1.5601059400859756
2025,4,annual,0,constant_050,0.21580728680591124,0.19540828973935698,0.07143737726887728,0.05917679317957492,42,0.5,657.5,0.0,1.5601059400859756
2025,4,annual,0,slow_conflict_half,0.42336804758525903,0.35302592767917007,0.11915654837939531,0.11032927938004618,56,0.829262837716944,1091.5,0.0,1.6392591302693549
2025,4,annual,0,chop_half,0.4430838353410926,0.36678237605358843,0.13128843970028536,0.11251238030503617,44,0.9467257112184648,1325.0,0.0,1.5029413965717537
2025,4,annual,0,slow_conflict_half_matched_constant,0.38277128875154104,0.3240896657253478,0.11567063668212516,0.09622073500574725,42,0.829262837716944,1090.4806315977812,0.0,1.5601059400859758
2025,4,annual,0,chop_half_matched_constant,0.447728974536165,0.36999610416295303,0.130935385413781,0.10907996507101642,42,0.9467257112184645,1244.9443102522812,0.0,1.5601059400859754
2025,4,annual,1,baseline,0.29602700217695244,0.25930343272611767,0.1424154042692948,0.11926682952974159,56,1.0,1315.0,0.13151314675259618,1.0242683393476046
2025,4,annual,1,constant_075,0.21467923741128694,0.19448003980718664,0.10883571598534575,0.09085468384152762,56,0.75,986.25,0.0986323948018488,1.0242815934341605
2025,4,annual,1,constant_050,0.1384355590221301,0.12965500327029886,0.0739412398098623,0.06152603088970927,56,0.5,657.5,0.06575328646905809,1.024294846644087
2025,4,annual,1,slow_conflict_half,0.2761747608450211,0.24386713545433708,0.12687464107618748,0.11794830769613117,76,0.829262837716944,1091.5,0.1091587922248329,1.1213775632734857
2025,4,annual,1,chop_half,0.26398631261504774,0.23427046703870003,0.13588081602304206,0.12011270842020283,77,0.9467257112184648,1325.0,0.13251190901488835,0.949949465610894
2025,4,annual,1,slow_conflict_half_matched_constant,0.23990227007329787,0.21503256205390514,0.1196221542634884,0.09996063917315838,56,0.829262837716944,1090.4806315977812,0.10905710367144264,1.0242773913030254
2025,4,annual,1,chop_half_matched_constant,0.27824736034769154,0.24548988992416051,0.13536740182597096,0.11328768121709402,56,0.9467257112184645,1244.9443102522812,0.12450621423879256,1.0242711638292477
2025,4,annual,3,baseline,-0.0037945552666039705,-0.003801772855585056,0.21176125351766334,0.20052208808549007,195,1.0,1315.0,0.394618352334299,-0.01470291441208944
2025,4,annual,3,constant_075,-0.0028251336980516517,-0.0028291319203748583,0.16343373869405467,0.1545044894266189,195,0.75,986.25,0.29594156652941017,-0.014588486390199757
2025,4,annual,3,constant_050,-0.0018695426500446512,-0.0018712924260988993,0.1121527847651898,0.10584699806296548,195,0.5,657.5,0.19727958216545582,-0.01447408071108165
2025,4,annual,3,slow_conflict_half,0.025824603214488935,0.025496780101951652,0.14504936426508339,0.13332191335616048,179,0.829262837716944,1091.5,0.3275291475772184,0.11495754360726419
2025,4,annual,3,chop_half,-0.030354591301743974,-0.03082483236037295,0.21255839589811978,0.20074960096355657,209,0.9467257112184648,1325.0,0.39760720841396135,-0.1223860439586232
2025,4,annual,3,slow_conflict_half_matched_constant,-0.003130994536555639,-0.0031359063552140742,0.17906753440749584,0.16937329324984138,195,0.829262837716944,1090.4806315977812,0.3272255720805618,-0.014624763529827821
2025,4,annual,3,chop_half_matched_constant,-0.0035868165648807945,-0.0035932646146812283,0.20170180271021937,0.1909299555308467,195,0.9467257112184645,1244.9443102522812,0.37358936877763427,-0.014678528252495403
2025,4,annual,5,baseline,-0.23433631924849935,-0.2670122647273499,0.3499840788563805,0.33603271379593136,238,1.0,1315.0,0.6578288442060638,-1.0109471517178623
2025,4,annual,5,constant_075,-0.18143093798473597,-0.2001975094136736,0.2760430103302074,0.26442029096755404,238,0.75,986.25,0.493309944022709,-1.0106424434459866
2025,4,annual,5,constant_050,-0.12490593356110406,-0.13342389390112208,0.19371542291483815,0.18510877319325467,238,0.5,657.5,0.32883218364047906,-1.0103378326861876
2025,4,annual,5,slow_conflict_half,-0.17547183336609581,-0.19294397548727452,0.2544504650067506,0.24753039308097186,238,0.829262837716944,1091.5,0.5459699031664446,-0.8528498847769234
2025,4,annual,5,chop_half,-0.25622410127867623,-0.29601550091837947,0.3510538069610466,0.3388752216280705,238,0.9467257112184648,1325.0,0.6627978769719679,-1.150656334493878
2025,4,annual,5,slow_conflict_half_matched_constant,-0.19858531989175043,-0.22137676286919256,0.30035175344098525,0.28792169924024497,238,0.829262837716944,1090.4806315977812,0.5454664285945403,-1.0107390410555452
2025,4,annual,5,chop_half_matched_constant,-0.2233541159027887,-0.25277078012163867,0.33488666686812973,0.32137946249093785,238,0.9467257112184645,1244.9443102522812,0.6227668842845917,-1.0108822110735864
2025,4,cumulative,0,baseline,0.7351608647001987,2.75550063253642,0.1619189265520347,0.14986473330537106,203,0.9999820634237336,6740.0,0.0,2.126752833190867
2025,4,cumulative,0,constant_075,0.5118364363377134,2.066625474402315,0.1240798346257018,0.11464789439023546,203,0.7499865475678003,5055.0,0.0,2.126752833190867
2025,4,cumulative,0,constant_050,0.3172550492217514,1.37775031626821,0.0845323198233783,0.07797219852402013,203,0.4999910317118668,3370.0,0.0,2.126752833190867
2025,4,cumulative,0,slow_conflict_half,0.6308420320801031,2.445482327666312,0.137555878462023,0.12174620825799745,93,0.8310105467068446,5579.0,0.0,2.156862773045391
2025,4,cumulative,0,chop_half,0.6980000681626679,2.6472556401603438,0.1541870981035219,0.1470416077829767,203,0.9391591333046349,6722.0,0.0,2.1001421154785054
2025,4,cumulative,0,slow_conflict_half_matched_constant,0.5808745901779894,2.2898911599025773,0.13652704226957216,0.12621867101835185,203,0.8310105467068448,5601.111549568618,0.0,2.1267528331908676
2025,4,cumulative,0,chop_half_matched_constant,0.6779620654512165,2.5879000039390676,0.1528660540083118,0.141427737039706,203,0.9391591333046349,6330.046097827842,0.0,2.1267528331908676
2025,4,cumulative,1,baseline,0.5163204548510841,2.0814332335504053,0.24009534157452916,0.22009327209703305,319,0.9999820634237336,6740.0,0.6740673989860145,1.5901792265083783
2025,4,cumulative,1,constant_075,0.36645188140995144,1.561087563736482,0.18610103750504509,0.17008585862562967,319,0.7499865475678003,5055.0,0.5055379106658328,1.5901925072808922
2025,4,cumulative,1,constant_050,0.23139379380155123,1.0407334676450426,0.1282717781039409,0.11687356206969089,319,0.4999910317118668,3370.0,0.3370168486231676,1.5902057871746453
2025,4,cumulative,1,slow_conflict_half,0.45864433987958125,1.8875373501807586,0.15839146772481483,0.148191627726828,247,0.8310105467068446,5579.0,0.5579449774855534,1.6499009014842425
2025,4,cumulative,1,chop_half,0.48438294183836383,1.9749957925883224,0.22522709876466795,0.2186914145461029,239,0.9391591333046349,6722.0,0.6722598475720212,1.5516295170065204
2025,4,cumulative,1,slow_conflict_half_matched_constant,0.41332727216834236,1.7297334600321284,0.2040080876557564,0.18663481207238636,319,0.8310105467068448,5601.111549568618,0.5601576998704494,1.5901882030547396
2025,4,cumulative,1,chop_half_matched_constant,0.4784100045836861,1.9548359452604327,0.22729775806010183,0.2082110787504607,319,0.9391591333046349,6330.046097827842,0.6330640586786344,1.5901824577492247
2025,4,cumulative,3,baseline,0.1578661392521067,0.7328938798412084,0.4882504470980949,0.482332202888266,583,0.9999820634237336,6740.0,2.0226067526952116,0.5485487137615359
2025,4,cumulative,3,constant_075,0.11622989520337611,0.549784210151795,0.39492258915985784,0.38968195232532626,583,0.7499865475678003,5055.0,1.5168412642505198,0.5486635516524027
2025,4,cumulative,3,constant_050,0.07607453704564399,0.366598658438136,0.284594104397663,0.2804692262227137,583,0.4999910317118668,3370.0,1.0111516578300739,0.5487783670980693
2025,4,cumulative,3,slow_conflict_half,0.16681228541034954,0.7713774405219758,0.38353288110951483,0.37225848427424274,563,0.8310105467068446,5579.0,1.6741048871443363,0.6621713280687062
2025,4,cumulative,3,chop_half,0.1343086825874348,0.6301168756560966,0.48417346826828495,0.47852172436990675,583,0.9391591333046349,6722.0,2.0171387645042467,0.48542801998565166
2025,4,cumulative,3,slow_conflict_half_matched_constant,0.12955950663622223,0.6091386979485596,0.42689696016386564,0.4213944486473376,583,0.8310105467068448,5601.111549568618,1.680752461954018,0.5486263349429157
2025,4,cumulative,3,chop_half_matched_constant,0.14759701047255658,0.6883510004801153,0.4669607358257456,0.461173251164155,583,0.9391591333046349,6330.046097827842,1.8995490034589522,0.5485766554372385
2025,4,cumulative,5,baseline,-0.11594592577540547,-0.6161852413898691,0.6854910903754533,0.6819705591124732,887,0.9999820634237336,6740.0,3.3716858739262885,-0.45178811608934555
2025,4,cumulative,5,constant_075,-0.08822728347914333,-0.46182267154012935,0.57997547537599,0.5764544702137626,887,0.7499865475678003,5055.0,2.5284481459424444,-0.45148185301784216
2025,4,cumulative,5,constant_050,-0.05967921597606902,-0.3076710116698704,0.43910309399977976,0.43597312746574385,887,0.4999910317118668,3370.0,1.6854213279380803,-0.4511756881087899
2025,4,cumulative,5,slow_conflict_half,-0.06669993957708188,-0.34514260834642546,0.5855291912568886,0.5792422531288167,886,0.8310105467068446,5579.0,2.7906249360127378,-0.29091679563503725
2025,4,cumulative,5,chop_half,-0.13328776084174498,-0.7152413068950214,0.6940426133457316,0.6888726079553399,1211,0.9391591333046349,6722.0,3.362496947055365,-0.5402319181472814
2025,4,cumulative,5,slow_conflict_half_matched_constant,-0.09730067167268298,-0.5118287537453672,0.6175650311980377,0.6140110795745112,887,0.8310105467068448,5601.111549568618,2.8017199136479447,-0.45158110267928814
2025,4,cumulative,5,chop_half_matched_constant,-0.10927719236725618,-0.5786100122919156,0.6625541030273698,0.6590078514769651,887,0.9391591333046349,6330.046097827842,3.1665100162309825,-0.4517135944443677
2025,4,cumulative_simple_equity,0,baseline,0.681451673650193,2.5982875588075567,0.17197805634873725,0.16040952142974732,206,0.9999820634237336,6740.0,0.0,2.0073024870340457
2025,4,cumulative_simple_equity,0,slow_conflict_half,0.5939062702614122,2.3309388852327615,0.14019888972203626,0.12431907659251158,93,0.8310105467068446,5579.0,0.0,2.056823860868124
2025,4,cumulative_simple_equity,0,chop_half,0.6492369415672347,2.5015636064441047,0.16389174033340223,0.15682180741282076,206,0.9391591333046349,6722.0,0.0,1.9875097908950663
